n_hops,threshold,mean_entropy,median_entropy,q25_entropy,simulation_time,std_mean,std_median,std_q25,raw_means,raw_medians,raw_q25s,raw_times
2,5,0.0,0.0,0.0,12.601962995529174,0.0,0.0,0.0,"[0, 0, 0, 0, 0, 0, 0, 0, 0, 0]","[0, 0, 0, 0, 0, 0, 0, 0, 0, 0]","[0, 0, 0, 0, 0, 0, 0, 0, 0, 0]","[12.881801128387451, 12.093526840209961, 12.752527236938477, 12.725521564483643, 12.700687646865845, 13.135788917541504, 12.180538177490234, 12.422780990600586, 12.81119155883789, 12.315265893936157]"
2,10,4.306232268348679,4.689955935892811,4.455458139097234,14.499190425872802,0.4692108772697887,7.50672791542944e-15,0.7415471441620769,"[np.float64(4.689955935892768), np.float64(4.263596305355859), np.float64(3.410877044285675), np.float64(3.8372366748210207), np.float64(4.689955935892648), np.float64(4.68995593528851), np.float64(3.8372366748208533), np.float64(4.263596305349197), np.float64(4.689955935892733), np.float64(4.689955935887524)]","[np.float64(4.689955935892813), np.float64(4.6899559358928125), np.float64(4.689955935892811), np.float64(4.689955935892789), np.float64(4.689955935892813), np.float64(4.689955935892813), np.float64(4.689955935892813), np.float64(4.689955935892813), np.float64(4.689955935892813), np.float64(4.689955935892813)]","[np.float64(4.689955935892787), np.float64(4.689955935890054), np.float64(2.344977967946378), np.float64(4.689955935890847), np.float64(4.689955935892586), np.float64(4.689955935892785), np.float64(4.689955935889846), np.float64(4.689955935891463), np.float64(4.689955935892788), np.float64(4.6899559358928125)]","[14.823569774627686, 14.602734088897705, 14.34787130355835, 14.397256135940552, 15.030580997467041, 14.938371896743774, 14.092614650726318, 14.298443794250488, 14.072020292282104, 14.388441324234009]"
2,15,5.107648062197458,5.300390024146621,5.300390007845745,14.504904103279113,0.24882876545059926,1.1568045742065065e-09,2.837271668879287e-08,"[np.float64(5.300390004629179), np.float64(5.300390012606493), np.float64(5.30039001764571), np.float64(4.818536382737869), np.float64(5.300390002863515), np.float64(5.300389988354312), np.float64(4.818535707469501), np.float64(5.300389944649994), np.float64(4.818536374831942), np.float64(4.818532186186068)]","[np.float64(5.300390024383842), np.float64(5.300390024976031), np.float64(5.30039002489964), np.float64(5.3003900215346755), np.float64(5.300390023725175), np.float64(5.300390024176735), np.float64(5.300390022942881), np.float64(5.300390025118735), np.float64(5.300390025264301), np.float64(5.300390024444197)]","[np.float64(5.3003900192298765), np.float64(5.300390021771001), np.float64(5.30039002342718), np.float64(5.300390017193429), np.float64(5.300390005827957), np.float64(5.300390013006426), np.float64(5.300390008877588), np.float64(5.300390016406262), np.float64(5.300390023811626), np.float64(5.300389928906101)]","[14.06835412979126, 15.8612380027771, 14.070715188980103, 14.322482585906982, 14.093288898468018, 14.362228870391846, 14.58458399772644, 14.378532886505127, 14.789660930633545, 14.517955541610718]"
2,20,5.586499647982739,5.689955733092871,5.689954056589919,14.256297779083251,0.21809960992589078,1.306347572529476e-07,1.1894918856547032e-06,"[np.float64(5.6899544646959646), np.float64(5.689954684221561), np.float64(5.689954135529788), np.float64(5.689951430422557), np.float64(5.172685465357892), np.float64(5.689953269293746), np.float64(5.689949896307232), np.float64(5.172684001638164), np.float64(5.68995486307528), np.float64(5.6899542692852085)]","[np.float64(5.6899558311542044), np.float64(5.6899554613358525), np.float64(5.689955850295133), np.float64(5.689955723770961), np.float64(5.689955807743344), np.float64(5.689955794147544), np.float64(5.689955648949587), np.float64(5.689955618560804), np.float64(5.6899557012908435), np.float64(5.689955893680436)]","[np.float64(5.689955497791682), np.float64(5.689954280371117), np.float64(5.6899547059231095), np.float64(5.689953661627118), np.float64(5.689952389451764), np.float64(5.689955064269293), np.float64(5.689954474620875), np.float64(5.689951652055717), np.float64(5.689954503460763), np.float64(5.6899543363277445)]","[13.937580347061157, 14.807295560836792, 13.926700353622437, 14.481679201126099, 14.757665395736694, 14.287028789520264, 14.10302448272705, 13.72631549835205, 14.239148616790771, 14.296539545059204]"
2,25,5.588745563816358,6.027226483744872,6.0271245778738525,14.468794417381286,0.43210243282366145,1.3009219466868822e-05,8.743127876931778e-05,"[np.float64(5.479249115381775), np.float64(5.479284753259538), np.float64(6.026150861087961), np.float64(4.93132620021922), np.float64(6.027195885518902), np.float64(5.479210932310907), np.float64(6.0272143661154445), np.float64(4.9313326852649615), np.float64(5.479279775240735), np.float64(6.0272110637641445)]","[np.float64(6.0272342248646), np.float64(6.027228363933402), np.float64(6.027236630322067), np.float64(6.027227418100841), np.float64(6.02722139319973), np.float64(6.027225287821011), np.float64(6.027228363933402), np.float64(6.027192343758054), np.float64(6.027235759102242), np.float64(6.027235052413378)]","[np.float64(6.027066514143617), np.float64(6.027198127422797), np.float64(6.027113088169376), np.float64(6.026980207293287), np.float64(6.027187885765011), np.float64(6.027020728536319), np.float64(6.027215228978021), np.float64(6.027060457724385), np.float64(6.027200486232111), np.float64(6.0272030544735955)]","[14.432586908340454, 14.305245161056519, 15.090236902236938, 13.99765419960022, 14.269684791564941, 14.07638669013977, 14.433062314987183, 14.053542852401733, 14.867080211639404, 15.162464141845703]"
2,30,5.989079802684657,6.274807099143489,6.274207967539495,14.349946212768554,0.3004456741629616,3.84590401327331e-05,0.0006517803305237441,"[np.float64(6.274392043994467), np.float64(6.274475179494243), np.float64(5.704216915034743), np.float64(5.704313135078203), np.float64(5.704189181522829), np.float64(5.703386841532052), np.float64(6.274625181688514), np.float64(6.2724645422971825), np.float64(6.274577547180902), np.float64(5.704157459023427)]","[np.float64(6.274853517048058), np.float64(6.274743651969157), np.float64(6.274775013789665), np.float64(6.274811861394049), np.float64(6.274870240714835), np.float64(6.274811861394049), np.float64(6.274839270712499), np.float64(6.274788524804194), np.float64(6.274788524804194), np.float64(6.274788524804194)]","[np.float64(6.274286108801849), np.float64(6.274526142281644), np.float64(6.274526142281644), np.float64(6.274619531035164), np.float64(6.274152593202589), np.float64(6.272422267961259), np.float64(6.274467512753992), np.float64(6.274113123175236), np.float64(6.274596757088608), np.float64(6.274369496812964)]","[13.818660259246826, 14.402502059936523, 14.17232632637024, 13.461721658706665, 15.032468795776367, 14.490837097167969, 15.020255088806152, 14.840498208999634, 13.516660690307617, 14.743531942367554]"
2,35,6.091014652885125,6.507477440234295,6.504960314364084,14.26065764427185,0.4869641010283398,0.0005156182693589058,0.002350035678312507,"[np.float64(6.507277324234721), np.float64(5.913740578711472), np.float64(5.91493961160258), np.float64(5.324194324826559), np.float64(6.50696563999172), np.float64(5.322815191142364), np.float64(6.506619469015812), np.float64(6.506774217689337), np.float64(6.500475141227768), np.float64(5.9063450304089224)]","[np.float64(6.50783121871887), np.float64(6.507696897716749), np.float64(6.506655855916094), np.float64(6.5079923591518485), np.float64(6.507869033644858), np.float64(6.506513132068932), np.float64(6.507303285752183), np.float64(6.507869033644858), np.float64(6.507586798939214), np.float64(6.507456786789347)]","[np.float64(6.506787276421164), np.float64(6.505318322297683), np.float64(6.504966321580929), np.float64(6.504989917589122), np.float64(6.506584493992513), np.float64(6.499372818262634), np.float64(6.506007212974451), np.float64(6.507145720133192), np.float64(6.505858342202153), np.float64(6.502572718186995)]","[14.551403999328613, 14.758607625961304, 14.495768547058105, 13.889522790908813, 14.45899248123169, 14.469495296478271, 13.485346794128418, 14.475084781646729, 13.37357783317566, 14.648776292800903]"
2,40,6.3787178737050025,6.687431872348232,6.681585342923166,14.212884140014648,0.42924811146087116,0.0014522778299586767,0.003432271513395378,"[np.float64(6.67876753319588), np.float64(6.683854512095573), np.float64(6.076693557243385), np.float64(6.078179285269012), np.float64(6.685303057047364), np.float64(6.686517179361155), np.float64(6.684588300072451), np.float64(5.469313279345576), np.float64(6.068496188462699), np.float64(6.675465844956929)]","[np.float64(6.687874985475954), np.float64(6.688404185461263), np.float64(6.686881075730273), np.float64(6.6876614172808075), np.float64(6.687426080232626), np.float64(6.689005455793431), np.float64(6.686566323729039), np.float64(6.683881475329617), np.float64(6.688548939231119), np.float64(6.688068785218192)]","[np.float64(6.677817920843804), np.float64(6.683767602047832), np.float64(6.681339475236058), np.float64(6.685653777781122), np.float64(6.682443778966009), np.float64(6.6856657799397485), np.float64(6.68351247288623), np.float64(6.677390897471097), np.float64(6.675991354233357), np.float64(6.68227036982641)]","[13.159390926361084, 14.839914321899414, 14.596415042877197, 13.080082416534424, 14.761879205703735, 13.4263756275177, 15.544661045074463, 14.039710521697998, 13.371099472045898, 15.30931282043457]"
2,45,6.416938388381936,6.8596929096214065,6.845633154295049,14.25160481929779,0.41704206564258334,0.002570375502354854,0.009761538198148647,"[np.float64(6.855274183089768), np.float64(5.607224832818816), np.float64(6.234109236270979), np.float64(6.235341047919383), np.float64(6.234673637019546), np.float64(6.231575443163595), np.float64(6.2352668428172535), np.float64(6.851364554372742), np.float64(6.8413044326734855), np.float64(6.843249673673792)]","[np.float64(6.8590117218877165), np.float64(6.853991843946174), np.float64(6.861147012015989), np.float64(6.861147012015989), np.float64(6.858170264045336), np.float64(6.860494795061323), np.float64(6.8617460505792085), np.float64(6.863265407438009), np.float64(6.858170264045336), np.float64(6.859784725178985)]","[np.float64(6.851062602715372), np.float64(6.833182599949572), np.float64(6.850420208587915), np.float64(6.851247573792071), np.float64(6.848960726688725), np.float64(6.853783278906683), np.float64(6.851247573792071), np.float64(6.853521222057873), np.float64(6.83620970469843), np.float64(6.8266960517617825)]","[13.209412097930908, 15.372124910354614, 13.580935716629028, 15.180886507034302, 13.745535850524902, 15.666729211807251, 13.423263549804688, 13.428780555725098, 15.567834377288818, 13.340545415878296]"
2,50,6.601834157071637,6.9932126237559356,6.9715547083350735,14.568055748939514,0.43974447128067057,0.004068825430140004,0.010396876757355383,"[np.float64(6.984268297455688), np.float64(5.718323628085268), np.float64(6.352329056957146), np.float64(6.984663809300372), np.float64(6.988498544801754), np.float64(6.99235618348886), np.float64(6.3525041469065835), np.float64(6.941727029164486), np.float64(6.349533708958938), np.float64(6.354137165597274)]","[np.float64(6.995606842169121), np.float64(6.99395955866431), np.float64(6.997103913694126), np.float64(6.992147165104244), np.float64(6.995606842169121), np.float64(6.999700487255992), np.float64(6.990153307198931), np.float64(6.990153307198931), np.float64(6.985547649000342), np.float64(6.992147165104244)]","[np.float64(6.960187410373159), np.float64(6.952970816095021), np.float64(6.971303381084378), np.float64(6.970198027422373), np.float64(6.971303381084378), np.float64(6.987520850293461), np.float64(6.979394823481565), np.float64(6.982894535482679), np.float64(6.965102985081183), np.float64(6.97467087295254)]","[13.315296173095703, 16.102503061294556, 13.28762698173523, 16.60005807876587, 13.603908061981201, 13.414084196090698, 16.292935609817505, 13.352843761444092, 13.417785406112671, 16.293516159057617]"
2,55,6.8425330079113245,7.115735806064107,7.078443578572671,14.27413260936737,0.45059368210204936,0.01464909666059462,0.023288599822948734,"[np.float64(5.81599679203898), np.float64(7.110660454329561), np.float64(7.10559119841034), np.float64(6.449872840754401), np.float64(7.09368025218231), np.float64(6.453139097655597), np.float64(7.103569674848071), np.float64(7.107707253510062), np.float64(7.086306451825025), np.float64(7.098806063558893)]","[np.float64(7.113830771741037), np.float64(7.105795491564907), np.float64(7.117360949770034), np.float64(7.090850304239381), np.float64(7.13321214323842), np.float64(7.096262474021185), np.float64(7.1311045366034), np.float64(7.113830771741037), np.float64(7.128807236719231), np.float64(7.126303381002438)]","[np.float64(7.0409383713721905), np.float64(7.093556389130283), np.float64(7.075047833629747), np.float64(7.0409383713721905), np.float64(7.0926929510116), np.float64(7.060911659009911), np.float64(7.087903664755314), np.float64(7.087903664755314), np.float64(7.103513897897107), np.float64(7.101028982793046)]","[13.848860263824463, 13.305970907211304, 16.118308782577515, 13.316351413726807, 13.212398290634155, 16.171311616897583, 13.50611400604248, 13.379741907119751, 15.914788722991943, 13.967480182647705]"
2,60,6.93394299379693,7.211591688405347,7.171861197529792,14.435292768478394,0.45441377838383573,0.012192482769563674,0.02416015819595338,"[np.float64(6.541706472708582), np.float64(7.201864545167405), np.float64(6.531492796333513), np.float64(7.189143678759613), np.float64(7.207465750465952), np.float64(7.1980520047097025), np.float64(5.90201532961455), np.float64(7.210999335069055), np.float64(7.174218349793697), np.float64(7.182471675347231)]","[np.float64(7.198255653618421), np.float64(7.235628014857605), np.float64(7.198255653618421), np.float64(7.217317994373531), np.float64(7.217317994373531), np.float64(7.198255653618421), np.float64(7.205216881120988), np.float64(7.211552490952995), np.float64(7.211552490952995), np.float64(7.2225640565665685)]","[np.float64(7.162351711353671), np.float64(7.192266592952034), np.float64(7.115531468489737), np.float64(7.174989190687345), np.float64(7.193712101184341), np.float64(7.168882027674043), np.float64(7.154820463173656), np.float64(7.197912440411303), np.float64(7.177594008099383), np.float64(7.180551971272408)]","[13.417624711990356, 13.257004976272583, 16.3118793964386, 13.754531860351562, 14.061734676361084, 16.01788592338562, 14.000911712646484, 13.474729299545288, 13.678705215454102, 16.377919912338257]"
2,65,7.08479019820628,7.306265246649397,7.244221896143184,14.23115062713623,0.4424709558233822,0.015894903005103194,0.03537225251436379,"[np.float64(6.632984918030823), np.float64(7.298380146063047), np.float64(7.2839842131301396), np.float64(7.2828987912841905), np.float64(7.294965516329044), np.float64(7.256845057061739), np.float64(5.96725343173606), np.float64(7.274313430916595), np.float64(7.278249931801062), np.float64(7.2780265457101)]","[np.float64(7.301047552124759), np.float64(7.323035134608235), np.float64(7.323035134608235), np.float64(7.309018489330896), np.float64(7.292358349606685), np.float64(7.282887228199705), np.float64(7.282887228199705), np.float64(7.309018489330896), np.float64(7.323035134608235), np.float64(7.316329725876614)]","[np.float64(7.2389418021686005), np.float64(7.270709284171471), np.float64(7.287622788903195), np.float64(7.213240107559046), np.float64(7.235707332397974), np.float64(7.192264698271092), np.float64(7.204613204474515), np.float64(7.26694078745275), np.float64(7.296702950865722), np.float64(7.235476005167475)]","[13.15969181060791, 13.551406621932983, 16.53294801712036, 13.18092656135559, 13.196373462677002, 13.160388946533203, 16.749760627746582, 14.351364850997925, 14.33220362663269, 14.096441745758057]"
2,70,6.7841005508908445,7.340654318361959,7.204068711135917,14.499782872200011,0.523743256058672,0.019450333129673036,0.06775695804684961,"[np.float64(7.343179950355951), np.float64(6.650377382013479), np.float64(7.269339753076796), np.float64(6.663309888704545), np.float64(7.337622677716258), np.float64(6.659960531358666), np.float64(5.9692166865040965), np.float64(5.9974140521851265), np.float64(7.299673583256384), np.float64(6.650911003737146)]","[np.float64(7.3597441197869395), np.float64(7.3597441197869395), np.float64(7.372174116141463), np.float64(7.331115097424381), np.float64(7.346096800067323), np.float64(7.3146709677482304), np.float64(7.3146709677482304), np.float64(7.331115097424381), np.float64(7.331115097424381), np.float64(7.346096800067323)]","[np.float64(7.286723326984751), np.float64(7.160760303519926), np.float64(7.238082389513807), np.float64(7.23654765599111), np.float64(7.296624386545601), np.float64(7.215784106790485), np.float64(7.070840850774234), np.float64(7.1432971706632395), np.float64(7.188158149329659), np.float64(7.203868771246352)]","[16.875329971313477, 13.298766136169434, 13.262085437774658, 13.433649063110352, 17.370591402053833, 13.586906433105469, 13.085830450057983, 13.844277143478394, 16.92532992362976, 13.315062761306763]"
2,75,6.638663725948463,7.398006595028939,6.549915872095504,14.42711009979248,0.7389769918911067,0.051308696613356033,1.5905293397543558,"[np.float64(5.366183925724461), np.float64(6.736928956282235), np.float64(7.341029934966951), np.float64(6.662780309190441), np.float64(6.741659375017023), np.float64(7.4206826910423365), np.float64(6.7164121473359355), np.float64(5.356309079145441), np.float64(7.357727819016147), np.float64(6.68692302176366)]","[np.float64(7.338765606798408), np.float64(7.416527185416951), np.float64(7.492642983499954), np.float64(7.360788317355586), np.float64(7.3995274508774855), np.float64(7.47153515443709), np.float64(7.3995274508774855), np.float64(7.38099309711401), np.float64(7.38099309711401), np.float64(7.338765606798408)]","[np.float64(3.579228895521198), np.float64(7.349776962076997), np.float64(7.2719221415531194), np.float64(7.248611698920403), np.float64(7.305036293452064), np.float64(7.37764639610768), np.float64(7.349776962076997), np.float64(3.4877752932669543), np.float64(7.274365237411058), np.float64(7.255018840568566)]","[13.456314086914062, 14.19483470916748, 16.830642223358154, 13.482988119125366, 13.879868745803833, 13.118799686431885, 13.53233528137207, 18.37265396118164, 13.188799619674683, 14.21386456489563]"
2,80,6.857807532966393,7.423452070298323,7.215841205594433,14.20391879081726,0.6045792025833568,0.0637980728610161,0.11491054411801872,"[np.float64(6.029799944228771), np.float64(7.4044000356713875), np.float64(7.340267037230694), np.float64(7.422527432522225), np.float64(6.074107827222105), np.float64(7.3816403964453885), np.float64(7.3575478925762345), np.float64(6.09201556824976), np.float64(6.73149860262254), np.float64(6.744270592894825)]","[np.float64(7.486422000141683), np.float64(7.444226978004874), np.float64(7.297298663319044), np.float64(7.420005708240847), np.float64(7.3642937975054), np.float64(7.39343562492294), np.float64(7.486422000141683), np.float64(7.504753327778939), np.float64(7.444226978004874), np.float64(7.39343562492294)]","[np.float64(6.978111888979043), np.float64(7.21477578200593), np.float64(7.193727254420949), np.float64(7.345367144120992), np.float64(7.208710539721547), np.float64(7.278094023211263), np.float64(7.362886188971164), np.float64(7.110463985543635), np.float64(7.170662180908376), np.float64(7.295613068061435)]","[13.592647314071655, 17.070889711380005, 13.212145805358887, 13.223193168640137, 13.275704145431519, 13.884434938430786, 17.283912897109985, 13.425554513931274, 13.282886981964111, 13.787818431854248]"
2,85,7.1076884765804325,7.4130618148744425,7.235052000412928,14.500011825561524,0.4503439417522415,0.08215907186423534,0.082574153708324,"[np.float64(7.416927956360204), np.float64(6.109895986131852), np.float64(7.366282648110698), np.float64(7.3272496094384785), np.float64(6.661522696646353), np.float64(7.455741942530005), np.float64(7.268548509012903), np.float64(7.296609594663829), np.float64(6.743275268156827), np.float64(7.430830554753178)]","[np.float64(7.343566879460636), np.float64(7.473403126071287), np.float64(7.4450249574599825), np.float64(7.473403126071287), np.float64(7.303483619241558), np.float64(7.499424121107059), np.float64(7.473403126071287), np.float64(7.259803541790267), np.float64(7.414080694011081), np.float64(7.4450249574599825)]","[np.float64(7.2816435805159125), np.float64(7.211376370791215), np.float64(7.231925560543329), np.float64(7.341913532884591), np.float64(7.186289716559245), np.float64(7.320073494158945), np.float64(7.0811930662064535), np.float64(7.160367501845099), np.float64(7.212211931273392), np.float64(7.323525249351097)]","[17.47303533554077, 13.08034086227417, 13.027867078781128, 13.657930374145508, 13.197370290756226, 17.613524198532104, 13.137322425842285, 13.443448066711426, 13.044321060180664, 17.324958562850952]"
2,90,7.019193133521912,7.400914974663048,7.126007906864727,13.987658095359802,0.4628308329964364,0.07392967702317385,0.11678820943131647,"[np.float64(7.326333502811685), np.float64(7.2695063100845365), np.float64(7.3782968153365225), np.float64(7.442301492203193), np.float64(6.690681685651158), np.float64(6.67400950810492), np.float64(7.335401939271501), np.float64(6.041146113125605), np.float64(6.717711418637841), np.float64(7.316542549992161)]","[np.float64(7.529965311919762), np.float64(7.380234343507897), np.float64(7.422979697264656), np.float64(7.461972446208332), np.float64(7.2820437313096535), np.float64(7.380234343507897), np.float64(7.422979697264656), np.float64(7.333383864719649), np.float64(7.461972446208332), np.float64(7.333383864719649)]","[np.float64(7.067726831157287), np.float64(7.053055917994557), np.float64(7.2722069469799315), np.float64(7.3525117142871546), np.float64(7.1949870968377585), np.float64(7.019316363116316), np.float64(7.178099371972941), np.float64(7.059757659960857), np.float64(7.039602287114237), np.float64(7.022814879226232)]","[13.022921323776245, 13.493680715560913, 12.963710308074951, 17.11512279510498, 13.129071235656738, 13.113513708114624, 13.546823024749756, 12.988554239273071, 17.124545097351074, 13.378638505935669]"
2,95,7.195925743457306,7.3803411368099825,7.090808588530684,14.036706948280335,0.28034628175604587,0.0791458665095226,0.13587861712088897,"[np.float64(7.35399990017466), np.float64(6.650820721626002), np.float64(7.447580585513422), np.float64(6.711252457169014), np.float64(7.320292554772879), np.float64(7.289944721518958), np.float64(7.2549182948170055), np.float64(7.309391081879768), np.float64(7.2103979567245915), np.float64(7.410659160376766)]","[np.float64(7.375438216780935), np.float64(7.42316552175991), np.float64(7.507065964999937), np.float64(7.375438216780935), np.float64(7.323403089954139), np.float64(7.266681207191222), np.float64(7.42316552175991), np.float64(7.375438216780935), np.float64(7.266681207191222), np.float64(7.466934204900683)]","[np.float64(7.204861501305022), np.float64(6.849713608003769), np.float64(7.29504214857268), np.float64(7.100803121155201), np.float64(7.137498196512556), np.float64(7.024137707985087), np.float64(7.024137707985087), np.float64(7.100803121155201), np.float64(6.940638129398883), np.float64(7.230450643233348)]","[13.00926399230957, 13.181509733200073, 16.93663787841797, 13.55332350730896, 13.185078144073486, 13.290854930877686, 13.761696577072144, 17.21779751777649, 13.0224928855896, 13.208414316177368]"
2,100,7.051357321632722,7.241570314814891,6.979131096669809,14.076891446113587,0.3252108885373559,0.15172653716936194,0.1048839975161686,"[np.float64(7.281594208810071), np.float64(7.113700638238277), np.float64(7.3142108357506315), np.float64(7.203904803774546), np.float64(6.578458389674733), np.float64(7.323340574292752), np.float64(6.584163677432411), np.float64(6.60231280768656), np.float64(7.282119877791005), np.float64(7.229767402876232)]","[np.float64(7.307343703989538), np.float64(6.893582912635502), np.float64(7.369842690751872), np.float64(7.307343703989538), np.float64(7.081810632881403), np.float64(7.307343703989538), np.float64(7.307343703989538), np.float64(7.163905701180569), np.float64(7.369842690751872), np.float64(7.307343703989538)]","[np.float64(6.991941084337979), np.float64(6.893582912635502), np.float64(7.149642394163759), np.float64(6.875018027231189), np.float64(6.893582912635502), np.float64(7.160346561340144), np.float64(6.888950171004625), np.float64(6.933884945276337), np.float64(6.991941084337979), np.float64(7.012420873735078)]","[13.102533340454102, 17.100847482681274, 13.297381401062012, 13.795592308044434, 13.185680389404297, 13.6385018825531, 17.414275646209717, 13.067230224609375, 13.04327392578125, 13.123597860336304]"
3,5,0.0,0.0,0.0,13.495250058174133,0.0,0.0,0.0,"[0, 0, 0, 0, 0, 0, 0, 0, 0, 0]","[0, 0, 0, 0, 0, 0, 0, 0, 0, 0]","[0, 0, 0, 0, 0, 0, 0, 0, 0, 0]","[12.676375150680542, 16.538827419281006, 13.103020191192627, 12.386605262756348, 13.02705192565918, 16.714738368988037, 12.696014165878296, 12.694555521011353, 12.596881628036499, 12.518430948257446]"
3,10,6.52046412442693,6.8162283619369415,6.224081110855838,17.760776853561403,0.5695423518477092,0.15595488493330434,1.0431685386179144,"[np.float64(6.7910971317050866), np.float64(6.19717962184511), np.float64(6.8857462361492745), np.float64(6.3917777431453935), np.float64(7.0212392228416896), np.float64(6.605119571451002), np.float64(6.877116399935801), np.float64(6.68211327895659), np.float64(5.0546371005678274), np.float64(6.698614937671525)]","[np.float64(6.841769286936759), np.float64(6.70404346866363), np.float64(7.093954325410316), np.float64(7.023619972181756), np.float64(6.925733827388307), np.float64(6.659649970939876), np.float64(6.8185649900652265), np.float64(6.740241752337284), np.float64(6.725603224620969), np.float64(6.629102800825289)]","[np.float64(6.561654707877876), np.float64(6.417819253878928), np.float64(6.688274082044426), np.float64(6.670755248224424), np.float64(6.775081155534835), np.float64(6.225780162086506), np.float64(6.621542431788976), np.float64(6.458574514261614), np.float64(3.288840098831795), np.float64(6.532489454029004)]","[21.458293437957764, 18.000510215759277, 16.885979890823364, 16.580502033233643, 16.822872638702393, 21.517881870269775, 16.765942335128784, 16.905198097229004, 15.993346452713013, 16.677241563796997]"
3,15,7.168988765670061,7.488415286305028,7.150151063217205,17.531494522094725,0.6059874104592725,0.20731764264671676,0.30981136490762035,"[np.float64(7.575727540474489), np.float64(6.793629331092961), np.float64(6.69868816319765), np.float64(6.742263948752181), np.float64(5.888574981537174), np.float64(7.597654837971978), np.float64(7.453105372284195), np.float64(7.636476513863003), np.float64(7.70899343942581), np.float64(7.594773528101166)]","[np.float64(7.577648753853526), np.float64(7.461578116487699), np.float64(7.374127275982786), np.float64(7.243216899271893), np.float64(7.084508347051991), np.float64(7.594825054196397), np.float64(7.488424174346858), np.float64(7.646516409129542), np.float64(7.778217112751537), np.float64(7.635090719978058)]","[np.float64(7.47170321195836), np.float64(7.240996369450595), np.float64(6.907804761279298), np.float64(6.819135041971329), np.float64(6.508128611168452), np.float64(7.457456487198614), np.float64(7.200609091457249), np.float64(7.223212800818674), np.float64(7.34429245413821), np.float64(7.3281718027312674)]","[21.159090995788574, 16.54680633544922, 16.3357892036438, 16.474899768829346, 16.409647941589355, 20.969783067703247, 16.729771852493286, 16.710681915283203, 16.663604021072388, 17.31487011909485]"
3,20,7.678377407840549,7.984262580867796,7.695888719365947,17.20274422168732,0.4014234463476963,0.15956420935298823,0.17545612846496364,"[np.float64(7.209179452900804), np.float64(7.915406553011899), np.float64(8.0170247373024), np.float64(8.07049907480731), np.float64(7.262608460181688), np.float64(7.27255469780897), np.float64(7.247723618138471), np.float64(8.104089844122276), np.float64(7.570795966104757), np.float64(8.113891674026918)]","[np.float64(8.012616200816584), np.float64(8.04155193451717), np.float64(8.056580630002724), np.float64(8.056596707832044), np.float64(8.033209159975845), np.float64(7.962846703884582), np.float64(7.940234692405193), np.float64(8.07005675982813), np.float64(7.553782275354839), np.float64(8.115150744060847)]","[np.float64(7.539742858852461), np.float64(7.639580875216035), np.float64(7.822804985727084), np.float64(7.831791168830097), np.float64(7.745419177141949), np.float64(7.502039633844082), np.float64(7.730911373802202), np.float64(7.820940991251225), np.float64(7.38367492139807), np.float64(7.941981207596264)]","[20.303353548049927, 16.71154284477234, 15.58097767829895, 16.055790901184082, 16.60129952430725, 19.58633804321289, 16.85991382598877, 16.95950436592102, 16.777232885360718, 16.59148859977722]"
3,25,8.220034765938104,8.305157766499041,8.114762649367737,17.602620196342468,0.22994861909257233,0.1583072667127931,0.10432643298614823,"[np.float64(8.365104745944725), np.float64(8.297529222649413), np.float64(8.065140684450819), np.float64(8.21976354354811), np.float64(8.42304760055295), np.float64(7.6370667571190305), np.float64(8.237790225561678), np.float64(8.259802081795279), np.float64(8.415964765287562), np.float64(8.279138032471469)]","[np.float64(8.311606294876066), np.float64(8.174211076001315), np.float64(8.052601487095437), np.float64(8.192717519859311), np.float64(8.638369792366733), np.float64(8.374350867121564), np.float64(8.30059065808617), np.float64(8.256662733152616), np.float64(8.419521300266082), np.float64(8.330945936165126)]","[np.float64(8.238991010366918), np.float64(8.033809993061727), np.float64(7.996832224767726), np.float64(8.144773049988984), np.float64(8.216190563011448), np.float64(7.971088389838776), np.float64(8.157786523032541), np.float64(8.132625444175606), np.float64(8.245500926242741), np.float64(8.010028369190895)]","[21.107481956481934, 17.050782918930054, 16.42105746269226, 16.77978539466858, 16.302520275115967, 16.849642276763916, 21.360137224197388, 16.935791015625, 16.953763246536255, 16.26524019241333]"
3,30,8.164326094640035,8.520215045640978,8.210505219488494,17.282074403762817,0.3847400587770232,0.14878622782232015,0.18465883703011163,"[np.float64(8.651560551306897), np.float64(8.617001439167327), np.float64(7.786633253859308), np.float64(8.459383473110218), np.float64(8.158581624394106), np.float64(7.77395446723587), np.float64(8.351632971425207), np.float64(7.755050125622), np.float64(7.672856757787125), np.float64(8.41660628249229)]","[np.float64(8.704031604738839), np.float64(8.58400545287533), np.float64(8.486522056213031), np.float64(8.604721606227773), np.float64(8.172308930228116), np.float64(8.617214243612207), np.float64(8.456186927925282), np.float64(8.636154062202971), np.float64(8.479726995826583), np.float64(8.46127857655964)]","[np.float64(8.32681189763743), np.float64(8.543251512508691), np.float64(8.395894748811905), np.float64(8.111944670606816), np.float64(8.007616015027233), np.float64(8.222997566169894), np.float64(7.940945438847548), np.float64(8.140537479506104), np.float64(8.108371548407773), np.float64(8.306681317361553)]","[16.062537670135498, 16.364239931106567, 21.461596727371216, 15.969905376434326, 16.17512798309326, 16.826385498046875, 15.828504085540771, 15.89693284034729, 15.921096801757812, 22.314417123794556]"
3,35,8.544467084678676,8.732983221619627,8.533718160150157,16.663308238983156,0.3445484620485274,0.13108906015048935,0.15890137062459728,"[np.float64(8.713525712423266), np.float64(8.55000780572215), np.float64(8.598267021020037), np.float64(8.594082891542065), np.float64(8.687700275027384), np.float64(8.826680267546154), np.float64(8.825014451744662), np.float64(8.80706841092217), np.float64(7.990481378178918), np.float64(7.851842632659944)]","[np.float64(8.792046290725294), np.float64(8.676257744227286), np.float64(8.82472809285814), np.float64(8.490937519179878), np.float64(8.675252596917638), np.float64(8.889145847719211), np.float64(8.855729452722608), np.float64(8.843408307590254), np.float64(8.708645916399979), np.float64(8.573680447855974)]","[np.float64(8.576617217357029), np.float64(8.430016583355682), np.float64(8.212353464374605), np.float64(8.456752344680005), np.float64(8.608011553443419), np.float64(8.681871180350358), np.float64(8.697908395345507), np.float64(8.727528406179625), np.float64(8.528311850060526), np.float64(8.417810606354806)]","[16.097790241241455, 16.585199117660522, 16.776970386505127, 15.454257011413574, 15.952812433242798, 15.626263856887817, 22.28484845161438, 15.761091232299805, 16.088724613189697, 16.005125045776367]"
3,40,8.874551900188502,9.015339408258345,8.790728624362155,16.25735447406769,0.23521620962192996,0.0808253598767905,0.08605558658957178,"[np.float64(8.852778055229079), np.float64(8.22358498629691), np.float64(8.973803317067713), np.float64(8.952326782555728), np.float64(9.049137660275505), np.float64(8.997155055147203), np.float64(8.885890911950925), np.float64(8.954611286128436), np.float64(8.931299460262597), np.float64(8.924931486970918)]","[np.float64(8.940568224236696), np.float64(9.053693671187517), np.float64(8.95409881935847), np.float64(9.119220393730272), np.float64(8.977434450596188), np.float64(9.032513547626694), np.float64(9.020663979438185), np.float64(8.997158565781694), np.float64(9.160790305426497), np.float64(8.89725212520124)]","[np.float64(8.673304571464207), np.float64(8.87335290316432), np.float64(8.767198149014089), np.float64(8.775424256538553), np.float64(8.883469977827811), np.float64(8.928303746756661), np.float64(8.696492206327589), np.float64(8.82591414408192), np.float64(8.704265496026407), np.float64(8.779560792419979)]","[15.328720808029175, 15.328383684158325, 15.349422931671143, 23.255329132080078, 15.501950025558472, 15.602096319198608, 15.594854354858398, 15.540355920791626, 15.58754825592041, 15.484883308410645]"
3,45,9.03507337128744,9.151864261668957,8.92789258030355,16.996581983566283,0.2696106613245173,0.054713711895392717,0.10858927381876128,"[np.float64(9.037454285086605), np.float64(9.131807605506022), np.float64(9.113755735352903), np.float64(8.277779539811712), np.float64(9.083027601011631), np.float64(9.148845700794483), np.float64(9.183376994451898), np.float64(9.076865001924062), np.float64(9.160291294571795), np.float64(9.137529954363297)]","[np.float64(9.223137604249617), np.float64(9.108649356336064), np.float64(9.197621175241364), np.float64(9.05417798673507), np.float64(9.154003879397115), np.float64(9.156368504599978), np.float64(9.139675880137892), np.float64(9.140098393063331), np.float64(9.112459990356763), np.float64(9.232449846572367)]","[np.float64(8.695425962507343), np.float64(8.973250420689237), np.float64(8.92137848764705), np.float64(8.824991342424092), np.float64(8.911339542377243), np.float64(9.034399421492466), np.float64(9.08312516334381), np.float64(8.902092105879417), np.float64(8.970924469687304), np.float64(8.96199888698753)]","[15.569485187530518, 22.748307466506958, 15.78292179107666, 15.389293670654297, 15.448424100875854, 15.29144835472107, 15.368821382522583, 16.144582509994507, 15.251723289489746, 22.97081208229065]"
3,50,8.680468068277033,9.240290499504795,8.95027635531852,16.29521224498749,0.6050406774921778,0.08041425928869901,0.2398873789034134,"[np.float64(7.464275302006971), np.float64(8.201112594829796), np.float64(9.023230704297045), np.float64(8.475601642581282), np.float64(9.288847370375487), np.float64(9.16531188187775), np.float64(9.221603352695652), np.float64(8.34582111055514), np.float64(9.247058886161348), np.float64(8.371817837389857)]","[np.float64(9.249851517362199), np.float64(9.11982202813624), np.float64(9.241876788198075), np.float64(9.311662799839159), np.float64(9.301204584481393), np.float64(9.277620936780071), np.float64(9.328415675355735), np.float64(9.12299503839876), np.float64(9.300175600266027), np.float64(9.149280026230294)]","[np.float64(8.488225724673832), np.float64(8.734509656518473), np.float64(8.657147954349599), np.float64(9.182360451726971), np.float64(8.992102735056838), np.float64(9.154837153644644), np.float64(9.101910149121405), np.float64(9.078589443156503), np.float64(9.135421835710602), np.float64(8.977658449226332)]","[15.300925016403198, 15.641700267791748, 15.190536975860596, 15.416770935058594, 15.424844980239868, 15.130298376083374, 15.23030138015747, 16.104295253753662, 24.08583092689514, 15.426618337631226]"
3,55,8.862117879074574,9.367247128430922,8.704548718314388,16.19789054393768,0.9716461892449322,0.14388906030896947,1.5526862806622759,"[np.float64(9.398587145640596), np.float64(9.434049938371349), np.float64(9.457735215547673), np.float64(9.347916053033584), np.float64(9.347665992125096), np.float64(9.362853560549611), np.float64(6.70127747692655), np.float64(7.604767942096209), np.float64(8.470695949855445), np.float64(9.495629516599635)]","[np.float64(9.485927414152728), np.float64(9.374246025356044), np.float64(9.460122376296692), np.float64(9.457499821587083), np.float64(9.386321103707985), np.float64(9.401246895833282), np.float64(9.0134479875369), np.float64(9.293335003809547), np.float64(9.2974302874497), np.float64(9.502894368579264)]","[np.float64(9.267984066728348), np.float64(9.244391696579191), np.float64(9.337703453580218), np.float64(9.142011992257391), np.float64(9.069550409547094), np.float64(9.278824431273769), np.float64(4.302987833450099), np.float64(8.91617803974778), np.float64(9.110421817816343), np.float64(9.375433442163644)]","[15.244219064712524, 16.046584606170654, 15.437893629074097, 15.269054651260376, 15.13320541381836, 15.263695001602173, 15.025930881500244, 24.406721591949463, 15.028358697891235, 15.123241901397705]"
3,60,9.219699914264371,9.382498623805494,9.245591201925953,16.366114139556885,0.34477027213484135,0.04932321504481167,0.06842648107617672,"[np.float64(9.449964322244336), np.float64(8.557818923333858), np.float64(9.381237050932954), np.float64(9.425739662407572), np.float64(8.585561481910249), np.float64(9.3332832841201), np.float64(9.400818216725053), np.float64(9.376589614943693), np.float64(9.282616843102495), np.float64(9.403369742923404)]","[np.float64(9.431749151897083), np.float64(9.359076998195212), np.float64(9.323670645823903), np.float64(9.342975870286399), np.float64(9.382649011537183), np.float64(9.298003783657077), np.float64(9.431232443916624), np.float64(9.401298953039042), np.float64(9.422687155012902), np.float64(9.431642224689528)]","[np.float64(9.30721098049653), np.float64(9.2329401844916), np.float64(9.264392426500748), np.float64(9.297577935742643), np.float64(9.235401506169934), np.float64(9.120776255259127), np.float64(9.343821528470531), np.float64(9.14724140432868), np.float64(9.25467828243066), np.float64(9.251871515369077)]","[15.364708185195923, 15.494749546051025, 14.994000434875488, 15.189987182617188, 15.014797925949097, 15.760165929794312, 15.311329126358032, 25.49446678161621, 15.066373825073242, 15.97056245803833]"
3,65,9.497866599638762,9.578058703279956,9.446637289109141,16.41777729988098,0.26724017079498996,0.09068086256733204,0.07538703888738826,"[np.float64(9.552633427357366), np.float64(9.634196567745159), np.float64(9.604000354858512), np.float64(9.622380903934447), np.float64(9.556128199057646), np.float64(9.548793554819277), np.float64(9.48394137791099), np.float64(9.69726611393216), np.float64(9.521657698254014), np.float64(8.757667798518044)]","[np.float64(9.427888135269086), np.float64(9.587431968092902), np.float64(9.56427414745513), np.float64(9.65149934607539), np.float64(9.646868798588459), np.float64(9.51712757015359), np.float64(9.498997542469446), np.float64(9.749408720745771), np.float64(9.540754789332917), np.float64(9.596336014616865)]","[np.float64(9.342708426142822), np.float64(9.432942923605953), np.float64(9.477089811366547), np.float64(9.504864054210142), np.float64(9.321292882027358), np.float64(9.468932314406466), np.float64(9.373876948143806), np.float64(9.527616951278986), np.float64(9.516345127837276), np.float64(9.500703452072049)]","[15.168224573135376, 15.963670015335083, 15.27454948425293, 15.225381851196289, 15.381390810012817, 15.177350044250488, 16.150115728378296, 25.621320247650146, 15.27650761604309, 14.939262628555298]"
3,70,8.847804394654336,9.513905260253829,9.309950460390672,16.509439325332643,0.8144713659272013,0.12382632266550221,0.16027855351290082,"[np.float64(9.592284480285748), np.float64(7.858018737881678), np.float64(7.759156311908356), np.float64(7.740194739230403), np.float64(8.764332880536381), np.float64(9.579977124171684), np.float64(9.444704597679506), np.float64(9.653363959845544), np.float64(9.490177201959547), np.float64(8.59583391304451)]","[np.float64(9.564979574953899), np.float64(9.44341993114464), np.float64(9.419688672715816), np.float64(9.447818681943204), np.float64(9.669390766862843), np.float64(9.68916500008549), np.float64(9.56308226033016), np.float64(9.61691449290528), np.float64(9.402820008504602), np.float64(9.321773213092348)]","[np.float64(9.452221061171919), np.float64(9.221128857379464), np.float64(9.272865627006517), np.float64(9.100015875215968), np.float64(9.492691774912599), np.float64(9.475937787664556), np.float64(9.1740056198345), np.float64(9.496717732750788), np.float64(9.312083174524204), np.float64(9.101837093446207)]","[15.09157133102417, 15.646270513534546, 16.2409086227417, 15.065854549407959, 15.374286890029907, 15.683217525482178, 24.717998027801514, 16.057329416275024, 15.423667669296265, 15.793288707733154]"
3,75,9.27463505436716,9.604280148377926,9.352150694307836,16.709561824798584,0.39176784842903783,0.0742584442377191,0.08567938616677116,"[np.float64(9.589125271478624), np.float64(9.671355856486429), np.float64(9.463303514002762), np.float64(9.504748621554722), np.float64(9.262693728295972), np.float64(8.762986373201333), np.float64(8.727640927907762), np.float64(8.692989771352133), np.float64(9.51714276756495), np.float64(9.554363711826904)]","[np.float64(9.58061628550186), np.float64(9.595701341456229), np.float64(9.611893273804277), np.float64(9.472639247773241), np.float64(9.510660505755112), np.float64(9.643224901796104), np.float64(9.634672857653715), np.float64(9.690475915297158), np.float64(9.586183691310907), np.float64(9.716733463430659)]","[np.float64(9.395338942210508), np.float64(9.471618077578666), np.float64(9.443245760109134), np.float64(9.249576212655537), np.float64(9.338644397502993), np.float64(9.384782269653442), np.float64(9.400795679861275), np.float64(9.213441231878239), np.float64(9.36222292403238), np.float64(9.26184144759618)]","[16.52585768699646, 15.60375714302063, 15.436487197875977, 16.00918173789978, 15.31807827949524, 15.266621112823486, 15.862947463989258, 26.300927877426147, 15.37122893333435, 15.400530815124512]"
3,80,9.272950836568643,9.597238793992588,9.379502062514147,16.5752112865448,0.43365808278320567,0.06228296798141259,0.06606520903067088,"[np.float64(9.595912397597694), np.float64(9.549592946100343), np.float64(8.758666078418074), np.float64(9.617520737026762), np.float64(9.647021274063675), np.float64(8.857136590468535), np.float64(8.75094082550249), np.float64(9.648716454803038), np.float64(9.583682911521452), np.float64(8.720318150184363)]","[np.float64(9.641757157764637), np.float64(9.594670423110578), np.float64(9.665741081138254), np.float64(9.656581955137172), np.float64(9.624095118650047), np.float64(9.633935783562558), np.float64(9.591942394212296), np.float64(9.543448748338843), np.float64(9.55773551490875), np.float64(9.462479763102744)]","[np.float64(9.296336590026636), np.float64(9.321417599352568), np.float64(9.487513520427523), np.float64(9.396195324764662), np.float64(9.443689574365376), np.float64(9.443835203187408), np.float64(9.361140672297164), np.float64(9.388144980607043), np.float64(9.368042157616038), np.float64(9.288705002497057)]","[15.17032241821289, 15.555145263671875, 15.21024203300476, 15.617300748825073, 15.56676435470581, 15.300991773605347, 16.118151903152466, 25.7818500995636, 15.392499685287476, 16.0388445854187]"
3,85,9.127339616236428,9.497019900773106,8.846088496427635,16.211027765274046,0.8631344566606923,0.277077627267908,1.5844621476423315,"[np.float64(9.56383429968735), np.float64(8.671703961140592), np.float64(6.891211693483177), np.float64(8.751969582455473), np.float64(9.531129583853087), np.float64(9.540382184411062), np.float64(9.529515629253481), np.float64(9.587854172220664), np.float64(9.548458355996363), np.float64(9.65733669986304)]","[np.float64(9.493351048641795), np.float64(9.549658674862382), np.float64(8.743313743592276), np.float64(9.506769952833457), np.float64(9.587531021596591), np.float64(9.592818009102102), np.float64(9.656241592307126), np.float64(9.567706224647553), np.float64(9.507133214481915), np.float64(9.765675525665866)]","[np.float64(9.309711855014807), np.float64(9.364371778440972), np.float64(4.339828975541027), np.float64(9.226482704643105), np.float64(9.36631439449038), np.float64(9.355193010844989), np.float64(9.333867708872068), np.float64(9.465330379301559), np.float64(9.325434834492444), np.float64(9.374349322635002)]","[15.876963138580322, 15.899626970291138, 14.933480024337769, 15.061386346817017, 14.724303483963013, 14.830301523208618, 14.87536072731018, 14.857001781463623, 25.452271223068237, 15.599582433700562]"
3,90,9.14889110834779,9.470293531484714,9.22075625103218,16.065892028808594,0.462528317456687,0.125762612202099,0.13708616942004695,"[np.float64(9.523328555789421), np.float64(9.30268836575808), np.float64(9.527715519341472), np.float64(8.6499252812147), np.float64(9.617915215122133), np.float64(8.57819181656857), np.float64(9.573216011152754), np.float64(8.565320342368857), np.float64(8.693243095196657), np.float64(9.457366880965257)]","[np.float64(9.615224750287547), np.float64(9.234084491025031), np.float64(9.5942649472856), np.float64(9.399422615404182), np.float64(9.559442805712425), np.float64(9.341500658704101), np.float64(9.587812748546874), np.float64(9.487437552565565), np.float64(9.491366505848005), np.float64(9.392378239467801)]","[np.float64(9.310410573695128), np.float64(9.042163962520258), np.float64(9.26119745857336), np.float64(9.22429253831783), np.float64(9.338618662903402), np.float64(9.199506238040158), np.float64(9.449189805506869), np.float64(8.981047651966922), np.float64(9.23766297163024), np.float64(9.163472647167634)]","[14.947329759597778, 15.276957988739014, 14.85598087310791, 14.687862157821655, 14.588690042495728, 15.139151573181152, 14.85998010635376, 15.713552236557007, 14.645949840545654, 25.94346570968628]"
3,95,9.309890825989784,9.507772821317095,9.219718657626602,14.929326033592224,0.5001715966999756,0.11920197420715302,0.13837329582902844,"[np.float64(9.372650000376083), np.float64(9.506255376142049), np.float64(9.364713640868418), np.float64(9.588898409204434), np.float64(9.342523229125437), np.float64(9.535273656619749), np.float64(7.910959597243257), np.float64(9.510805064058687), np.float64(9.386621889961063), np.float64(9.580207396298663)]","[np.float64(9.538596828327996), np.float64(9.313070138886685), np.float64(9.471566102550039), np.float64(9.667026764055624), np.float64(9.5632462540436), np.float64(9.528117225032839), np.float64(9.539196162356513), np.float64(9.67909236920388), np.float64(9.377432492919976), np.float64(9.400383875793805)]","[np.float64(9.347166051834964), np.float64(9.209165309715424), np.float64(9.37918831911888), np.float64(9.30088444374013), np.float64(9.14032166794864), np.float64(9.348798124440522), np.float64(8.933422780301612), np.float64(9.16784548431767), np.float64(9.10169018233426), np.float64(9.268704212513914)]","[14.781985998153687, 14.64759635925293, 14.805577278137207, 14.712590456008911, 15.089055299758911, 15.180189609527588, 15.28525996208191, 14.70157265663147, 14.72967267036438, 15.359760046005249]"
3,100,9.25042427301019,9.493670599759705,9.060047245400373,16.206925177574156,0.34174185444087885,0.13566438131855652,0.1359196579946778,"[np.float64(9.384569619919302), np.float64(8.559910288944694), np.float64(9.439005726735271), np.float64(9.413413469681176), np.float64(9.36048460117713), np.float64(9.472739342137785), np.float64(9.429225637485912), np.float64(9.286183078763047), np.float64(9.492174770255074), np.float64(8.666536195002505)]","[np.float64(9.41334891763079), np.float64(9.370114012520784), np.float64(9.501440302437931), np.float64(9.539836507284083), np.float64(9.420366774859472), np.float64(9.668973218386414), np.float64(9.632126989957493), np.float64(9.23833937116562), np.float64(9.514101377281603), np.float64(9.638058526072863)]","[np.float64(9.126113008580917), np.float64(8.876759595361637), np.float64(9.24552732970279), np.float64(9.083956714211201), np.float64(9.024929246242923), np.float64(9.059859900205046), np.float64(8.954411737197237), np.float64(8.923013544086233), np.float64(9.302786105876786), np.float64(9.003115272538949)]","[25.73257350921631, 14.542904376983643, 14.595417261123657, 15.179609537124634, 14.897607326507568, 14.882610559463501, 16.790626287460327, 15.389067649841309, 14.979321002960205, 15.079514265060425]"
4,5,0.0,0.0,0.0,13.867409610748291,0.0,0.0,0.0,"[0, 0, 0, 0, 0, 0, 0, 0, 0, 0]","[0, 0, 0, 0, 0, 0, 0, 0, 0, 0]","[0, 0, 0, 0, 0, 0, 0, 0, 0, 0]","[12.663766384124756, 23.869760036468506, 12.506763696670532, 12.516287326812744, 12.477360010147095, 12.819303035736084, 12.800097465515137, 12.54362440109253, 12.763052225112915, 13.714081525802612]"
4,10,7.52925673425891,7.658525358037742,7.345683403442548,19.77211995124817,0.36901072427526965,0.19274882097697732,0.17392274626682605,"[np.float64(6.723358713716151), np.float64(7.579362665588118), np.float64(7.014439673339016), np.float64(7.66192739851584), np.float64(7.867172332044882), np.float64(7.800683416696629), np.float64(7.698437056174789), np.float64(7.703036291346904), np.float64(7.7382402164105635), np.float64(7.505909578756203)]","[np.float64(7.3196740963644), np.float64(7.416878795161578), np.float64(7.821128463129388), np.float64(7.6802264010203185), np.float64(7.791667433602651), np.float64(7.944594384444199), np.float64(7.684341719930592), np.float64(7.613139160487734), np.float64(7.783194587827967), np.float64(7.530408538408589)]","[np.float64(7.1597829735803415), np.float64(7.255220349183839), np.float64(7.425109891184958), np.float64(7.265882523407406), np.float64(7.417827969781186), np.float64(7.431611511613769), np.float64(7.372781896925892), np.float64(7.422370007466), np.float64(7.667375315649448), np.float64(7.03887159563264)]","[18.583171129226685, 19.17331624031067, 18.577748775482178, 29.525187730789185, 18.16394019126892, 18.723134756088257, 18.70602059364319, 18.422947645187378, 19.24099111557007, 18.60474133491516]"
4,15,8.010526702862897,8.26445881599085,8.013589054139038,19.730290150642396,0.47310245202978196,0.16569313898115345,0.13285127707219768,"[np.float64(8.275077104018322), np.float64(8.343237819483774), np.float64(7.592615489933983), np.float64(8.185946820861163), np.float64(7.059384379013481), np.float64(8.276166427758199), np.float64(8.387348974815321), np.float64(8.461629534364189), np.float64(7.458613248984133), np.float64(8.065247229396402)]","[np.float64(8.17618740090969), np.float64(8.39831197234168), np.float64(8.139867860582013), np.float64(8.290017317303434), np.float64(8.509794709644785), np.float64(8.180247264679343), np.float64(8.42418171231095), np.float64(8.384910264661558), np.float64(8.177045453923071), np.float64(7.964024203551976)]","[np.float64(8.07456007418964), np.float64(8.15084075404219), np.float64(7.928550127343888), np.float64(8.073482411772606), np.float64(8.071005882812452), np.float64(8.02387810937471), np.float64(8.082590544978975), np.float64(8.131887675388725), np.float64(7.723111520873395), np.float64(7.875983440613799)]","[19.198585510253906, 18.44422698020935, 18.460034370422363, 19.505769729614258, 29.658181190490723, 17.984242916107178, 18.561702013015747, 18.840322732925415, 18.185759782791138, 18.464076280593872]"
4,20,8.19718560298004,8.672635057885117,8.403061434689493,18.82314524650574,0.47617580754656547,0.08423448388383391,0.1699972231412209,"[np.float64(8.652587880926623), np.float64(7.970437573677077), np.float64(7.763358762300331), np.float64(7.7764154876774505), np.float64(8.811621494165813), np.float64(8.706332840266187), np.float64(7.85334016885163), np.float64(8.804359649266503), np.float64(7.775215169605551), np.float64(7.8581870030632395)]","[np.float64(8.846092953910562), np.float64(8.637031172009054), np.float64(8.56368268774292), np.float64(8.620351435922856), np.float64(8.743923693406227), np.float64(8.62878930298917), np.float64(8.646134232129446), np.float64(8.76026117779275), np.float64(8.654002436187806), np.float64(8.62608148676037)]","[np.float64(8.433154608947932), np.float64(8.467134164369332), np.float64(8.102431981617885), np.float64(8.379270676310103), np.float64(8.580410888230134), np.float64(8.504581560704857), np.float64(8.323183734523205), np.float64(8.601917580128056), np.float64(8.14261617445975), np.float64(8.49591297760367)]","[17.35256552696228, 18.877135276794434, 17.183645963668823, 17.27504539489746, 17.616050958633423, 17.819489002227783, 27.716428995132446, 18.216448068618774, 17.80718994140625, 18.3674533367157]"
4,25,8.604774364510865,9.010124883169624,8.774806978538036,18.902195429801942,0.565672546574692,0.08550026739314068,0.11493359345519406,"[np.float64(9.024226248794156), np.float64(8.240003554255836), np.float64(8.270921277266119), np.float64(8.927545953491755), np.float64(7.3859152489313695), np.float64(8.917549081826444), np.float64(9.0754652459159), np.float64(8.15924481986742), np.float64(8.999099905124705), np.float64(9.047772309634938)]","[np.float64(9.147225424045484), np.float64(8.984340962454544), np.float64(8.901471521415408), np.float64(8.892623849087014), np.float64(9.077981820103636), np.float64(8.988826437644692), np.float64(9.08505478658784), np.float64(9.068853132372631), np.float64(9.024660246745455), np.float64(8.93021065123953)]","[np.float64(8.864110004023242), np.float64(8.91062622167758), np.float64(8.764982214787251), np.float64(8.813966257428989), np.float64(8.719714723617919), np.float64(8.71236537864634), np.float64(8.861398586953577), np.float64(8.51095146129498), np.float64(8.849612887213745), np.float64(8.740342049736736)]","[17.58185648918152, 17.726697206497192, 17.169716358184814, 17.800745248794556, 17.510958671569824, 18.079412937164307, 18.56001377105713, 28.767088890075684, 17.865039110183716, 17.96042561531067]"
4,30,9.182287266378449,9.302385041488725,9.05363170414675,17.669793009757996,0.3275174515142884,0.2102246667667856,0.21935425279539728,"[np.float64(9.583077069756284), np.float64(8.381505850906645), np.float64(8.981936528686287), np.float64(9.396470348742803), np.float64(9.333444486532926), np.float64(9.356670987424502), np.float64(9.162976754275267), np.float64(9.156419643572802), np.float64(9.141339042710122), np.float64(9.329031951176843)]","[np.float64(9.65543474624257), np.float64(9.164830640118867), np.float64(8.987567268891176), np.float64(9.415675052390082), np.float64(9.356760111182266), np.float64(9.442795326684701), np.float64(9.196090353526616), np.float64(9.057902051222955), np.float64(9.23481204010788), np.float64(9.511982824520137)]","[np.float64(9.371415807006255), np.float64(9.049953068769597), np.float64(8.668162105356158), np.float64(9.200258367514387), np.float64(9.267310994262475), np.float64(9.112075617571023), np.float64(8.9203088445979), np.float64(8.852135375561424), np.float64(8.882377385720943), np.float64(9.212319475107336)]","[17.649710178375244, 17.224631309509277, 18.501397848129272, 17.66577672958374, 17.441852807998657, 17.419949293136597, 17.823959827423096, 17.80013346672058, 17.4677951335907, 17.702723503112793]"
4,35,9.424561561809012,9.47788537270405,9.244866399412214,18.933811354637147,0.11875180518719243,0.12624333981048913,0.1768402209554245,"[np.float64(9.529814119685527), np.float64(9.584268724167595), np.float64(9.472570057110204), np.float64(9.247734151510365), np.float64(9.482586630192632), np.float64(9.456210061229426), np.float64(9.35713365821552), np.float64(9.252463721136014), np.float64(9.526637959297881), np.float64(9.336196535544962)]","[np.float64(9.697646550952397), np.float64(9.59570058128145), np.float64(9.452943204873895), np.float64(9.24882950556426), np.float64(9.487403295074381), np.float64(9.55394130581789), np.float64(9.486293941022081), np.float64(9.394100432787134), np.float64(9.504514993909288), np.float64(9.357479915757725)]","[np.float64(9.423811677525531), np.float64(9.461485653585985), np.float64(9.233602174328816), np.float64(9.096774545257643), np.float64(9.297006597162056), np.float64(9.280672311653976), np.float64(9.193227213308148), np.float64(8.839463842220692), np.float64(9.328641694976973), np.float64(9.293978284102305)]","[29.65337324142456, 17.836817264556885, 17.626973152160645, 17.478063106536865, 17.865415811538696, 17.649260997772217, 18.59251308441162, 17.372807025909424, 17.31325626373291, 17.949633598327637]"
4,40,9.58115591432474,9.712979113511027,9.487700775142828,18.56397886276245,0.27773429054495574,0.15134152514775256,0.14949476486815863,"[np.float64(9.779476256208568), np.float64(8.843828622264683), np.float64(9.783898052556868), np.float64(9.550949922804872), np.float64(9.697942526375202), np.float64(9.488356769352892), np.float64(9.763838110698787), np.float64(9.682731842389087), np.float64(9.58206019358981), np.float64(9.638476847006617)]","[np.float64(9.90047710761518), np.float64(9.737134474147483), np.float64(9.902894133589234), np.float64(9.546073989241346), np.float64(9.845187977392802), np.float64(9.539259385473084), np.float64(9.84404335668011), np.float64(9.670283121903958), np.float64(9.562501424145463), np.float64(9.581936164921613)]","[np.float64(9.610500212299353), np.float64(9.56568529446887), np.float64(9.483411288226637), np.float64(9.415687778780502), np.float64(9.588946073119146), np.float64(9.153074087726798), np.float64(9.658582000392768), np.float64(9.523030173419926), np.float64(9.345868902331471), np.float64(9.532221940662819)]","[17.05487060546875, 17.131495237350464, 17.61636996269226, 17.104072332382202, 30.764955043792725, 17.062459468841553, 16.9855318069458, 17.747429609298706, 17.033134698867798, 17.139469861984253]"
4,45,9.487712162203518,9.855305103810114,9.694992462728269,18.775489330291748,0.5016340636060835,0.12278317737493662,0.14965139703275968,"[np.float64(8.856700383962663), np.float64(8.820826897294497), np.float64(9.794044513679836), np.float64(9.945885502398342), np.float64(9.978959036592837), np.float64(8.942798432251386), np.float64(9.860494334976323), np.float64(9.896822259918272), np.float64(9.74700525274744), np.float64(9.033585008213594)]","[np.float64(9.884332753977745), np.float64(9.602792580016795), np.float64(9.790919552282821), np.float64(9.956001438826934), np.float64(9.967252958461193), np.float64(9.823906904434173), np.float64(9.84354687222042), np.float64(9.997742762304433), np.float64(9.73707799723124), np.float64(9.949477218345375)]","[np.float64(9.508238077545835), np.float64(9.477479301018096), np.float64(9.646470323767616), np.float64(9.889098077813422), np.float64(9.942050956928151), np.float64(9.724000529781236), np.float64(9.794372679639958), np.float64(9.691359051998216), np.float64(9.6626268479115), np.float64(9.614228780878657)]","[17.72161602973938, 17.016529321670532, 17.7424635887146, 17.325542211532593, 17.192246437072754, 17.003791570663452, 17.060436964035034, 17.31584405899048, 17.407968521118164, 31.968454599380493]"
4,50,9.997185978403003,10.058958227062323,9.786004142172539,17.105130124092103,0.1573991433441358,0.16006529316410678,0.2343736107838271,"[np.float64(10.110835891516656), np.float64(10.074261318357836), np.float64(9.963231981557579), np.float64(10.192984394882323), np.float64(9.954908528022328), np.float64(10.162594914421307), np.float64(9.851630881185574), np.float64(9.834003403521098), np.float64(10.105697552206), np.float64(9.721710918359333)]","[np.float64(10.322269533309552), np.float64(10.030957855165331), np.float64(10.017274826442112), np.float64(10.295809539385965), np.float64(9.998095047590498), np.float64(10.12126176408537), np.float64(9.972201025407621), np.float64(9.905035876403112), np.float64(10.11424218913496), np.float64(9.81243461369871)]","[np.float64(9.95279513883694), np.float64(9.9127459406142), np.float64(9.714168664829675), np.float64(9.908849964907567), np.float64(9.872678072563174), np.float64(10.031650523073832), np.float64(9.426127828454973), np.float64(9.41297226649801), np.float64(10.028684367186234), np.float64(9.599368654760784)]","[17.116122722625732, 17.772782564163208, 17.05066990852356, 17.112478971481323, 17.17337465286255, 16.99229621887207, 17.10880947113037, 16.838273525238037, 16.877403020858765, 17.009090185165405]"
4,55,9.709347524901602,10.086644778174168,9.89658947118468,18.73643567562103,0.4984693077226645,0.11374796636234027,0.10795316174050022,"[np.float64(9.336802415786035), np.float64(10.002575802894675), np.float64(9.133152286668095), np.float64(9.965201335203373), np.float64(9.065993155079367), np.float64(10.181109186485589), np.float64(10.154113217686325), np.float64(9.91791173909324), np.float64(10.273643545066935), np.float64(9.062972565052396)]","[np.float64(10.196175338282693), np.float64(9.967606644212175), np.float64(10.124964092314226), np.float64(10.035649674846885), np.float64(9.962960171148938), np.float64(10.164446408996204), np.float64(10.185483536035779), np.float64(9.994605124876749), np.float64(10.26684994477859), np.float64(9.967706846249442)]","[np.float64(9.987790204402039), np.float64(9.919095760074235), np.float64(9.79898954199197), np.float64(9.772298487998246), np.float64(9.804822444687943), np.float64(10.020558435744865), np.float64(10.010456282207622), np.float64(9.819971981596506), np.float64(10.033665970235322), np.float64(9.798245602908043)]","[16.729584455490112, 17.084425687789917, 16.89985966682434, 17.497406482696533, 31.660734176635742, 17.756141424179077, 16.891749382019043, 17.74845814704895, 17.920194625854492, 17.17580270767212]"
4,60,10.08437519207345,10.213065579533,9.99955135868575,17.171349120140075,0.2991984743546789,0.15879722192164483,0.16643309626845015,"[np.float64(10.241066950600764), np.float64(10.263683499674983), np.float64(9.844109633946957), np.float64(10.30118354296471), np.float64(10.196832406152216), np.float64(10.123247199230835), np.float64(10.19475869812114), np.float64(9.3111465984712), np.float64(10.173359206794027), np.float64(10.194364184777674)]","[np.float64(10.257166997122683), np.float64(10.348328635510908), np.float64(9.84738600450972), np.float64(10.411579721298493), np.float64(10.140901822195403), np.float64(10.181795036335618), np.float64(10.310924050718173), np.float64(10.265344231797334), np.float64(10.101916831430952), np.float64(10.265312464410709)]","[np.float64(10.123740346248422), np.float64(10.112091582102659), np.float64(9.632830158490393), np.float64(10.167621001611423), np.float64(10.02047331070328), np.float64(10.000999539693904), np.float64(9.914635933729699), np.float64(10.041036679940063), np.float64(9.834576159139928), np.float64(10.14750887519773)]","[16.969042778015137, 18.11247682571411, 16.61161732673645, 17.666603326797485, 16.892077207565308, 16.8031907081604, 16.89881920814514, 16.46960186958313, 17.81291103363037, 17.477150917053223]"
4,65,9.943638554697406,10.283268548908318,9.975906253265446,18.77276270389557,0.4310912894049641,0.09956187757328967,0.16998762508007212,"[np.float64(10.146544013586675), np.float64(10.331315674135642), np.float64(10.30402847125555), np.float64(9.290280385621472), np.float64(10.17825937782092), np.float64(9.44845849278501), np.float64(10.25444102366905), np.float64(9.969265405050747), np.float64(10.234957487542221), np.float64(9.278835215506778)]","[np.float64(10.225549148682486), np.float64(10.348784195036169), np.float64(10.262230489369395), np.float64(10.16677976479683), np.float64(10.337218423558392), np.float64(10.351915930421377), np.float64(10.417116232677792), np.float64(10.118790809798249), np.float64(10.217672962791035), np.float64(10.386627531951456)]","[np.float64(9.839968502737921), np.float64(10.19574219259492), np.float64(10.170418432180682), np.float64(9.893093152246605), np.float64(10.130417038078523), np.float64(10.009147854406105), np.float64(10.008338875203695), np.float64(9.662071373250894), np.float64(10.021996440242827), np.float64(9.827868671712288)]","[17.47659707069397, 33.82667517662048, 17.24319815635681, 17.210529327392578, 17.28091263771057, 17.845839023590088, 16.703606605529785, 17.077760934829712, 16.395885705947876, 16.666622400283813]"
4,70,9.902158722965273,10.291747901688828,10.094448325278718,18.115458059310914,0.49635876681753843,0.07482176090455113,0.1448103173198847,"[np.float64(9.383345767049684), np.float64(10.419809691896402), np.float64(10.142530867255896), np.float64(10.273485420250903), np.float64(9.408029169528994), np.float64(9.273350269094907), np.float64(10.121605826347876), np.float64(10.276442361166406), np.float64(10.433088157237552), np.float64(9.289899699824117)]","[np.float64(10.290078712064131), np.float64(10.392218688699362), np.float64(10.19774020361884), np.float64(10.34694769777093), np.float64(10.293775072020251), np.float64(10.186616802243053), np.float64(10.20917116805643), np.float64(10.277016253649935), np.float64(10.376986239092087), np.float64(10.346928179673249)]","[np.float64(10.199778314825195), np.float64(10.271176784562503), np.float64(9.89101258691429), np.float64(10.114720458268177), np.float64(10.17146244874105), np.float64(9.960091216738657), np.float64(9.868388640342193), np.float64(10.076250460361866), np.float64(10.26154266489482), np.float64(10.13005967713843)]","[16.093510389328003, 17.016541719436646, 16.42545247077942, 16.234882354736328, 16.763850688934326, 16.2652804851532, 15.948573112487793, 16.49597954750061, 33.83071160316467, 16.079798221588135]"
4,75,9.93226362877554,10.32113528382662,10.081048044963994,16.67774028778076,0.4695892201878836,0.13389251151660975,0.14608890350521028,"[np.float64(10.317567248419369), np.float64(10.263502447435544), np.float64(10.532317102914089), np.float64(9.394926325764239), np.float64(9.42406867390606), np.float64(10.13608164842828), np.float64(9.354939411257401), np.float64(10.278079956528446), np.float64(9.42629737418753), np.float64(10.194856098914455)]","[np.float64(10.41879228707871), np.float64(10.535372655110836), np.float64(10.499135419434396), np.float64(10.111360832624399), np.float64(10.315883719932406), np.float64(10.201284764134165), np.float64(10.254773378092338), np.float64(10.326973193282079), np.float64(10.332738382713497), np.float64(10.215038205863374)]","[np.float64(10.133480269261238), np.float64(9.993055898373393), np.float64(10.409403296161472), np.float64(10.022958113922545), np.float64(10.146964253189376), np.float64(10.014622975112232), np.float64(9.976121426855164), np.float64(10.210448747224284), np.float64(9.937088710157715), np.float64(9.966336759382528)]","[16.21830153465271, 17.79765224456787, 16.6890971660614, 16.73632502555847, 16.27412247657776, 18.096352338790894, 16.103535413742065, 15.939830303192139, 16.224857568740845, 16.697328805923462]"
4,80,9.797693079379288,10.326807662197584,9.996581656812666,18.387952733039857,0.6571711515091914,0.11090981871319328,0.2063529718381261,"[np.float64(9.317945385766285), np.float64(9.2276395488663), np.float64(10.314079582477705), np.float64(9.326415813556252), np.float64(8.487456206865655), np.float64(10.391903341196702), np.float64(10.32306683461759), np.float64(10.279289547164758), np.float64(10.227063933649946), np.float64(10.082070599631692)]","[np.float64(10.15528055314291), np.float64(10.219526097619372), np.float64(10.283711463135946), np.float64(10.320385626718352), np.float64(10.396118128505732), np.float64(10.478203833243391), np.float64(10.482010882019704), np.float64(10.405804254258664), np.float64(10.293643050380552), np.float64(10.233392732951215)]","[np.float64(10.002435638593129), np.float64(9.664658832694236), np.float64(10.143904856237796), np.float64(9.967342948160677), np.float64(9.712225862401745), np.float64(10.264727558709286), np.float64(9.985877082392477), np.float64(10.260652610740458), np.float64(9.86487625348661), np.float64(10.09911492471025)]","[17.68817377090454, 16.79374861717224, 16.77133870124817, 16.065007209777832, 16.467900276184082, 16.204856634140015, 34.33137226104736, 16.516037940979004, 15.976090431213379, 17.065001487731934]"
4,85,9.951119469504437,10.21911003860866,9.925762231458561,16.153827834129334,0.674694940051977,0.16207531107935047,0.22171287158615885,"[np.float64(10.222393348898104), np.float64(10.317622875999165), np.float64(10.273865786149562), np.float64(10.156231337465119), np.float64(10.147696650919478), np.float64(9.221765412889818), np.float64(10.308894200494477), np.float64(10.293193250116294), np.float64(8.27503878528539), np.float64(10.294493046826965)]","[np.float64(10.244857640435852), np.float64(10.222862114924784), np.float64(10.164694562398426), np.float64(10.137351081054632), np.float64(10.150999741068935), np.float64(10.00907418152917), np.float64(10.305966116581892), np.float64(10.458237370261903), np.float64(10.013069438674979), np.float64(10.48398813915603)]","[np.float64(9.87162046885554), np.float64(9.972817005718838), np.float64(10.036460713773835), np.float64(10.025200259235156), np.float64(10.02886480063268), np.float64(9.66236402270143), np.float64(10.047962784721646), np.float64(10.201677710324121), np.float64(9.434340562697813), np.float64(9.976313985924556)]","[16.214898347854614, 17.13893413543701, 16.0025315284729, 16.166131019592285, 15.67322325706482, 15.720834016799927, 16.586711645126343, 15.937671661376953, 15.67648959159851, 16.42085313796997]"
4,90,10.05292468334142,10.344547691095975,9.941173179779284,18.704346442222594,0.5858387562896933,0.20148737303922976,0.226932198015843,"[np.float64(10.27545248531713), np.float64(10.121283582044946), np.float64(10.189906548820028), np.float64(10.337486845078493), np.float64(10.41115725513409), np.float64(10.204327488238006), np.float64(10.189080026086868), np.float64(8.40688432874944), np.float64(10.281308527994087), np.float64(10.112359745951109)]","[np.float64(10.34720085938474), np.float64(9.929453669092563), np.float64(10.592389887319452), np.float64(10.436419190710495), np.float64(10.572482467806331), np.float64(10.418115564403669), np.float64(10.269752211357238), np.float64(10.190936682207097), np.float64(10.479716379240529), np.float64(10.209009999437642)]","[np.float64(9.952057706147677), np.float64(9.681970053700677), np.float64(9.531439111191702), np.float64(10.296707967181973), np.float64(10.239025328059267), np.float64(9.977989057955734), np.float64(9.867224052684866), np.float64(9.895094888574214), np.float64(9.998677876694135), np.float64(9.97154575560259)]","[16.169236421585083, 17.30870223045349, 16.749340057373047, 16.968223810195923, 17.03153085708618, 36.414978981018066, 16.57788348197937, 16.81945824623108, 16.624048233032227, 16.380062103271484]"
4,95,9.73857060353648,10.151105281533727,9.781557675014806,16.656942415237427,0.5788748282067352,0.17319622751781427,0.2858130249614699,"[np.float64(9.339567355858922), np.float64(9.27242511490416), np.float64(10.118565998304595), np.float64(9.08877204550817), np.float64(10.259119974550332), np.float64(10.105141330708973), np.float64(8.693675805373415), np.float64(10.143911936761292), np.float64(10.275954056733873), np.float64(10.088572416661073)]","[np.float64(10.239813304078723), np.float64(10.238078633265156), np.float64(10.276500923343686), np.float64(9.948364793469041), np.float64(10.353380619170759), np.float64(10.036349868243114), np.float64(9.820974911589907), np.float64(10.073861579504298), np.float64(10.307357792663234), np.float64(10.216370390009356)]","[np.float64(10.06303600610461), np.float64(9.836328172849207), np.float64(9.855476146349414), np.float64(9.582673888580059), np.float64(9.889487906391658), np.float64(9.866375464307755), np.float64(9.09750280665395), np.float64(9.922410626724053), np.float64(10.065216920018326), np.float64(9.637068812169021)]","[16.317009687423706, 18.02516770362854, 16.44534468650818, 16.37864327430725, 17.02025318145752, 16.57821035385132, 16.160248041152954, 16.670526027679443, 16.298638105392456, 16.6753830909729]"
4,100,9.92085468212385,10.119757471330207,9.754682402772579,18.78501250743866,0.615140263100318,0.15312377199299745,0.19615675546665684,"[np.float64(10.003322317930952), np.float64(10.125647233245251), np.float64(8.183626882064404), np.float64(10.117968448580458), np.float64(10.17975017619331), np.float64(10.142551183657714), np.float64(9.980603661904995), np.float64(10.207454111041345), np.float64(10.072835160689024), np.float64(10.194787645931045)]","[np.float64(10.251518654775442), np.float64(10.303929796267212), np.float64(9.786677002495535), np.float64(10.15365577786062), np.float64(10.080948152821271), np.float64(10.15643078852521), np.float64(10.173971918212095), np.float64(10.198506914695963), np.float64(9.934683835379955), np.float64(10.15725187226876)]","[np.float64(9.496778493543268), np.float64(9.770872262229432), np.float64(9.370234147361483), np.float64(9.95912598653544), np.float64(9.802962971635274), np.float64(9.749005475744383), np.float64(9.851892526060425), np.float64(9.960434358844712), np.float64(9.664547124151522), np.float64(9.920970681619856)]","[16.031935214996338, 17.797595739364624, 16.662001609802246, 16.967822313308716, 16.29861068725586, 37.81457018852234, 17.245299100875854, 16.62230348587036, 16.308610677719116, 16.101376056671143]"
5,5,0.0,0.0,0.0,13.400726008415223,0.0,0.0,0.0,"[0, 0, 0, 0, 0, 0, 0, 0, 0, 0]","[0, 0, 0, 0, 0, 0, 0, 0, 0, 0]","[0, 0, 0, 0, 0, 0, 0, 0, 0, 0]","[13.32829761505127, 13.63791799545288, 13.277795314788818, 13.185635566711426, 13.282008171081543, 13.826829433441162, 13.509617805480957, 13.389158248901367, 13.246346473693848, 13.32365345954895]"
5,10,8.080179512832144,8.251118066014104,7.9133975683448385,23.383371925354005,0.30808802467316343,0.09668384904595859,0.15568709445895612,"[np.float64(7.5646334651657074), np.float64(8.185679803326543), np.float64(8.227703318091322), np.float64(8.193987916817527), np.float64(8.217089872689726), np.float64(7.454006154587256), np.float64(8.32603399508127), np.float64(8.30729384323253), np.float64(8.218153061548136), np.float64(8.10721369778142)]","[np.float64(8.239102543881275), np.float64(8.268188955234667), np.float64(8.152012843140305), np.float64(8.0767268880747), np.float64(8.324515779723885), np.float64(8.258590331548115), np.float64(8.329540749307258), np.float64(8.286193157473358), np.float64(8.17005915132337), np.float64(8.406250260434106)]","[np.float64(7.799398840581237), np.float64(7.957377304354273), np.float64(7.837133655069474), np.float64(7.775257755792095), np.float64(8.043986628209879), np.float64(7.856923862792351), np.float64(8.188611005885855), np.float64(8.122409432862145), np.float64(7.800217021477927), np.float64(7.752660176423148)]","[21.15986680984497, 21.58565330505371, 20.717161893844604, 21.02361297607422, 21.47470188140869, 21.146802186965942, 21.205016374588013, 21.095404863357544, 43.89019751548767, 20.535301446914673]"
5,15,8.742440453935904,8.946470049880283,8.643628926510967,21.261408185958864,0.4464186368195333,0.15363471989888525,0.2319981546961693,"[np.float64(8.926463468835182), np.float64(7.731135953398212), np.float64(9.008750965515281), np.float64(8.106347536899522), np.float64(8.889297278324007), np.float64(8.901185350246442), np.float64(9.06889091242001), np.float64(8.898428938105305), np.float64(8.938278407460167), np.float64(8.955625728154919)]","[np.float64(8.93485882331327), np.float64(8.671015690669815), np.float64(9.13667818073346), np.float64(8.945283927280569), np.float64(8.896005390181278), np.float64(8.86782222254681), np.float64(9.22908971189239), np.float64(8.969737731877323), np.float64(8.843876838164087), np.float64(8.970331982143827)]","[np.float64(8.684108219435155), np.float64(8.125005314359058), np.float64(8.959392025153075), np.float64(8.423214984470757), np.float64(8.791348688395097), np.float64(8.710691977377598), np.float64(8.839057688525752), np.float64(8.649046214972737), np.float64(8.612527481088222), np.float64(8.64189667133223)]","[20.71523952484131, 21.159860849380493, 20.479108572006226, 21.936763525009155, 21.109920501708984, 21.624738216400146, 22.248444080352783, 21.606251001358032, 20.87883949279785, 20.854916095733643]"
5,20,9.152594828685048,9.163781888091819,8.865049735266194,21.821951627731323,0.1574394755347048,0.17514803018324623,0.2192812595434492,"[np.float64(8.897345272777933), np.float64(8.990847898688635), np.float64(9.035570109407532), np.float64(9.157143533868929), np.float64(9.154677128456159), np.float64(9.219793801822052), np.float64(9.448157485897697), np.float64(9.311886604070631), np.float64(9.135396386472523), np.float64(9.175130065388394)]","[np.float64(9.079075713564317), np.float64(8.975091223606066), np.float64(8.988689233103456), np.float64(9.114233072182142), np.float64(9.18975066556645), np.float64(9.053600112816838), np.float64(9.549166799714918), np.float64(9.317550484448274), np.float64(9.100801964683694), np.float64(9.26985961123204)]","[np.float64(8.441251517201552), np.float64(8.692200467066577), np.float64(8.81578035794173), np.float64(8.990235955010691), np.float64(8.854655873909183), np.float64(8.943118530647038), np.float64(9.203817910472482), np.float64(9.082391120002733), np.float64(8.68769831826394), np.float64(8.93934730214601)]","[19.36322569847107, 19.378488063812256, 19.267324209213257, 19.473466157913208, 19.385810613632202, 19.888848781585693, 19.60087299346924, 20.43062400817871, 19.558544397354126, 41.87231135368347]"
5,25,9.44832299227284,9.57898741946265,9.329274337595411,20.021027159690856,0.2962266798616314,0.12111541047373967,0.16841658551605962,"[np.float64(9.312561180134624), np.float64(9.701581178731633), np.float64(9.713275689466476), np.float64(9.549052808088335), np.float64(9.437828714084924), np.float64(9.695214823632258), np.float64(9.370464139647215), np.float64(8.704194407046067), np.float64(9.51870845222385), np.float64(9.480348529673002)]","[np.float64(9.339137935417119), np.float64(9.698906804075545), np.float64(9.73170211247148), np.float64(9.586566295572347), np.float64(9.468428400670415), np.float64(9.71103164468782), np.float64(9.498154129177207), np.float64(9.571059790683421), np.float64(9.600021689886832), np.float64(9.584865391984309)]","[np.float64(9.205060808508884), np.float64(9.668055832953016), np.float64(9.385694597407097), np.float64(9.46025817367692), np.float64(9.352327507949722), np.float64(9.464206916989435), np.float64(9.227798660449864), np.float64(9.158183432759127), np.float64(9.134928534478505), np.float64(9.236228910781549)]","[19.819379806518555, 20.67328906059265, 19.967967987060547, 19.608624935150146, 20.031625986099243, 20.233845949172974, 19.857388257980347, 19.681263208389282, 19.673885822296143, 20.66300058364868]"
5,30,9.756593941614696,9.823679717327616,9.543638995007816,19.012444019317627,0.11562663388716268,0.18334516485275665,0.1471548915232014,"[np.float64(9.942940210473362), np.float64(9.670495303494253), np.float64(9.696989350379276), np.float64(9.746067564080654), np.float64(9.832158216618996), np.float64(9.843273803085197), np.float64(9.614458381254062), np.float64(9.802653209413354), np.float64(9.839489015618428), np.float64(9.577414361729383)]","[np.float64(10.016138527494268), np.float64(9.874082130035111), np.float64(9.762306379414472), np.float64(9.86196942407674), np.float64(10.022606075014194), np.float64(9.874518478013199), np.float64(9.644822642890476), np.float64(9.75938191530837), np.float64(9.987811780913908), np.float64(9.433159820115428)]","[np.float64(9.594005948304044), np.float64(9.302647431135174), np.float64(9.718892318049324), np.float64(9.54617597845207), np.float64(9.551031852211317), np.float64(9.7313154824278), np.float64(9.60850129999448), np.float64(9.528221270738948), np.float64(9.563809229929642), np.float64(9.291789138835368)]","[19.028138399124146, 19.198336839675903, 19.509519338607788, 19.062028169631958, 18.82321333885193, 18.731791019439697, 18.80884623527527, 18.757683753967285, 19.20736050605774, 18.997522592544556]"
5,35,10.031154702058455,10.065054559146745,9.845541170415947,21.359183955192567,0.08346223039494016,0.13450363841715196,0.1428830165140723,"[np.float64(10.062526672028882), np.float64(9.905527070382103), np.float64(9.966304471913235), np.float64(10.144519681822722), np.float64(9.995178105771624), np.float64(9.924035726978131), np.float64(10.127029477107532), np.float64(10.093805348914998), np.float64(10.08183892000382), np.float64(10.010781545661494)]","[np.float64(10.021855777558391), np.float64(9.953638609445102), np.float64(9.874006961763255), np.float64(10.02848082405577), np.float64(10.257645224710318), np.float64(9.908304294737947), np.float64(10.106908031398865), np.float64(10.194044149861876), np.float64(10.240133185559094), np.float64(10.065528532376826)]","[np.float64(9.942971555490555), np.float64(9.894043000568725), np.float64(9.763017474478204), np.float64(9.917594683996812), np.float64(9.578276539705769), np.float64(9.677978930029017), np.float64(10.025361526984685), np.float64(9.761043591484167), np.float64(9.954409135795508), np.float64(9.940715265626022)]","[41.26875424385071, 19.095569849014282, 19.27728796005249, 18.791069507598877, 18.984192371368408, 18.923166513442993, 19.14024019241333, 19.064438819885254, 20.030868530273438, 19.01625156402588]"
5,40,9.907711262636296,10.11737513122122,9.944279509381456,18.974770164489748,0.38902818943406875,0.10837257045690787,0.13434367493371904,"[np.float64(10.070634487339778), np.float64(10.170659524276722), np.float64(10.083863353268013), np.float64(9.088807022650125), np.float64(10.024469542712795), np.float64(10.223759406827453), np.float64(9.291102814656693), np.float64(10.137955315211336), np.float64(10.034793567756008), np.float64(9.951067591664028)]","[np.float64(10.059623027541905), np.float64(10.200353341717259), np.float64(10.08859062593278), np.float64(10.01374503453806), np.float64(10.079788223988983), np.float64(10.393156599249192), np.float64(10.112183179884834), np.float64(10.100532724277665), np.float64(10.072810452655297), np.float64(10.052968102426215)]","[np.float64(9.878949281130936), np.float64(10.025455988677265), np.float64(9.840159820083684), np.float64(9.759860501460393), np.float64(9.995362814278252), np.float64(10.209542697182975), np.float64(9.984222009950605), np.float64(9.963041193827085), np.float64(10.008350114820416), np.float64(9.777850672402952)]","[18.571852922439575, 18.240377187728882, 19.283544301986694, 20.087958335876465, 18.37446880340576, 19.290507078170776, 19.349361419677734, 18.51443099975586, 19.22338843345642, 18.811812162399292]"
5,45,10.34146507297384,10.362941322888561,10.200089522054625,21.031458258628845,0.09162661973519047,0.04409953114717142,0.07504176028482289,"[np.float64(10.40903080440991), np.float64(10.13461040795887), np.float64(10.378791705498601), np.float64(10.45634293567985), np.float64(10.287927568854233), np.float64(10.374673584227791), np.float64(10.319298203902806), np.float64(10.338386726792777), np.float64(10.292176006264583), np.float64(10.423412786148985)]","[np.float64(10.36061126006376), np.float64(10.285687784418101), np.float64(10.341615148787994), np.float64(10.424133605419533), np.float64(10.382813341095384), np.float64(10.376734159738737), np.float64(10.401551304509399), np.float64(10.367283364858798), np.float64(10.296770709617624), np.float64(10.39221255037629)]","[np.float64(10.169094194979376), np.float64(10.089844789210337), np.float64(10.215857447018632), np.float64(10.270091683336869), np.float64(10.237810867369866), np.float64(10.32208326998742), np.float64(10.098112201277111), np.float64(10.166154166944295), np.float64(10.170867352492758), np.float64(10.260979247929594)]","[19.500096797943115, 18.514519691467285, 18.590272426605225, 19.048674821853638, 43.95789575576782, 18.03186583518982, 18.142021656036377, 18.1353976726532, 18.0329806804657, 18.360857248306274]"
5,50,10.071831201818982,10.489609958471807,10.27072228189476,18.078949332237244,0.5119160154627898,0.08325636080436913,0.12986226225139658,"[np.float64(10.54707602471067), np.float64(10.508689338297868), np.float64(10.363239296465268), np.float64(9.452449663953843), np.float64(10.438967758883502), np.float64(10.363245887798856), np.float64(10.565244444884986), np.float64(9.549072012227855), np.float64(9.446046152761708), np.float64(9.484281438205263)]","[np.float64(10.608270267804016), np.float64(10.543647606853359), np.float64(10.474569190858315), np.float64(10.501063284567998), np.float64(10.484251622700286), np.float64(10.412954110461209), np.float64(10.563927276889176), np.float64(10.564476786629342), np.float64(10.365157597316678), np.float64(10.37778184063768)]","[np.float64(10.448830904293201), np.float64(10.316776761302345), np.float64(10.250308927426005), np.float64(10.04378987336526), np.float64(10.383401599512586), np.float64(10.113007868211017), np.float64(10.403445525663354), np.float64(10.310639361548922), np.float64(10.262030024171555), np.float64(10.174991973453356)]","[18.553383111953735, 17.847804069519043, 17.797053337097168, 17.55396318435669, 17.97318434715271, 18.22082543373108, 18.040038108825684, 17.88120412826538, 18.655379056930542, 18.266658544540405]"
5,55,10.596756192267957,10.65560472290153,10.461457807034762,21.26251826286316,0.07448066862023549,0.10800214749835307,0.08150105025765728,"[np.float64(10.592207368441793), np.float64(10.594968315414452), np.float64(10.500939972501717), np.float64(10.589214010676882), np.float64(10.606172939610056), np.float64(10.700695553431455), np.float64(10.491206135237134), np.float64(10.540363816529533), np.float64(10.714141668077161), np.float64(10.637652142759395)]","[np.float64(10.65640386490643), np.float64(10.568477811370395), np.float64(10.522881962167167), np.float64(10.565482339025627), np.float64(10.589225841670997), np.float64(10.861145611691239), np.float64(10.766946629008958), np.float64(10.669531439475968), np.float64(10.753493875392532), np.float64(10.602457854305987)]","[np.float64(10.343221225502841), np.float64(10.487050905858947), np.float64(10.389160281717988), np.float64(10.527460352996027), np.float64(10.413733283467812), np.float64(10.49177199724527), np.float64(10.430573411924346), np.float64(10.393917892518228), np.float64(10.612363418946456), np.float64(10.525325300169705)]","[17.681581735610962, 17.6439688205719, 18.745052337646484, 17.594043970108032, 19.007845878601074, 18.31694984436035, 18.34586763381958, 19.216094493865967, 21.92550492286682, 44.14827299118042]"
5,60,10.65029267174004,10.663426726593986,10.456030850710745,18.109713220596312,0.0978363951686407,0.0862636349523623,0.14902051971894462,"[np.float64(10.733568470877362), np.float64(10.75219946461863), np.float64(10.60747482012198), np.float64(10.67945896930557), np.float64(10.42256979974948), np.float64(10.702883077289973), np.float64(10.654666738581124), np.float64(10.602544106248118), np.float64(10.610070889294732), np.float64(10.73749038131342)]","[np.float64(10.709959739892343), np.float64(10.692808345858307), np.float64(10.751719210497543), np.float64(10.783687048967547), np.float64(10.546584504597549), np.float64(10.696485233165896), np.float64(10.579859050225354), np.float64(10.542613576673936), np.float64(10.613531457151462), np.float64(10.717019098909923)]","[np.float64(10.536786984157212), np.float64(10.63116704075963), np.float64(10.406770577459856), np.float64(10.403347246472162), np.float64(10.115871031723795), np.float64(10.50694035865622), np.float64(10.47392383643622), np.float64(10.36799361355581), np.float64(10.488070053136084), np.float64(10.62943776475045)]","[17.49248480796814, 19.03802251815796, 17.983359575271606, 17.782377243041992, 18.02961301803589, 18.6645290851593, 17.797337532043457, 17.84494686126709, 17.757349252700806, 18.707112312316895]"
5,65,10.477434301197686,10.710234798557549,10.44386994482117,17.837349128723144,0.40899316666231994,0.05637403223989026,0.11866255931062428,"[np.float64(10.56880310677866), np.float64(10.576006006300627), np.float64(10.705888345847328), np.float64(9.636304896201475), np.float64(10.76580765176472), np.float64(10.72473548541516), np.float64(10.626267193301816), np.float64(10.679633749471963), np.float64(9.79117073268926), np.float64(10.699725844205853)]","[np.float64(10.696241364283189), np.float64(10.568543115121525), np.float64(10.72297378831086), np.float64(10.710454384059243), np.float64(10.708835999646112), np.float64(10.725004654245975), np.float64(10.734084273407648), np.float64(10.754173675876478), np.float64(10.698870882985284), np.float64(10.783165847639173)]","[np.float64(10.324842893146178), np.float64(10.336874317236418), np.float64(10.527201003807443), np.float64(10.320604606153074), np.float64(10.582848513364365), np.float64(10.540034909455139), np.float64(10.26705482360317), np.float64(10.457791849937056), np.float64(10.530924455736471), np.float64(10.550522075772381)]","[17.682786464691162, 18.003953456878662, 17.564687967300415, 18.355491399765015, 17.97674798965454, 17.930060148239136, 17.662368535995483, 17.729889631271362, 17.809187412261963, 17.658318281173706]"
5,70,10.710706001294671,10.737007659865228,10.543210364649147,20.63125112056732,0.09151031255499674,0.12000831948126471,0.13760430564680565,"[np.float64(10.707146504843221), np.float64(10.665744151024862), np.float64(10.509236180053048), np.float64(10.777363393432706), np.float64(10.837204298987455), np.float64(10.706327767824478), np.float64(10.779454190468401), np.float64(10.756220042999471), np.float64(10.63904972148458), np.float64(10.72931376182848)]","[np.float64(10.769775493531615), np.float64(10.768497602586896), np.float64(10.45088880949788), np.float64(10.709028258390076), np.float64(10.928595033951389), np.float64(10.73695420991151), np.float64(10.802198235457528), np.float64(10.705458313937898), np.float64(10.712935007500711), np.float64(10.785745633886766)]","[np.float64(10.604951087069502), np.float64(10.43106190194407), np.float64(10.350927792420455), np.float64(10.637031087272188), np.float64(10.76563542665387), np.float64(10.626055977863071), np.float64(10.509223891577342), np.float64(10.660106841969416), np.float64(10.358518964639153), np.float64(10.488590675082396)]","[17.603728771209717, 18.61910128593445, 18.030695915222168, 17.500130653381348, 17.936744928359985, 46.144503116607666, 17.53135657310486, 17.727846384048462, 17.51087784767151, 17.707525730133057]"
5,75,10.77071626355736,10.811843163650963,10.51057541760349,17.48807144165039,0.0788790038961083,0.14918099292878098,0.15703412807873915,"[np.float64(10.84761789420131), np.float64(10.818870262798775), np.float64(10.738987546365735), np.float64(10.701253763624571), np.float64(10.786010067787064), np.float64(10.649553839830414), np.float64(10.760771214993362), np.float64(10.683437287307552), np.float64(10.900582832182852), np.float64(10.820077926481959)]","[np.float64(10.822996989057417), np.float64(10.75587300890676), np.float64(10.890687721298058), np.float64(10.666533596003996), np.float64(10.659994302114216), np.float64(10.629825506438033), np.float64(11.086361300550717), np.float64(10.782691650826834), np.float64(11.00487755095734), np.float64(10.818590010356258)]","[np.float64(10.637233629587891), np.float64(10.579785214858198), np.float64(10.536794539208048), np.float64(10.405782707468877), np.float64(10.610183821244172), np.float64(10.454558222877477), np.float64(10.339745111631874), np.float64(10.202702488283), np.float64(10.638632204013232), np.float64(10.700336236862132)]","[17.816552877426147, 17.3145649433136, 17.463016510009766, 17.340229749679565, 17.481183528900146, 17.50114941596985, 17.53217124938965, 17.125775814056396, 17.33523440361023, 17.97083592414856]"
5,80,10.482294762984397,10.75012244344559,10.530030254196959,17.595239186286925,0.4481596016396813,0.09464153535113633,0.1578643991808445,"[np.float64(10.940718727249283), np.float64(10.704266990977347), np.float64(9.799407997500971), np.float64(10.78899198633823), np.float64(10.764368702441255), np.float64(9.903537768416847), np.float64(9.845990800658083), np.float64(10.536918419385488), np.float64(10.752318385280496), np.float64(10.786427851595967)]","[np.float64(10.843274669414491), np.float64(10.84382040513299), np.float64(10.822032523807195), np.float64(10.750259483515213), np.float64(10.678365927863792), np.float64(10.70101380590528), np.float64(10.800567116146945), np.float64(10.680574472746281), np.float64(10.556547648647362), np.float64(10.824768381276355)]","[np.float64(10.767350352198768), np.float64(10.531165209706636), np.float64(10.294949563215896), np.float64(10.6676243363035), np.float64(10.599173128440567), np.float64(10.554243483020521), np.float64(10.582299554818311), np.float64(10.241113003934682), np.float64(10.498038047985965), np.float64(10.56434586234473)]","[17.80522346496582, 17.8163058757782, 17.801777124404907, 17.36399006843567, 17.50714898109436, 17.68649411201477, 17.577617645263672, 17.160282135009766, 17.192229986190796, 18.041322469711304]"
5,85,10.520378370509182,10.727824545068803,10.462353588031378,20.611014223098756,0.43200808117320927,0.1634669972320193,0.15903939155057834,"[np.float64(9.711254766073074), np.float64(10.813901803046766), np.float64(10.866616937128915), np.float64(10.641454368849208), np.float64(10.7097880535456), np.float64(10.690239036138259), np.float64(10.675618263084841), np.float64(9.710816879631448), np.float64(10.668137797972182), np.float64(10.71595579962152)]","[np.float64(10.492343964377957), np.float64(10.927241287590968), np.float64(10.870223449950696), np.float64(10.559227102849778), np.float64(10.744887698011647), np.float64(10.533353030024106), np.float64(10.764857433448562), np.float64(10.789463616885309), np.float64(10.651097939165128), np.float64(10.945549928383866)]","[np.float64(10.358944667269402), np.float64(10.722655723853787), np.float64(10.710418255118494), np.float64(10.340338427301615), np.float64(10.466017520489721), np.float64(10.28706163558083), np.float64(10.327299464523234), np.float64(10.499011541790553), np.float64(10.350159256591592), np.float64(10.56162938779456)]","[17.193119287490845, 17.257087469100952, 17.80073833465576, 48.643662452697754, 18.59215807914734, 17.37969446182251, 17.269791841506958, 17.339435815811157, 17.335749864578247, 17.298704624176025]"
5,90,10.511880026470084,10.667429078388164,10.226659859697179,17.525813817977905,0.33208018937921335,0.12259423433521675,0.18232925352881355,"[np.float64(10.695201575612344), np.float64(10.568299186280825), np.float64(10.553702823627814), np.float64(10.607724007716781), np.float64(10.853601186138212), np.float64(10.664126522203178), np.float64(10.536851629543854), np.float64(10.423012626876003), np.float64(10.59305547640178), np.float64(9.62322523030006)]","[np.float64(10.637329070826247), np.float64(10.486444135106101), np.float64(10.553676982489053), np.float64(10.802118676930741), np.float64(10.860238084293838), np.float64(10.65109669977612), np.float64(10.746711885233648), np.float64(10.620713796711128), np.float64(10.547452344983155), np.float64(10.768509107531615)]","[np.float64(10.455141120802153), np.float64(10.21545399785459), np.float64(10.12404696276424), np.float64(10.281223668735306), np.float64(10.370239656899239), np.float64(10.48713927697701), np.float64(10.004016874004128), np.float64(9.995312151101306), np.float64(10.298708612390913), np.float64(10.03531627544291)]","[17.85565423965454, 17.6722674369812, 17.26866626739502, 18.378145933151245, 17.59720802307129, 17.270535469055176, 17.34403371810913, 17.31508779525757, 17.502013683319092, 17.05452561378479]"
5,95,10.120141969428628,10.615266294991729,10.209562657630329,17.251924777030943,0.4795628933546644,0.13252235776364124,0.20482324700924404,"[np.float64(9.645558858908641), np.float64(9.596515136953462), np.float64(10.591786990103467), np.float64(10.585100569314092), np.float64(9.744148931138447), np.float64(10.529741472358173), np.float64(9.769317886287759), np.float64(9.58870558350648), np.float64(10.537564136571076), np.float64(10.612980129144693)]","[np.float64(10.409291535869917), np.float64(10.565174130844726), np.float64(10.7565397442868), np.float64(10.757056325872929), np.float64(10.69279500957541), np.float64(10.495164254053932), np.float64(10.750476959907136), np.float64(10.436716296401988), np.float64(10.663821071385385), np.float64(10.625627621719065)]","[np.float64(10.01603062199717), np.float64(9.922780273311517), np.float64(10.265289257338349), np.float64(10.473455749181529), np.float64(10.288974617802726), np.float64(10.080431691684609), np.float64(10.579751687225386), np.float64(10.170798165113853), np.float64(10.058824823929244), np.float64(10.2392896887189)]","[17.447786569595337, 16.98505449295044, 17.527766942977905, 17.61552357673645, 17.24062728881836, 17.12463116645813, 17.1874098777771, 16.973584413528442, 17.129385948181152, 17.287477493286133]"
5,100,10.284857917134664,10.599146413881632,10.097227262421109,20.77097260951996,0.43430149845753296,0.20414258419238623,0.21884641091125737,"[np.float64(10.663730200178817), np.float64(10.436248348983337), np.float64(10.442472566359775), np.float64(10.672069507051699), np.float64(10.41635178586201), np.float64(10.343121216280645), np.float64(9.421108643631738), np.float64(10.505008897499797), np.float64(9.557021396406778), np.float64(10.391446609092036)]","[np.float64(10.758496257559067), np.float64(10.592580713408825), np.float64(10.437559459285563), np.float64(10.973393691574758), np.float64(10.346939750320878), np.float64(10.397414598743797), np.float64(10.580835890829395), np.float64(10.858209257008827), np.float64(10.530660813283863), np.float64(10.515373706801356)]","[np.float64(10.391075582931638), np.float64(9.851604945851168), np.float64(10.25010189062889), np.float64(10.321084392305824), np.float64(10.199964838709473), np.float64(9.927955201153267), np.float64(9.800694454733993), np.float64(10.132274926845072), np.float64(10.246011020207153), np.float64(9.851505370844613)]","[17.025513887405396, 49.828904151916504, 19.049513816833496, 17.80015277862549, 17.37082600593567, 17.091546773910522, 17.11755895614624, 17.37752079963684, 17.445291757583618, 17.60289716720581]"
6,5,0.0,0.0,0.0,13.5211097240448,0.0,0.0,0.0,"[0, 0, 0, 0, 0, 0, 0, 0, 0, 0]","[0, 0, 0, 0, 0, 0, 0, 0, 0, 0]","[0, 0, 0, 0, 0, 0, 0, 0, 0, 0]","[13.730610132217407, 13.585390090942383, 13.211199045181274, 13.735889911651611, 13.395477294921875, 14.1572265625, 13.414892196655273, 13.334684371948242, 13.354159832000732, 13.2915678024292]"
6,10,8.464832952367674,8.633564116548486,8.33962522564429,22.3206050157547,0.3147700525041619,0.151882444407713,0.18508738979563938,"[np.float64(8.337161273372743), np.float64(7.909489355386318), np.float64(8.022177115989493), np.float64(8.556199982001148), np.float64(8.839769603923143), np.float64(8.371650953977401), np.float64(8.568382518919163), np.float64(8.478407202626116), np.float64(8.800889374776325), np.float64(8.764202142704882)]","[np.float64(8.359489463208478), np.float64(8.628028803215534), np.float64(8.746841636336393), np.float64(8.490429353934951), np.float64(8.671913392267882), np.float64(8.669839317460774), np.float64(8.46580459270844), np.float64(8.681958145659852), np.float64(8.850316994060826), np.float64(8.77101946663173)]","[np.float64(8.217501942140967), np.float64(8.474859435602355), np.float64(8.557819553227738), np.float64(8.293434964775876), np.float64(8.406819976830715), np.float64(7.991955192423642), np.float64(8.229636552455396), np.float64(8.215030169365779), np.float64(8.409916630764481), np.float64(8.599277838855953)]","[22.013180017471313, 22.18237018585205, 22.301711797714233, 23.590517044067383, 22.133342027664185, 22.077304124832153, 22.17941641807556, 22.29228925704956, 22.36602783203125, 22.069891452789307]"
6,15,9.114021557902634,9.19146538492241,8.909619937156707,25.705921721458434,0.2855146375980129,0.21447893922328065,0.16932455751674755,"[np.float64(9.026439707287322), np.float64(9.421535617372077), np.float64(9.06890552243702), np.float64(9.044717720090228), np.float64(8.397537257261247), np.float64(9.124886601753623), np.float64(9.355013836357616), np.float64(9.155481696305339), np.float64(9.251904801862489), np.float64(9.293792818299368)]","[np.float64(8.895603640502447), np.float64(9.531930962289865), np.float64(8.959774058173924), np.float64(9.032324663627719), np.float64(9.09871265424339), np.float64(9.19368195291589), np.float64(9.519940462383996), np.float64(9.220091718106346), np.float64(9.305650406508224), np.float64(9.15694333047229)]","[np.float64(8.772379875024743), np.float64(9.29354243730107), np.float64(8.782477241232854), np.float64(8.759995402451104), np.float64(8.934427052383072), np.float64(9.01982291133406), np.float64(9.004294798361869), np.float64(8.742604578228464), np.float64(8.853927460150997), np.float64(8.932727615098834)]","[22.13794445991516, 22.04963707923889, 56.30882501602173, 22.0795636177063, 21.99057674407959, 22.819259881973267, 22.446692943572998, 22.553410053253174, 22.443523406982422, 22.22978401184082]"
6,20,9.339550984236267,9.52532030939491,9.25797204658466,20.907816648483276,0.3420835366535106,0.09030521721588812,0.08937186220983563,"[np.float64(9.388043426403907), np.float64(9.57735071812351), np.float64(9.532523566762286), np.float64(8.712748211006941), np.float64(9.504777129411302), np.float64(9.524149728742099), np.float64(9.561975685159696), np.float64(8.692791068243485), np.float64(9.522581074950283), np.float64(9.378569233559164)]","[np.float64(9.323209396876196), np.float64(9.609192796651573), np.float64(9.621997107093629), np.float64(9.503361965151104), np.float64(9.634569939137949), np.float64(9.500781700692196), np.float64(9.551072358611723), np.float64(9.526674367352385), np.float64(9.499786425618655), np.float64(9.4825570367637)]","[np.float64(9.219886409879594), np.float64(9.190122195965422), np.float64(9.140633339124568), np.float64(9.366001658700249), np.float64(9.440935792144474), np.float64(9.281067794417106), np.float64(9.20053938659272), np.float64(9.263350537551325), np.float64(9.272542364790516), np.float64(9.20464098668063)]","[20.511298656463623, 20.883410692214966, 20.694774627685547, 20.994287967681885, 20.54797053337097, 21.655311107635498, 20.653111457824707, 21.07867956161499, 20.45682644844055, 21.602495431900024]"
6,25,9.695436345924133,9.915832225744706,9.689764016686183,21.391232585906984,0.36866146973510605,0.11171776133340863,0.09349316328216867,"[np.float64(9.764938148316032), np.float64(9.756443277736945), np.float64(9.878767804955995), np.float64(9.00783873877904), np.float64(10.041767240211513), np.float64(9.018328566961632), np.float64(9.911732836612934), np.float64(9.90146835000438), np.float64(9.856222042418729), np.float64(9.81685645324412)]","[np.float64(9.774577374468976), np.float64(9.780853001027307), np.float64(9.84358025504287), np.float64(9.998015664516235), np.float64(10.014548767980838), np.float64(10.057723138065606), np.float64(9.951252678081877), np.float64(10.018425363814124), np.float64(9.77536621034354), np.float64(9.943979804105696)]","[np.float64(9.668064336358878), np.float64(9.667613246560833), np.float64(9.636601026083412), np.float64(9.705732562430256), np.float64(9.859078139156939), np.float64(9.505528640878097), np.float64(9.750411693792183), np.float64(9.738371267390942), np.float64(9.73737304315274), np.float64(9.628866211057563)]","[22.82803225517273, 20.640955209732056, 20.311508655548096, 20.75784468650818, 21.25458836555481, 21.612695693969727, 21.551690578460693, 20.928744554519653, 21.436511993408203, 22.58975386619568]"
6,30,9.998573051038994,10.112380978502824,9.86895175789106,24.00201885700226,0.3222291692548299,0.1219668353749713,0.2130229506491199,"[np.float64(10.19477008934087), np.float64(9.159654488324982), np.float64(10.244775552795785), np.float64(10.131910264829012), np.float64(9.819032346021075), np.float64(10.118439008278267), np.float64(10.181046480594453), np.float64(10.121326801593584), np.float64(10.104055921300098), np.float64(9.910719557311815)]","[np.float64(10.152056719934015), np.float64(10.022304959042277), np.float64(10.282750420672043), np.float64(10.010187960354031), np.float64(9.979263525118366), np.float64(10.175895563140404), np.float64(10.210667697976422), np.float64(10.253543693561063), np.float64(10.107405076312213), np.float64(9.929734168917404)]","[np.float64(9.945521093871093), np.float64(9.49130983688509), np.float64(10.067958672086617), np.float64(9.944175108502712), np.float64(9.555390270284294), np.float64(9.9114577121575), np.float64(10.061950211455613), np.float64(10.062768295305302), np.float64(9.958240086090328), np.float64(9.690746292272049)]","[20.371742248535156, 52.55305242538452, 21.135329246520996, 21.124652862548828, 21.11618733406067, 20.883585691452026, 21.086586236953735, 20.793186902999878, 20.691752672195435, 20.264112949371338]"
6,35,10.291673738228985,10.415188081311296,10.21118195333208,20.45426199436188,0.2792748288356333,0.047529939245837594,0.0678059174872131,"[np.float64(10.47270565752052), np.float64(10.411839784849043), np.float64(10.376128380451158), np.float64(10.400686493365235), np.float64(10.318365302256755), np.float64(10.380227129833848), np.float64(10.343139348472498), np.float64(9.508826167305672), np.float64(10.398724876677464), np.float64(10.306094241557654)]","[np.float64(10.467432605627057), np.float64(10.40879805732435), np.float64(10.407724299749647), np.float64(10.41637712508792), np.float64(10.469428421926063), np.float64(10.429138042038225), np.float64(10.31480430871793), np.float64(10.374868596551075), np.float64(10.39907450529502), np.float64(10.464234850795668)]","[np.float64(10.31143856256023), np.float64(10.215293746955824), np.float64(10.123688169112857), np.float64(10.291141716613538), np.float64(10.095753110679603), np.float64(10.237723067813143), np.float64(10.236958393021085), np.float64(10.226167666446871), np.float64(10.162762610596944), np.float64(10.210892489520695)]","[20.313786029815674, 21.142560243606567, 20.566097259521484, 20.252919912338257, 21.90602707862854, 20.116187810897827, 19.93710684776306, 20.055553674697876, 19.892749071121216, 20.35963201522827]"
6,40,10.480761915465377,10.51050888774839,10.281146334153265,20.24278347492218,0.08765048072970534,0.07770744953622172,0.13798766333755966,"[np.float64(10.500790401653902), np.float64(10.414547797598477), np.float64(10.614547832239658), np.float64(10.357476778417587), np.float64(10.622867358611487), np.float64(10.438814335649367), np.float64(10.426299035340888), np.float64(10.541245737424042), np.float64(10.455448759053427), np.float64(10.43558111866494)]","[np.float64(10.47538479120817), np.float64(10.468223087124274), np.float64(10.66186408120899), np.float64(10.374673314254034), np.float64(10.59208778135214), np.float64(10.50843456343561), np.float64(10.48669154500591), np.float64(10.534919374832144), np.float64(10.532839457704403), np.float64(10.469970881358227)]","[np.float64(10.307510357550466), np.float64(10.18694543071804), np.float64(10.350316151992612), np.float64(10.161769582900474), np.float64(10.532641048492628), np.float64(10.174492061402532), np.float64(10.102950560258417), np.float64(10.458551675495592), np.float64(10.22033143127503), np.float64(10.315955041446863)]","[19.863420724868774, 21.239967584609985, 20.5732741355896, 19.82650327682495, 20.230130434036255, 19.843021392822266, 19.809884786605835, 20.085535526275635, 20.511038064956665, 20.445058822631836]"
6,45,10.636360477013822,10.680990520745253,10.442965741924848,24.257372283935545,0.03536579421725305,0.12159481146435451,0.056560614292122474,"[np.float64(10.663198002469574), np.float64(10.575003325137782), np.float64(10.710862051695), np.float64(10.619061898774376), np.float64(10.628140241108413), np.float64(10.636004343787972), np.float64(10.625072916965461), np.float64(10.629177600895446), np.float64(10.620297268049809), np.float64(10.656787121254391)]","[np.float64(10.927732942567626), np.float64(10.53721059856713), np.float64(10.789084228394438), np.float64(10.573611540544215), np.float64(10.662114125188351), np.float64(10.719474378298834), np.float64(10.588007229863369), np.float64(10.618076069801939), np.float64(10.615671536155482), np.float64(10.778922558071146)]","[np.float64(10.384231566198517), np.float64(10.428543510856176), np.float64(10.4329539405791), np.float64(10.447167989182965), np.float64(10.448992259250595), np.float64(10.51673096652048), np.float64(10.327544060214473), np.float64(10.491269001067742), np.float64(10.505146307320672), np.float64(10.447077818057757)]","[20.88818621635437, 20.95718240737915, 55.92634177207947, 20.993311405181885, 20.531969785690308, 20.53912043571472, 20.220807790756226, 21.450719833374023, 20.489611387252808, 20.57647180557251]"
6,50,10.745348262090843,10.757372809221659,10.571352611285427,20.168630361557007,0.07455362248101206,0.09832910629574268,0.15665709460888852,"[np.float64(10.627648110824552), np.float64(10.87715577209376), np.float64(10.72275941607702), np.float64(10.736463983835716), np.float64(10.701149581445348), np.float64(10.76983042200881), np.float64(10.842689650685724), np.float64(10.694839131874417), np.float64(10.698156002444176), np.float64(10.78279054961891)]","[np.float64(10.59263635488798), np.float64(10.936153694019252), np.float64(10.76713497266937), np.float64(10.744319033757547), np.float64(10.715708595938688), np.float64(10.732721705116136), np.float64(10.885169802530008), np.float64(10.664689615084674), np.float64(10.75821075877266), np.float64(10.776983559440266)]","[np.float64(10.49045389561044), np.float64(10.735055522939913), np.float64(10.609214329809294), np.float64(10.521020497149884), np.float64(10.356366731995744), np.float64(10.637887569685049), np.float64(10.837283505676321), np.float64(10.368833751691238), np.float64(10.47605075127729), np.float64(10.6813595570191)]","[19.74558115005493, 19.957090854644775, 19.689441919326782, 21.175366640090942, 20.183390617370605, 20.001739025115967, 20.091585397720337, 21.059924840927124, 19.897598028182983, 19.88458514213562]"
6,55,10.59894666257601,10.940219283415617,10.693627501029571,19.937922286987305,0.46768123354957564,0.05591544104151434,0.12580686229828972,"[np.float64(10.949104347871657), np.float64(10.923445069326487), np.float64(10.878572230169274), np.float64(9.906982139157714), np.float64(10.806810598504647), np.float64(10.882803650393502), np.float64(10.873008563115768), np.float64(10.899006138773888), np.float64(10.014507012729515), np.float64(9.855226875717653)]","[np.float64(10.89705918109905), np.float64(10.826831888609316), np.float64(10.964165230465849), np.float64(10.909248504368586), np.float64(10.978741302890496), np.float64(10.932461948570069), np.float64(11.001480464094955), np.float64(10.931456160243831), np.float64(11.020920802785941), np.float64(10.939827351028072)]","[np.float64(10.845524108333086), np.float64(10.793687086875206), np.float64(10.750667446366453), np.float64(10.783225284705352), np.float64(10.606682326904934), np.float64(10.62046952548111), np.float64(10.68380495352109), np.float64(10.672777408616138), np.float64(10.767262135822282), np.float64(10.412174733670057)]","[19.88648295402527, 20.547210931777954, 19.42514944076538, 19.328389167785645, 20.056628465652466, 19.991715669631958, 20.910256385803223, 20.07956027984619, 19.563554048538208, 19.590275526046753]"
6,60,10.9534243982979,11.01635957816752,10.802914423668337,23.426625204086303,0.0725808541032561,0.07996163387832152,0.08427836482408187,"[np.float64(10.955742360574547), np.float64(10.982238053142822), np.float64(11.031819707470094), np.float64(10.943517919762053), np.float64(10.831114133434182), np.float64(10.92587463964591), np.float64(11.047344911276973), np.float64(10.956253985304029), np.float64(10.844428868154079), np.float64(11.015909404214314)]","[np.float64(11.012968310309848), np.float64(11.043165863816313), np.float64(11.113837693006218), np.float64(11.131473679770318), np.float64(10.95309461124121), np.float64(10.935176220988904), np.float64(11.046629355075739), np.float64(11.042196705823729), np.float64(10.868425919721334), np.float64(11.016627421921594)]","[np.float64(10.768384731196864), np.float64(10.862698096029725), np.float64(10.831371253134092), np.float64(10.703337406847638), np.float64(10.759195666542107), np.float64(10.69624283042904), np.float64(10.966778436590085), np.float64(10.841141790855552), np.float64(10.74162794112064), np.float64(10.858366083937636)]","[19.757810354232788, 19.832148551940918, 19.952301740646362, 20.23554563522339, 20.00881290435791, 55.40870118141174, 19.716508388519287, 19.80228328704834, 19.969592094421387, 19.582547903060913]"
6,65,10.95092328889215,11.078160390259878,10.837056708609914,19.54153687953949,0.30321652107253855,0.0941410519763487,0.11074779318592391,"[np.float64(11.12599010236594), np.float64(11.113081555448582), np.float64(10.905267516192483), np.float64(11.160305037671009), np.float64(11.048646825658205), np.float64(11.01376119382122), np.float64(10.978074076269825), np.float64(10.118537148521263), np.float64(11.082630332635645), np.float64(10.962939100337335)]","[np.float64(11.145440570376236), np.float64(11.18915093295391), np.float64(10.964613579189608), np.float64(11.161044264971565), np.float64(10.925703875873632), np.float64(10.996238107927104), np.float64(11.032723457399896), np.float64(11.138653915888414), np.float64(11.16354027734335), np.float64(11.064494920675068)]","[np.float64(10.911518096892486), np.float64(11.012600810689825), np.float64(10.663297276753351), np.float64(10.882135157241482), np.float64(10.722224384453911), np.float64(10.782891336791062), np.float64(10.894095517308989), np.float64(10.94650610007589), np.float64(10.818817016988053), np.float64(10.736481388904092)]","[19.701757431030273, 19.402801513671875, 19.720649003982544, 19.408624172210693, 19.866389274597168, 19.339466333389282, 19.370062589645386, 19.14702844619751, 19.798266649246216, 19.66032338142395]"
6,70,11.048865594838333,11.083930777287328,10.854301660796997,19.553194665908812,0.11250299074165568,0.11315102481174488,0.17628855445655983,"[np.float64(11.022011617372558), np.float64(10.896504047703578), np.float64(11.065572018109586), np.float64(11.126792959883481), np.float64(11.198100482403857), np.float64(10.979388911710027), np.float64(10.919899072354793), np.float64(11.205933189282536), np.float64(10.950757829957121), np.float64(11.12369581960579)]","[np.float64(11.192113540657179), np.float64(10.94112579813336), np.float64(11.206932037222044), np.float64(10.986482758907552), np.float64(11.179396028054867), np.float64(11.102488763246924), np.float64(11.016487385939284), np.float64(11.170337507997694), np.float64(10.900819885930751), np.float64(11.14312406678363)]","[np.float64(10.970724328457884), np.float64(10.758290336635287), np.float64(10.82028343193263), np.float64(10.965276182630696), np.float64(10.910328272077063), np.float64(10.891008387943002), np.float64(10.529467820044484), np.float64(11.070331566218481), np.float64(10.609353140840284), np.float64(11.017953141190164)]","[19.615002393722534, 19.501938343048096, 20.1108615398407, 19.79082989692688, 19.663751125335693, 19.44549822807312, 19.38431143760681, 19.404634475708008, 19.28177237510681, 19.333346843719482]"
6,75,10.931520780027224,11.060879332747824,10.848241357759907,19.354840660095213,0.37057795506994,0.1502434131359582,0.15699436882898388,"[np.float64(10.911719653678212), np.float64(11.086206542777765), np.float64(11.073079021195438), np.float64(11.109585296463736), np.float64(11.136642146772875), np.float64(10.897596453734202), np.float64(11.110215121117674), np.float64(9.908569306136938), np.float64(11.12570015663901), np.float64(10.955894101756392)]","[np.float64(10.903636007192022), np.float64(11.074006117902988), np.float64(10.918517650047198), np.float64(11.216939754768553), np.float64(11.15838822131834), np.float64(10.920754002575226), np.float64(11.280818823533332), np.float64(11.008210003337526), np.float64(11.22705731193532), np.float64(10.900465434867733)]","[np.float64(10.755066258490187), np.float64(10.975893388664963), np.float64(10.84941491235891), np.float64(10.822596030124087), np.float64(11.00285988891649), np.float64(10.675363331039726), np.float64(11.061775586588755), np.float64(10.574614549995903), np.float64(10.981388390095253), np.float64(10.783441241324795)]","[19.35896134376526, 19.732283115386963, 20.873929023742676, 19.15444540977478, 18.95864701271057, 19.396039962768555, 19.060447216033936, 18.648396730422974, 19.026874780654907, 19.33838200569153]"
6,80,10.727940124317401,11.060716627115486,10.79628498174268,22.963552832603455,0.5004270142041884,0.15572980668846756,0.25268154820911937,"[np.float64(10.986538361278214), np.float64(11.16736370862706), np.float64(10.824808570280057), np.float64(9.920101763606652), np.float64(11.156267879933905), np.float64(10.906213960950986), np.float64(11.075114480205665), np.float64(11.09607483428213), np.float64(10.02929212082324), np.float64(10.11762556318611)]","[np.float64(10.995897726169838), np.float64(11.26239923530521), np.float64(11.029909799351358), np.float64(10.926576358073161), np.float64(11.255406031917216), np.float64(10.805967012989688), np.float64(11.24732733920952), np.float64(10.9713950890768), np.float64(10.989808059586569), np.float64(11.122479619475502)]","[np.float64(10.762569101475378), np.float64(11.092911560176775), np.float64(10.491690998524717), np.float64(10.337503995088417), np.float64(10.936386715029133), np.float64(10.670005238029672), np.float64(11.165272963441403), np.float64(10.879054213805684), np.float64(10.774588803951247), np.float64(10.85286622790438)]","[60.9782600402832, 19.021323204040527, 19.09889030456543, 18.45275068283081, 18.842464447021484, 18.824533939361572, 18.66858720779419, 18.821286916732788, 18.352184295654297, 18.575247287750244]"
6,85,10.90215395465167,11.023810456402003,10.697269788157787,19.264129161834717,0.37368465305989773,0.21687470888456467,0.11048242769397534,"[np.float64(11.005627253886543), np.float64(11.090040670015954), np.float64(10.884201661339644), np.float64(10.958429198508815), np.float64(9.854372315863236), np.float64(11.103335000635099), np.float64(11.050395109948852), np.float64(10.9918056336518), np.float64(11.040218447867135), np.float64(11.043114254799626)]","[np.float64(11.002957679620378), np.float64(11.332509729161794), np.float64(10.833384696377692), np.float64(11.186942833975406), np.float64(10.555250347419666), np.float64(11.20395009676413), np.float64(11.118537675137226), np.float64(11.007034126735094), np.float64(11.031933392299285), np.float64(10.965603986529361)]","[np.float64(10.595281804759422), np.float64(10.721953883025463), np.float64(10.664293950578111), np.float64(10.683590126711966), np.float64(10.442313828302249), np.float64(10.741881607440838), np.float64(10.804224727221557), np.float64(10.806520912804896), np.float64(10.745583519188669), np.float64(10.767053521544698)]","[19.559065103530884, 18.949254989624023, 18.496297597885132, 19.52575945854187, 19.197551488876343, 20.313800811767578, 18.97550368309021, 19.196293115615845, 19.212234497070312, 19.21553087234497]"
6,90,10.81119058436971,11.051907059911091,10.746366899784329,18.72914352416992,0.39668261575568436,0.1405057470307783,0.09473280926963397,"[np.float64(10.952821510359273), np.float64(10.80625094071485), np.float64(11.094664435268392), np.float64(10.948836475680856), np.float64(9.94133321975023), np.float64(11.05374651191161), np.float64(11.103527530929258), np.float64(10.239682514244178), np.float64(11.050622555489468), np.float64(10.920420149348983)]","[np.float64(11.095531715244334), np.float64(10.98880672726853), np.float64(11.102633071731002), np.float64(10.89287456882665), np.float64(10.806640726727712), np.float64(11.12112647338901), np.float64(11.157731994377237), np.float64(11.305651498080367), np.float64(11.054384993541309), np.float64(10.99368882992475)]","[np.float64(10.674170374261905), np.float64(10.60758236831013), np.float64(10.871777130849333), np.float64(10.743343701921809), np.float64(10.66162679486418), np.float64(10.70893342072484), np.float64(10.92126950535042), np.float64(10.755282834712972), np.float64(10.781552075221082), np.float64(10.73813079162662)]","[19.394349813461304, 19.533891201019287, 18.905369758605957, 18.47819209098816, 18.982415914535522, 18.309539794921875, 18.475534439086914, 18.489254474639893, 18.235528469085693, 18.487359285354614]"
6,95,10.743054071019099,10.975233896551519,10.682112138227371,23.17451090812683,0.3704079407177059,0.18216594515515466,0.19904286687637,"[np.float64(10.962208249716106), np.float64(10.9641537557839), np.float64(10.190112174818204), np.float64(10.86286833077748), np.float64(11.064980821743065), np.float64(10.945140023219507), np.float64(10.642892738376409), np.float64(11.014220293183731), np.float64(10.806266249652182), np.float64(9.977698072920395)]","[np.float64(11.15645076994563), np.float64(10.921264892623766), np.float64(11.14912013709364), np.float64(10.857752839964157), np.float64(11.225094557589687), np.float64(11.063402566387957), np.float64(10.790440990745314), np.float64(11.083320092055816), np.float64(10.708970101079581), np.float64(10.796522018029643)]","[np.float64(10.806079243849267), np.float64(10.75448459426828), np.float64(10.874644201444625), np.float64(10.680837015817112), np.float64(10.699073909666826), np.float64(10.725360940268805), np.float64(10.22595802795643), np.float64(10.896712223686638), np.float64(10.475717421526461), np.float64(10.682253803789262)]","[18.165022611618042, 19.123035669326782, 18.37073588371277, 19.18939185142517, 18.749940633773804, 18.877199172973633, 18.49044418334961, 62.74758052825928, 19.468578577041626, 18.563179969787598]"
6,100,10.642442518052805,10.899024971951826,10.458899790910209,18.650300312042237,0.4333879236705256,0.14820044674270624,0.16656679738970506,"[np.float64(9.784355523773312), np.float64(9.910910882394896), np.float64(10.969811947323032), np.float64(11.043353599052232), np.float64(10.827643414392611), np.float64(10.752668259305345), np.float64(10.725297653858084), np.float64(10.704749150656324), np.float64(10.904596872911618), np.float64(10.80103787686059)]","[np.float64(10.964157213367905), np.float64(10.837065319762507), np.float64(11.122067437068452), np.float64(11.047823586839003), np.float64(10.92809438839592), np.float64(10.909345227367721), np.float64(10.705064913376798), np.float64(10.785024755393621), np.float64(11.019681298168209), np.float64(10.67192557977813)]","[np.float64(10.111591322595434), np.float64(10.336018088702325), np.float64(10.525530376039566), np.float64(10.62142361940697), np.float64(10.402313544636733), np.float64(10.48283602988643), np.float64(10.452047986570497), np.float64(10.399126813868051), np.float64(10.723456946103887), np.float64(10.534653181292203)]","[18.26589608192444, 18.545936107635498, 18.623533725738525, 18.484384536743164, 18.348187923431396, 19.624400854110718, 18.59025263786316, 18.540799617767334, 19.154004335403442, 18.325607299804688]"
