corrupt_mixes,threshold,n_hops,mean_entropy,median_entropy,q25_entropy,simulation_time,std_mean,std_median,std_q25,raw_means,raw_medians,raw_q25s,raw_times
10,60,4,8.520999638649553,9.812918350635162,7.97469658715007,18.842524099349976,1.1468700288973899,0.30717918917571646,3.4520452931453676,"[np.float64(8.199856758635638), np.float64(9.212424541922188), np.float64(8.086804097878753), np.float64(8.968578830405512), np.float64(6.232088781912845), np.float64(9.093400223069706), np.float64(8.09878778811322), np.float64(9.592909752741116), np.float64(6.257308701243996), np.float64(9.888586876778598), np.float64(9.195220262823481), np.float64(8.033500602354879), np.float64(8.873967885223962), np.float64(8.859375326613804), np.float64(6.216769908652216), np.float64(9.006943172979858), np.float64(7.995712784657684), np.float64(9.54502673016073), np.float64(9.91155467200356), np.float64(9.151175074819298)]","[np.float64(9.96658530039996), np.float64(9.986339063551945), np.float64(9.723683633269543), np.float64(9.704141860723961), np.float64(9.416178914405489), np.float64(10.178894881369466), np.float64(9.762092033695668), np.float64(9.893747415550196), np.float64(9.037273070485172), np.float64(9.970482007346115), np.float64(10.205555470861514), np.float64(9.91943067646265), np.float64(9.612172034374243), np.float64(9.892940433594331), np.float64(9.202845889472405), np.float64(9.840264807446259), np.float64(9.997010880557237), np.float64(9.74959358624461), np.float64(10.149796070915517), np.float64(10.049338981976938)]","[np.float64(9.190880759212813), np.float64(9.854023980538543), np.float64(9.400573492500726), np.float64(9.2939756909242), 0, np.float64(9.538530840113186), np.float64(9.383934002865614), np.float64(9.207004590895496), 0, np.float64(9.729897018831712), np.float64(9.902253310556517), np.float64(8.850516518722614), np.float64(9.282632742591133), np.float64(9.397320824498491), 0, np.float64(9.374889275167472), np.float64(8.603062321207007), np.float64(9.159390521072524), np.float64(9.398484058726655), np.float64(9.926561794576688)]","[19.423912286758423, 18.884883165359497, 20.182838201522827, 19.42712092399597, 19.393519401550293, 18.260305166244507, 18.478173971176147, 18.262051105499268, 18.238945484161377, 18.786857843399048, 18.263497829437256, 18.325011253356934, 18.49752449989319, 18.48013472557068, 17.898136615753174, 19.352752685546875, 18.464523792266846, 18.616470098495483, 18.860860347747803, 20.752962589263916]"
10,60,5,9.203718355345726,10.317617315521023,9.490254244392942,19.9494237780571,0.8177605287988992,0.2975194623948618,1.1093066708824117,"[np.float64(8.559134485645503), np.float64(8.37902019013727), np.float64(8.372147346577291), np.float64(8.3200857097231), np.float64(9.388819034624246), np.float64(9.384875847420311), np.float64(9.399680919580724), np.float64(9.4071020173392), np.float64(9.218275852373095), np.float64(10.367293582195412), np.float64(9.541517267210025), np.float64(9.566284084091494), np.float64(10.196981461384574), np.float64(8.130162176258658), np.float64(10.109014942784059), np.float64(10.531902290626565), np.float64(10.098820569438157), np.float64(8.38256728125218), np.float64(7.739592882041666), np.float64(8.981089166210982)]","[np.float64(10.432637641685481), np.float64(10.493786119712667), np.float64(10.33679020100066), np.float64(9.921962399570324), np.float64(10.490211443099078), np.float64(10.394310409960651), np.float64(10.486395634916166), np.float64(10.382693852750284), np.float64(9.794037988772317), np.float64(10.38934154622611), np.float64(10.644447613392034), np.float64(10.432455835880853), np.float64(10.597301525468863), np.float64(9.86512637202491), np.float64(10.1431183937205), np.float64(10.553351737102455), np.float64(10.421813400780302), np.float64(10.497968891035027), np.float64(10.508175742435125), np.float64(9.566419560886661)]","[np.float64(9.853607375204309), np.float64(9.007048435890667), np.float64(9.624436967417125), np.float64(9.740407631292346), np.float64(10.064551756784207), np.float64(9.814020466432167), np.float64(9.671918890454002), np.float64(9.839494836660588), np.float64(9.642040163744644), np.float64(10.15438567559903), np.float64(9.997719920090553), np.float64(10.280431837647168), np.float64(9.760884007197319), np.float64(9.149164069172878), np.float64(9.646938302329248), np.float64(10.371535385824592), np.float64(9.674427078372464), np.float64(9.316562733869375), np.float64(5.036692015689637), np.float64(9.158817338186504)]","[22.131152153015137, 20.02596926689148, 19.834985733032227, 19.801998615264893, 19.713403940200806, 18.211552381515503, 19.6424777507782, 19.657484531402588, 19.931413888931274, 18.94145655632019, 21.47829842567444, 19.712848901748657, 21.014408349990845, 18.343183994293213, 20.310057163238525, 19.571601629257202, 19.725202322006226, 18.836571216583252, 20.527193307876587, 21.577215433120728]"
10,60,6,8.747025613774657,10.365697257400615,8.300700379976586,20.927047848701477,1.2213514616164043,0.4959668890642704,3.066251937863674,"[np.float64(8.329325185804343), np.float64(8.356678342485399), np.float64(9.485948799143264), np.float64(9.490737696652468), np.float64(5.552885987660053), np.float64(8.324437823138807), np.float64(10.325131350395349), np.float64(8.684994382319926), np.float64(10.567980411039622), np.float64(8.541291275516883), np.float64(9.587037467089077), np.float64(9.500831930478133), np.float64(8.681128162747667), np.float64(9.977608623556637), np.float64(7.6880903959586275), np.float64(9.175105010636571), np.float64(9.683923300805953), np.float64(8.303660553457412), np.float64(6.458033154808765), np.float64(8.225682421798181)]","[np.float64(9.911277639955445), np.float64(10.010548457897597), np.float64(10.667766690488474), np.float64(10.663129418644196), np.float64(9.004097402790444), np.float64(10.17134636526511), np.float64(10.67707444521966), np.float64(10.71777510860804), np.float64(10.595178748506868), np.float64(10.192000233984336), np.float64(10.615481775331856), np.float64(10.710806468623913), np.float64(10.825095056020656), np.float64(10.983619840642042), np.float64(10.33774629785163), np.float64(10.39492129148786), np.float64(10.913132590936101), np.float64(10.11817058039254), np.float64(9.455398960901148), np.float64(10.34937777446438)]","[np.float64(8.688433045661249), np.float64(9.318762774608594), np.float64(9.77130198915362), np.float64(10.046413833629998), 0, np.float64(8.716475622076473), np.float64(9.965669231171994), np.float64(9.179175513830213), np.float64(10.238413448954141), np.float64(9.575847347297541), np.float64(9.959743644701065), np.float64(9.397132493926478), np.float64(9.488457224363785), np.float64(10.64335242487878), np.float64(5.017974815296423), np.float64(9.16054609333638), np.float64(9.98662193764389), np.float64(8.646372225237165), 0, np.float64(8.21331393376392)]","[21.474972248077393, 21.2670316696167, 20.996501684188843, 21.73397421836853, 20.537065982818604, 20.73766803741455, 21.44965362548828, 20.87726378440857, 20.726906538009644, 21.397355794906616, 19.34236788749695, 21.195627212524414, 21.708959341049194, 19.716686725616455, 21.580408096313477, 20.1834819316864, 21.591315507888794, 20.354568481445312, 21.69712781906128, 19.972020387649536]"
10,65,4,8.909068751431228,9.942432198166083,8.821226059870797,18.159104990959168,0.9685082803564791,0.21878898265531907,2.36449177767447,"[np.float64(9.945515626025765), np.float64(9.711196523500378), np.float64(10.029754851847255), np.float64(9.179980436614654), np.float64(8.215698044306242), np.float64(8.065557334260058), np.float64(8.936945673119117), np.float64(9.134037902383163), np.float64(9.800999427022195), np.float64(8.218954242010206), np.float64(6.2655957245525835), np.float64(8.850010185028964), np.float64(9.17648234036455), np.float64(8.880611761306696), np.float64(7.414806708159175), np.float64(8.95617641047564), np.float64(8.333170582769077), np.float64(10.210741927274084), np.float64(9.873238348229622), np.float64(8.981900979375137)]","[np.float64(10.130224258139002), np.float64(9.808381638857329), np.float64(10.086191293227703), np.float64(10.107258127892475), np.float64(9.93506227042314), np.float64(9.76993431410795), np.float64(10.018517074934081), np.float64(9.8850049958583), np.float64(9.982963111747157), np.float64(9.910469518497596), np.float64(9.347060081399905), np.float64(9.629123353930169), np.float64(10.071892669114877), np.float64(9.656288068292236), np.float64(10.098237083302271), np.float64(10.0149082332468), np.float64(10.095119867169611), np.float64(10.334335637455206), np.float64(10.037435975429306), np.float64(9.93023639029656)]","[np.float64(9.537455105204865), np.float64(9.236478559494506), np.float64(9.73406347890163), np.float64(9.777611031699518), np.float64(9.482318719913728), np.float64(9.617230535561848), np.float64(9.396885489689746), np.float64(9.673927952532193), np.float64(9.589910159242967), np.float64(9.368189531846447), 0, np.float64(9.079691687718142), np.float64(9.7761281948766), np.float64(9.289000285625752), np.float64(4.594431867472149), np.float64(9.176789433980204), np.float64(9.687051015621172), np.float64(10.05458585830548), np.float64(9.810404732419586), np.float64(9.542367557309401)]","[20.601916551589966, 17.80259108543396, 18.779825448989868, 17.00448489189148, 19.207063913345337, 16.684731483459473, 19.227848052978516, 17.22927975654602, 17.38287663459778, 20.37108302116394, 16.63528060913086, 17.282914400100708, 19.9287428855896, 17.247020483016968, 19.44201970100403, 16.903738737106323, 16.94241213798523, 20.155642986297607, 17.205536603927612, 17.147090435028076]"
10,65,5,9.738347084064879,10.391483525884828,9.461672069271748,19.47796572446823,1.0155534798670414,0.22940524052383687,2.261301055176075,"[np.float64(10.505047763553964), np.float64(10.122001527833516), np.float64(10.537219415658273), np.float64(9.355269453231097), np.float64(9.503159605373659), np.float64(10.42133023835425), np.float64(9.593528126311186), np.float64(10.253318908988847), np.float64(6.7051984114490155), np.float64(10.405885879275663), np.float64(8.071592886114429), np.float64(10.4223970062715), np.float64(10.519209262478789), np.float64(10.049564750345564), np.float64(9.447966237023044), np.float64(10.298454508875407), np.float64(8.202676869110544), np.float64(10.28858595346466), np.float64(9.56447781089248), np.float64(10.500057066691687)]","[np.float64(10.554216045303935), np.float64(10.365679917671951), np.float64(10.520926640564884), np.float64(10.325651452956988), np.float64(10.520720635355858), np.float64(10.48806011599121), np.float64(10.43041480941091), np.float64(10.1347447947711), np.float64(10.265896948588153), np.float64(10.72627029974663), np.float64(9.711596502573675), np.float64(10.594469753973053), np.float64(10.643583056488248), np.float64(10.20238089870163), np.float64(10.46157995870933), np.float64(10.14835930537061), np.float64(10.279915408586529), np.float64(10.602728954098572), np.float64(10.381053553514564), np.float64(10.471421465318722)]","[np.float64(10.233940665340329), np.float64(9.884724609678575), np.float64(10.069435274792054), np.float64(9.883182812477791), np.float64(10.023225981553605), np.float64(10.052492529103326), np.float64(10.280815312850386), np.float64(9.911565246268854), 0, np.float64(10.031421734483843), np.float64(9.151529761076237), np.float64(10.410783843424339), np.float64(10.293850395936044), np.float64(9.743073719075202), np.float64(9.92408914689555), np.float64(10.023156884478126), np.float64(8.778818946448997), np.float64(9.8814614743603), np.float64(10.269032365176574), np.float64(10.386840682014835)]","[21.731666803359985, 18.546294450759888, 18.334697246551514, 21.49362802505493, 18.24631404876709, 18.798885107040405, 22.45009756088257, 18.894845724105835, 17.993165493011475, 18.486738920211792, 22.000419855117798, 18.22489094734192, 18.251497983932495, 18.211532592773438, 22.589889526367188, 18.046703338623047, 18.156656742095947, 18.175988912582397, 22.799129247665405, 18.126271963119507]"
10,65,6,9.099047383895506,10.519056966475134,9.073246295725118,20.85897240638733,0.927479179731623,0.32332684682534546,2.419135838209497,"[np.float64(8.325940001541905), np.float64(10.814234696523533), np.float64(9.646545078425472), np.float64(9.402925229743964), np.float64(8.686248534433682), np.float64(8.621189573277437), np.float64(9.795393176333848), np.float64(8.886893917093756), np.float64(8.713369340925345), np.float64(9.63376685759637), np.float64(10.363434297128576), np.float64(8.992459013076624), np.float64(9.510053234126291), np.float64(6.784397896666315), np.float64(10.12841044520875), np.float64(9.51548725326464), np.float64(9.376454946385557), np.float64(8.696632361241385), np.float64(7.717553034415292), np.float64(8.369558790501372)]","[np.float64(10.075943629902142), np.float64(10.973562897210659), np.float64(10.904499539853749), np.float64(10.140547222841727), np.float64(10.625423291317), np.float64(10.164949428650699), np.float64(10.642656796265044), np.float64(10.968275579463006), np.float64(10.898403672654416), np.float64(10.741144451467544), np.float64(10.242212826453155), np.float64(10.838082444614383), np.float64(10.625426106035198), np.float64(10.333394933012807), np.float64(10.300246106453432), np.float64(10.882905774486154), np.float64(10.241168458303903), np.float64(10.413570530482023), np.float64(10.30191803249299), np.float64(10.06680760754263)]","[np.float64(9.351314908586662), np.float64(10.466108574568374), np.float64(10.142654516085845), np.float64(9.829647648264434), np.float64(9.657040613361819), np.float64(9.574133139682797), np.float64(10.274602738507092), np.float64(9.55120984412485), np.float64(9.117037174131097), np.float64(10.03186299178904), np.float64(9.927819368646173), np.float64(10.609333881690414), np.float64(9.633989188146863), 0, np.float64(9.510423760720187), np.float64(9.791334958827816), np.float64(9.827074708843103), np.float64(10.078262961053692), np.float64(5.040753267976259), np.float64(9.050321669495865)]","[19.726401805877686, 19.948309183120728, 24.110297918319702, 19.870925426483154, 20.00002694129944, 19.988091230392456, 19.761828184127808, 25.34035325050354, 20.039318561553955, 19.75032615661621, 19.73807978630066, 19.762099027633667, 25.835100889205933, 19.535158395767212, 19.29301691055298, 19.130899906158447, 19.388861656188965, 25.965034008026123, 20.113688468933105, 19.881630420684814]"
10,70,4,9.029383854785275,9.97635225794184,9.017588612215334,18.41818232536316,0.876904462130063,0.16710732925461155,1.4593306925887595,"[np.float64(10.008730009982), np.float64(9.95854572986878), np.float64(7.386843730753314), np.float64(9.800290240590858), np.float64(8.995237797525661), np.float64(9.836197341998053), np.float64(8.985358321035028), np.float64(9.035734275576326), np.float64(9.169488848612007), np.float64(9.108603650908906), np.float64(8.256004141715112), np.float64(8.942093127303256), np.float64(9.84639342730249), np.float64(8.960040170672317), np.float64(10.162032286796853), np.float64(8.01576421247624), np.float64(7.160144843706826), np.float64(8.06526428828957), np.float64(8.970979015794482), np.float64(9.923931634797421)]","[np.float64(9.965549255139434), np.float64(10.030705926295052), np.float64(9.99423523373211), np.float64(9.884247498503775), np.float64(10.041743742550244), np.float64(9.9846542012168), np.float64(9.79076471077446), np.float64(10.063825298925684), np.float64(10.212140420204502), np.float64(10.12239556357906), np.float64(10.22235641587094), np.float64(9.772592337888023), np.float64(10.039864501273208), np.float64(9.971037099471726), np.float64(10.233440019633308), np.float64(9.666764256283965), np.float64(9.650609775601655), np.float64(9.857997424098956), np.float64(10.059906565263125), np.float64(9.962214912530792)]","[np.float64(9.783741886800218), np.float64(9.558136660224456), np.float64(4.874804528758689), np.float64(9.339332977303606), np.float64(9.601365693480583), np.float64(9.571621644522173), np.float64(9.454889917051425), np.float64(9.514802822115538), np.float64(9.700072913321662), np.float64(9.741532918573112), np.float64(9.132148841517791), np.float64(9.355485846515752), np.float64(9.400157028616267), np.float64(9.526808396325293), np.float64(10.065351849582322), np.float64(9.115687742439462), np.float64(4.745836725193564), np.float64(9.032147586708152), np.float64(9.293979365686194), np.float64(9.543866899570434)]","[16.938141345977783, 18.595470905303955, 16.742318630218506, 24.042675256729126, 17.29080104827881, 17.39236283302307, 16.69422698020935, 16.828957080841064, 17.13477373123169, 23.507862329483032, 17.44893169403076, 17.28040075302124, 18.088104486465454, 18.682356119155884, 20.92379379272461, 23.516585111618042, 16.669105768203735, 17.108463048934937, 16.82658863067627, 16.651726961135864]"
10,70,5,9.062880619662195,10.22597795573217,8.97814578590554,19.469890463352204,0.9891515101989623,0.3618405690109686,1.9947819429652156,"[np.float64(9.514698561450974), np.float64(9.347946395803733), np.float64(8.572272519015598), np.float64(9.550026206624576), np.float64(10.39340948467796), np.float64(7.492992277423593), np.float64(10.467049519573692), np.float64(8.468588916374726), np.float64(9.322470841842762), np.float64(9.659466180570796), np.float64(9.367060908047243), np.float64(9.03603899202028), np.float64(8.258364246672096), np.float64(9.885998213249033), np.float64(8.367367533627025), np.float64(9.20561734457636), np.float64(7.1409560151804525), np.float64(10.502521371069726), np.float64(9.38810875920175), np.float64(7.316658106241531)]","[np.float64(10.62405931299525), np.float64(10.277004812403028), np.float64(10.445707447290552), np.float64(10.517821358500651), np.float64(10.449454916687257), np.float64(9.944353431998437), np.float64(10.486818114323977), np.float64(10.312968546664871), np.float64(10.169396708990854), np.float64(10.606855209136812), np.float64(10.531199930711791), np.float64(9.80715556670977), np.float64(9.94003194843409), np.float64(9.993773158536207), np.float64(10.436296483798538), np.float64(10.166019444742256), np.float64(9.215474163119659), np.float64(10.671387278206184), np.float64(10.08212309574203), np.float64(9.841658185651175)]","[np.float64(9.987389035066787), np.float64(10.082771535941859), np.float64(9.736357587581885), np.float64(10.224245403036146), np.float64(10.08681584271849), np.float64(4.558472491108535), np.float64(10.178036322063274), np.float64(9.518587852711624), np.float64(9.856386756387877), np.float64(10.303736549378907), np.float64(9.513664627774808), np.float64(9.292784095745052), np.float64(9.294899722992326), np.float64(9.264387416806422), np.float64(9.017613725113812), np.float64(9.84932722585335), np.float64(4.4414373152359525), np.float64(10.300112488560776), np.float64(9.761999036157434), np.float64(4.293890687875482)]","[17.860625743865967, 25.06261157989502, 18.299031972885132, 18.9216787815094, 20.011388540267944, 17.770901918411255, 18.660215139389038, 18.037009477615356, 25.717065811157227, 18.625219583511353, 18.203842163085938, 18.30008101463318, 18.264543294906616, 17.78940200805664, 27.200894594192505, 17.9206383228302, 18.077236890792847, 18.30990719795227, 18.297619581222534, 18.067895650863647]"
10,70,6,9.384333772558334,10.579432623983356,9.507670127966524,20.49038645029068,0.8764279294710047,0.42422395782077926,2.2731132341676856,"[np.float64(10.618322790723873), np.float64(8.410766850608075), np.float64(9.799142817822649), np.float64(8.895100000684101), np.float64(10.307921756321363), np.float64(9.704077370309536), np.float64(10.461731166383146), np.float64(9.836588971442769), np.float64(9.541697645001918), np.float64(8.47202266715046), np.float64(8.819825721134295), np.float64(9.503853430998491), np.float64(9.881773632402206), np.float64(9.72428629867645), np.float64(9.549234608480031), np.float64(6.734475959132234), np.float64(8.927224150724674), np.float64(10.011489325835422), np.float64(9.515562702399068), np.float64(8.971577584935908)]","[np.float64(10.473050442880533), np.float64(10.160649749756512), np.float64(10.60323190807217), np.float64(10.983029279868514), np.float64(10.49531929844786), np.float64(11.024328908382474), np.float64(10.591738343118204), np.float64(11.038073658548399), np.float64(10.627761193160229), np.float64(9.68350895995784), np.float64(10.630002399800016), np.float64(10.630718598209542), np.float64(11.005449378954577), np.float64(10.88397241103138), np.float64(10.244467181153073), np.float64(9.946606170449884), np.float64(10.943879437645522), np.float64(11.139426288291473), np.float64(10.678792957135553), np.float64(9.804645914803363)]","[np.float64(9.996800792130912), np.float64(9.331170590691862), np.float64(10.395932968050491), np.float64(10.047864440178781), np.float64(10.265025709121437), np.float64(9.831178515726453), np.float64(10.217119278033476), np.float64(10.210951321875076), np.float64(9.783794189730541), np.float64(9.431802292320143), np.float64(10.206954359586934), np.float64(10.16201928999228), np.float64(10.418761535354372), np.float64(10.425334194926489), np.float64(9.792175686183274), 0, np.float64(10.070401344452229), np.float64(10.362339384318773), np.float64(10.285065113861293), np.float64(8.918711552795644)]","[19.321865558624268, 26.866920471191406, 19.38933825492859, 18.95713210105896, 19.372745275497437, 19.172335386276245, 19.20253348350525, 19.487250328063965, 27.46349263191223, 19.167869806289673, 19.260111093521118, 19.127883911132812, 19.229556560516357, 19.413704872131348, 19.12867522239685, 27.51485252380371, 19.420876502990723, 19.4950954914093, 19.3903226852417, 19.425166845321655]"
15,60,4,8.251030493187383,9.769515563876636,8.054395408282941,17.79573837518692,0.946476838632926,0.25870704544682976,2.5798617427812163,"[np.float64(8.000040188185785), np.float64(8.638099669988511), np.float64(7.314172130376303), np.float64(7.146375758079682), np.float64(6.1227708742104054), np.float64(8.1521909577218), np.float64(7.945654169371216), np.float64(9.927748836456987), np.float64(7.756588219000583), np.float64(9.011044714246152), np.float64(8.088625484876026), np.float64(7.851912115663924), np.float64(9.839375765906517), np.float64(8.95964460767576), np.float64(9.074279822461046), np.float64(8.91216763379844), np.float64(7.928514251182171), np.float64(7.181861802906221), np.float64(9.154148926704574), np.float64(8.015393934935544)]","[np.float64(9.933410471938082), np.float64(9.456563949540548), np.float64(9.916891043354749), np.float64(9.584672260417264), np.float64(9.149848612531002), np.float64(9.98189586805209), np.float64(9.630103542122534), np.float64(9.961259601857764), np.float64(9.774012928109288), np.float64(10.076271643541245), np.float64(9.493336033691438), np.float64(9.534547200788182), np.float64(9.823179100639349), np.float64(9.690982410795423), np.float64(9.976179537403878), np.float64(9.885599866545391), np.float64(9.648820788370863), np.float64(9.659176467213076), np.float64(10.280852428417846), np.float64(9.932707522202703)]","[np.float64(8.969457564740285), np.float64(9.041454561283995), np.float64(4.723151483831241), np.float64(4.37483699360717), 0, np.float64(9.481198201387736), np.float64(9.21661609664845), np.float64(9.766456393470776), np.float64(8.32124194556559), np.float64(9.652323031620115), np.float64(9.218590369959575), np.float64(8.724183781744586), np.float64(9.478029717113657), np.float64(9.458194526511498), np.float64(9.734534427115385), np.float64(9.342508786938671), np.float64(8.564835226291347), np.float64(4.50542316506686), np.float64(9.54091586962128), np.float64(8.97395602314062)]","[16.899378061294556, 16.989492416381836, 16.505333423614502, 26.580515384674072, 16.542455196380615, 17.672500133514404, 16.65641164779663, 16.798393726348877, 16.490811824798584, 16.846383810043335, 16.78835105895996, 16.87315583229065, 26.516950130462646, 17.14297103881836, 16.677385807037354, 16.76866126060486, 16.653865814208984, 16.790714502334595, 16.638821363449097, 17.082215070724487]"
15,60,5,8.390401159749,9.888165473150229,7.492992302106645,19.568159437179567,1.125725344675061,0.44022483121183326,3.331110302627254,"[np.float64(9.107087085524359), np.float64(10.093386863349547), np.float64(9.202087514830104), np.float64(6.275545283273888), np.float64(7.12992377635409), np.float64(7.916607996732726), np.float64(7.2128006880762285), np.float64(9.03464847705667), np.float64(9.079672765460396), np.float64(6.399549994675843), np.float64(7.259489890309427), np.float64(8.967651045780983), np.float64(9.847461191320827), np.float64(7.3222935928926525), np.float64(8.559287734845904), np.float64(9.384688016365878), np.float64(8.658178747093011), np.float64(7.958040651264764), np.float64(9.107977769505611), np.float64(9.291644110267116)]","[np.float64(9.75013238558317), np.float64(10.201610651009274), np.float64(9.99203198629314), np.float64(8.780942705817054), np.float64(9.746410584424623), np.float64(9.485106810081149), np.float64(9.61610458625057), np.float64(10.097426123759378), np.float64(10.201918281779635), np.float64(9.671556246513754), np.float64(9.957962758000647), np.float64(9.802285971956575), np.float64(10.149455487413348), np.float64(9.538710230578138), np.float64(10.56783675986096), np.float64(10.40234806391498), np.float64(10.664283090424476), np.float64(9.39536939352343), np.float64(9.63892478838816), np.float64(10.102892557432126)]","[np.float64(9.64514951694214), np.float64(9.644882529280263), np.float64(9.610491600049697), 0, np.float64(4.174709619472613), np.float64(8.512438597691952), np.float64(4.39053876813947), np.float64(9.306151859065702), np.float64(9.368715019562995), 0, np.float64(4.483461911953327), np.float64(9.386162292625832), np.float64(9.207252851876039), np.float64(4.105851686225383), np.float64(9.67461311453205), np.float64(9.998467038669295), np.float64(9.96273507053077), np.float64(8.94955161972748), np.float64(9.509448779293589), np.float64(9.9292241664943)]","[17.91852068901062, 28.20663285255432, 17.8940327167511, 17.969017505645752, 17.902836799621582, 17.828101873397827, 17.95858335494995, 17.880449771881104, 18.115567207336426, 17.732529640197754, 28.426182985305786, 17.951523065567017, 18.003355026245117, 18.131637573242188, 18.353224277496338, 17.88284659385681, 18.359414100646973, 18.151406288146973, 17.762751579284668, 28.934574842453003]"
15,60,6,8.86736405770437,10.22434544506225,8.487293283000724,20.25407977104187,0.8614624414040991,0.3646336986869969,2.0051133167258577,"[np.float64(8.155240296793965), np.float64(7.7279592588881965), np.float64(10.072158381185563), np.float64(9.308684398294469), np.float64(7.584379486835719), np.float64(9.682467476711196), np.float64(9.291057103337002), np.float64(9.302393147185631), np.float64(8.35254197251084), np.float64(10.154311810345886), np.float64(8.533545019954627), np.float64(7.548951325434692), np.float64(9.325922981360627), np.float64(9.322611139512695), np.float64(7.360604162869748), np.float64(8.263939416601193), np.float64(9.687078636285849), np.float64(9.079211470376661), np.float64(9.123483638979478), np.float64(9.470740030623341)]","[np.float64(9.690027071071203), np.float64(10.51439985706992), np.float64(10.136803582389842), np.float64(10.375569310035575), np.float64(10.278603463848514), np.float64(10.871707490514819), np.float64(9.945778914291367), np.float64(10.320866879746175), np.float64(10.571118374283126), np.float64(10.13599575273309), np.float64(10.560607757731091), np.float64(10.267138142924399), np.float64(10.318593521743347), np.float64(9.975370764501749), np.float64(9.648974056045068), np.float64(9.731368079872293), np.float64(10.733781968953817), np.float64(9.970578157607543), np.float64(9.769688127353485), np.float64(10.669937628528574)]","[np.float64(9.111812165305919), np.float64(4.661846483258658), np.float64(9.165504635608116), np.float64(9.484164282577943), np.float64(4.363597314035958), np.float64(9.965571570947635), np.float64(9.423441109123738), np.float64(9.790799754025663), np.float64(8.60645483215769), np.float64(9.902235431915521), np.float64(9.461301521035683), np.float64(5.045618099198572), np.float64(9.522368584279935), np.float64(9.545347413791427), np.float64(4.497761312525467), np.float64(9.113599430241056), np.float64(10.076983205005721), np.float64(9.334831587127734), np.float64(9.063392636306885), np.float64(9.609234291545157)]","[19.060531854629517, 18.761637449264526, 19.131115913391113, 19.678375959396362, 18.86456537246704, 19.086422443389893, 18.96237587928772, 19.0094313621521, 18.958441019058228, 30.986411571502686, 19.368926286697388, 19.0593101978302, 19.175615549087524, 18.943204164505005, 18.869365215301514, 19.04911780357361, 18.73535966873169, 18.63411855697632, 18.968599796295166, 31.778669357299805]"
15,65,4,8.04955052640264,9.604654950995547,7.747915659926354,17.477713084220888,0.7878190215538713,0.2971927484575483,2.341267576006138,"[np.float64(7.9958806841236765), np.float64(6.978440618479951), np.float64(8.161884254073607), np.float64(8.615493339921478), np.float64(6.987536964678324), np.float64(8.934884418611574), np.float64(6.904812902061351), np.float64(8.030351591236506), np.float64(7.252150213683016), np.float64(6.888249705387221), np.float64(8.700982854048247), np.float64(8.938762660186205), np.float64(7.998003847928865), np.float64(8.603503331122889), np.float64(8.234247103953448), np.float64(8.994055490418276), np.float64(6.991449974730875), np.float64(7.955385811187707), np.float64(8.78204210240625), np.float64(9.042892659813335)]","[np.float64(9.706773291197424), np.float64(9.392110526494465), np.float64(9.849497113360373), np.float64(9.678001785778271), np.float64(9.167210086527636), np.float64(9.774338451985603), np.float64(9.13195523919834), np.float64(9.610672868429205), np.float64(9.663318729948175), np.float64(9.084158801880003), np.float64(9.28639933666049), np.float64(9.916617925296812), np.float64(9.768029733149096), np.float64(9.470139531608059), np.float64(10.05101946560204), np.float64(9.942375369135444), np.float64(9.251222124522638), np.float64(9.580061164472172), np.float64(9.896444532361276), np.float64(9.872752942303434)]","[np.float64(9.062648819576435), np.float64(4.404268859941105), np.float64(9.515881132916103), np.float64(8.746129939841529), np.float64(4.115682846904176), np.float64(9.586978827275711), np.float64(4.294790027117769), np.float64(9.22873284458299), np.float64(4.790562983385048), np.float64(4.0807526894802795), np.float64(8.998708273923839), np.float64(9.46953868060088), np.float64(8.980385581197922), np.float64(9.066600869362862), np.float64(9.5553190460252), np.float64(9.396821493899797), np.float64(4.037010901539868), np.float64(9.071967232821667), np.float64(8.920317333684203), np.float64(9.635214814449707)]","[16.67460536956787, 16.782994270324707, 16.44880199432373, 16.62273859977722, 16.575554370880127, 16.53418803215027, 16.52158522605896, 16.783863306045532, 16.480332851409912, 16.79877281188965, 28.602232694625854, 16.662416696548462, 20.480887413024902, 16.768903493881226, 16.626623392105103, 16.582033157348633, 16.441247701644897, 16.854727745056152, 17.516425371170044, 16.795327186584473]"
15,65,5,8.368172081772363,9.897755359770878,7.37593533527554,19.112389266490936,1.10944590941298,0.4182449190798533,3.2608586335612038,"[np.float64(8.122279250676126), np.float64(9.347498665161245), np.float64(9.854572985774537), np.float64(8.36149193970986), np.float64(7.322359444851895), np.float64(7.165515613508964), np.float64(9.148888057544257), np.float64(9.91248106683602), np.float64(8.765906442791646), np.float64(8.298712126798318), np.float64(8.890104471326215), np.float64(7.030441572322075), np.float64(7.48243057830305), np.float64(6.236726182733334), np.float64(9.059847710826594), np.float64(9.1906763543681), np.float64(9.174856444932798), np.float64(8.390150668264896), np.float64(6.283013786851959), np.float64(9.32548827186537)]","[np.float64(9.8065081970949), np.float64(10.271439208260581), np.float64(9.831981502481836), np.float64(10.12328801103387), np.float64(9.858103833268165), np.float64(9.57733589620342), np.float64(10.083704884701653), np.float64(9.847730457889266), np.float64(9.595376634186906), np.float64(10.62638143441053), np.float64(9.943576353546694), np.float64(8.91847660784031), np.float64(10.358890463275566), np.float64(9.479496909517062), np.float64(9.830272015792461), np.float64(9.988939080874387), np.float64(9.95176960146005), np.float64(10.34854028199691), np.float64(9.14453953923872), np.float64(10.368756282344265)]","[np.float64(8.466825178555382), np.float64(9.994795670746448), np.float64(9.607692337971173), np.float64(9.37723497666591), np.float64(4.448430395139314), np.float64(4.315594479891398), np.float64(9.246798430435133), np.float64(9.611699207626298), np.float64(9.147104852666097), np.float64(8.053383284602923), np.float64(8.958199080234248), np.float64(3.8289694778746637), np.float64(4.6884781316293624), 0, np.float64(9.368774013316084), np.float64(9.4917352654588), np.float64(9.762894240724602), np.float64(9.44841899363454), 0, np.float64(9.701678688338419)]","[17.624480724334717, 29.909761428833008, 17.8948757648468, 17.572192192077637, 17.627331495285034, 17.595971822738647, 18.129778146743774, 17.91333270072937, 17.93144154548645, 17.68306851387024, 17.752750873565674, 17.724358320236206, 17.907337427139282, 31.126821756362915, 17.704370975494385, 17.897887706756592, 18.477375507354736, 17.848259210586548, 18.138402938842773, 17.787986278533936]"
15,65,6,8.492436461899063,10.152310681981806,7.657415655348827,20.24018689393997,1.0267375220807602,0.5032283727564494,3.1320178181750773,"[np.float64(7.78375811790226), np.float64(6.4345549932861505), np.float64(8.840289294498715), np.float64(9.501139442190789), np.float64(7.069173827781146), np.float64(10.420631702029722), np.float64(8.548599095548958), np.float64(9.095744619238312), np.float64(8.060237965561905), np.float64(9.48400045626025), np.float64(9.40698299945443), np.float64(8.435342858314883), np.float64(8.595451091252384), np.float64(6.6377398467021695), np.float64(9.54288484875766), np.float64(8.570949864768354), np.float64(8.484975808549558), np.float64(7.534527141739172), np.float64(8.216635411883084), np.float64(9.185109852261336)]","[np.float64(10.568852166564643), np.float64(9.162205399561435), np.float64(9.673418785339793), np.float64(10.522536828147809), np.float64(9.321438960731305), np.float64(10.916616492558065), np.float64(10.744747104437902), np.float64(9.84766242158857), np.float64(9.805021186170897), np.float64(10.408955654315234), np.float64(10.794871717642176), np.float64(10.213476760376723), np.float64(10.874616997888756), np.float64(9.820719974200733), np.float64(10.389139642777279), np.float64(9.958819416041358), np.float64(10.314851137479172), np.float64(9.757956063988663), np.float64(9.976087167355134), np.float64(9.974219762470485)]","[np.float64(4.832504586825119), 0, np.float64(8.782565738697999), np.float64(9.563374810676972), np.float64(4.446831359694497), np.float64(9.638472493984938), np.float64(9.07190511695984), np.float64(9.198585565608447), np.float64(8.569097189125596), np.float64(9.72933765587866), np.float64(9.184829544767553), np.float64(9.521174465988512), np.float64(8.51471693072673), 0, np.float64(10.08682957707668), np.float64(9.861503202081439), np.float64(9.398421253419748), np.float64(4.755607772569518), np.float64(8.713760741531871), np.float64(9.278795101362416)]","[18.840616703033447, 18.805498361587524, 18.814827919006348, 18.93740463256836, 31.873924732208252, 18.89500117301941, 18.78281593322754, 18.987624883651733, 18.5820369720459, 18.92578887939453, 18.58713126182556, 18.75657868385315, 19.19984245300293, 19.07617425918579, 19.04130530357361, 18.943386554718018, 33.11378765106201, 18.895557641983032, 18.681139707565308, 19.063294172286987]"
15,70,4,8.530295701546208,9.701809106754553,7.676173964876713,19.419602024555207,1.3972088246830718,0.35765735343995453,3.1830376405060004,"[np.float64(8.982888433338474), np.float64(9.846417540645033), np.float64(9.770246285316345), np.float64(8.878987096759184), np.float64(8.839503581816599), np.float64(8.958035232918933), np.float64(9.998900582796994), np.float64(9.811292818949575), np.float64(8.858530819272248), np.float64(9.628687588706514), np.float64(7.046623311932907), np.float64(5.406010086220115), np.float64(5.257860902787254), np.float64(8.890050790392381), np.float64(7.26900740202137), np.float64(8.88184234559703), np.float64(8.637732834242607), np.float64(8.63246483784941), np.float64(9.840837015324427), np.float64(7.169994524036766)]","[np.float64(9.905028094099366), np.float64(9.896249199384236), np.float64(9.951604831123026), np.float64(9.735429183538963), np.float64(9.611422829491499), np.float64(9.899096858573872), np.float64(10.051803000986949), np.float64(10.156067607937757), np.float64(10.080592980008367), np.float64(9.665563145548044), np.float64(9.413197590674159), np.float64(9.366715548632135), np.float64(8.587266850711508), np.float64(9.727551579990987), np.float64(9.695089432199202), np.float64(9.931779871144846), np.float64(9.4780935096837), np.float64(9.45465480534232), np.float64(10.001067072490779), np.float64(9.427908143529345)]","[np.float64(9.437169816804081), np.float64(9.57300395677091), np.float64(9.591935404072974), np.float64(9.690858223018143), np.float64(9.322951306880244), np.float64(9.51311980470204), np.float64(9.720900449481679), np.float64(9.358491901172146), np.float64(8.7144483328205), np.float64(9.34573682176447), np.float64(4.104538412667985), 0, 0, np.float64(9.094183972663789), np.float64(4.609539913608732), np.float64(9.292006957890514), np.float64(9.37187305561184), np.float64(8.790024648499118), np.float64(9.388178768623714), np.float64(4.604517550481389)]","[16.81937313079834, 17.04951524734497, 18.126934051513672, 19.46718144416809, 17.099201679229736, 19.575642108917236, 18.738910675048828, 21.02173686027527, 17.74422311782837, 17.204437017440796, 36.95362138748169, 22.798203706741333, 18.645731449127197, 17.792877435684204, 17.381394386291504, 19.44851589202881, 17.261094570159912, 17.952304124832153, 19.485230684280396, 17.82591152191162]"
15,70,5,8.084840573892336,9.906245879896298,7.036628851228351,19.48657442331314,1.2245541668288789,0.4626857154075589,3.325267600731263,"[np.float64(7.257258595008096), np.float64(10.512611307018876), np.float64(7.418058051543922), np.float64(7.598217129872626), np.float64(7.492740403483708), np.float64(8.201311776750227), np.float64(8.903468741003746), np.float64(6.52126666220525), np.float64(8.279833848798292), np.float64(5.313140847051503), np.float64(7.0059878484753595), np.float64(9.433907414819332), np.float64(6.887072770178218), np.float64(9.173671854964413), np.float64(8.22652218618819), np.float64(8.289578982164434), np.float64(10.098921398291791), np.float64(8.176829874055908), np.float64(8.573391136498435), np.float64(8.333020649474385)]","[np.float64(9.797680131430786), np.float64(10.519969601646915), np.float64(9.709339441220031), np.float64(10.319848538710723), np.float64(9.996211950099127), np.float64(10.177039880199263), np.float64(9.95142955373716), np.float64(9.477878240930789), np.float64(10.074041150015994), np.float64(8.579998725141039), np.float64(9.517324164581494), np.float64(10.390949357978903), np.float64(9.100659225829627), np.float64(10.181657153248127), np.float64(9.98060798537185), np.float64(10.062440893925288), np.float64(9.949578653798941), np.float64(9.958088358935747), np.float64(10.42301175180336), np.float64(9.957162839320796)]","[np.float64(4.329255466829548), np.float64(10.219842220566369), np.float64(4.668877910532343), np.float64(4.924722801665807), np.float64(4.43036401257175), np.float64(8.705210034105539), np.float64(9.082603868659302), 0, np.float64(9.121624021660253), 0, np.float64(4.4280798364371305), np.float64(10.06305000874639), np.float64(4.375292748760027), np.float64(9.853677404919026), np.float64(9.29071083125553), np.float64(9.394510711711654), np.float64(9.732083197351463), np.float64(9.017663053926977), np.float64(9.519152576904863), np.float64(9.575856317963051)]","[18.705032348632812, 18.287734270095825, 18.090134143829346, 32.72509431838989, 17.977649211883545, 17.781973361968994, 17.842365741729736, 17.632451057434082, 17.892306566238403, 17.67574667930603, 17.725743532180786, 17.923324584960938, 17.8361599445343, 18.074263334274292, 17.85026240348816, 19.16535472869873, 17.81622624397278, 33.11664891242981, 17.816261291503906, 17.79675579071045]"
15,70,6,8.43651276170489,9.514509135171577,6.841828499080242,20.19181044101715,1.5352054019731753,2.303357308988074,3.767841813839805,"[np.float64(10.629698753232685), np.float64(7.045579555638977), np.float64(9.340699018898858), np.float64(6.828896295559151), np.float64(10.022288531867003), np.float64(8.882857753777385), np.float64(10.286960083089344), np.float64(8.500757479033577), np.float64(7.667743076214833), np.float64(7.211539565779382), np.float64(6.302330854781334), np.float64(9.175311770701935), np.float64(9.317643015247148), np.float64(9.241811543032373), np.float64(7.6474663865509935), np.float64(9.454591669952233), np.float64(4.847093155803991), np.float64(8.33231381550429), np.float64(10.528902175234096), np.float64(7.465770734198201)]","[np.float64(10.896809106454697), np.float64(9.460371633663403), np.float64(10.035024332720443), np.float64(10.27864232515186), np.float64(10.173196527997382), np.float64(9.379675266664853), np.float64(10.252215938164177), np.float64(9.700920914091855), np.float64(10.62614771727828), np.float64(8.94725770080932), np.float64(8.929425493901293), np.float64(9.836306990925696), np.float64(10.169512340179232), np.float64(10.028591280849387), np.float64(10.310197942803242), np.float64(10.396924559817911), 0, np.float64(9.954152118707954), np.float64(10.903700313918593), np.float64(10.011110199331977)]","[np.float64(10.565701848969233), np.float64(4.083940028605886), np.float64(9.615019678167176), 0, np.float64(9.719431222047453), np.float64(9.25175543716219), np.float64(9.818414788584944), np.float64(9.16310666266607), np.float64(4.157100355371714), np.float64(4.116644103634414), 0, np.float64(9.209882719071103), np.float64(9.588182078211165), np.float64(9.21258521015494), np.float64(4.553990467250882), np.float64(9.96875622592841), 0, np.float64(9.23482232431105), np.float64(10.226396283844924), np.float64(4.350840547623269)]","[19.213871240615845, 18.716656923294067, 18.940720081329346, 18.744080066680908, 19.193052530288696, 19.04804801940918, 20.987364768981934, 19.95991849899292, 19.74971580505371, 19.850398540496826, 18.701498985290527, 20.614585399627686, 35.99612522125244, 19.09817624092102, 18.65424370765686, 19.328736543655396, 19.02081274986267, 19.734898567199707, 19.391579627990723, 18.891725301742554]"
20,60,4,7.602074058875029,8.99324211546848,6.599838803818179,17.910281014442443,1.2313872264597567,2.1445685926747444,3.0787322701083153,"[np.float64(8.11674638512967), np.float64(5.95645565841433), np.float64(7.715205710218501), np.float64(7.124232937670263), np.float64(9.801053491545206), np.float64(7.805712222109809), np.float64(7.132192924060281), np.float64(6.947919605503023), np.float64(9.492658463509374), np.float64(8.612117450677273), np.float64(6.94171535348955), np.float64(8.70070616375362), np.float64(7.838815481320441), np.float64(7.818704639665265), np.float64(6.696945219243815), np.float64(4.198690008105081), np.float64(8.354395451277858), np.float64(7.87795644117945), np.float64(8.02111499343448), np.float64(6.888142577193293)]","[np.float64(10.249437916097754), np.float64(8.937273316351261), np.float64(9.213278490004946), np.float64(9.684186312426366), np.float64(9.804370379763327), np.float64(9.568813393357438), np.float64(9.639163783070206), np.float64(9.244711550446684), np.float64(9.838013723853251), np.float64(9.5506341503019), np.float64(9.149444019454158), np.float64(9.831701863800417), np.float64(9.304700802954894), np.float64(9.244251343625315), np.float64(9.159327686617367), 0, np.float64(9.176351832143364), np.float64(9.473784321964837), np.float64(9.843967633918878), np.float64(8.951429789217228)]","[np.float64(8.574241383225482), 0, np.float64(8.195419731826739), np.float64(4.516689296327489), np.float64(9.60347933474561), np.float64(8.873488676098113), np.float64(4.459088220251814), np.float64(4.430708452164447), np.float64(8.792428951731605), np.float64(8.783275064504483), np.float64(4.159370573443547), np.float64(8.869569915790322), np.float64(9.08228654927236), np.float64(8.642085005652364), np.float64(3.931102705924396), 0, np.float64(8.855756493040436), np.float64(8.975980010231858), np.float64(8.844024393741199), np.float64(4.4077813183913195)]","[16.885412216186523, 16.751904249191284, 16.678480863571167, 16.9329993724823, 16.937843084335327, 17.028159141540527, 16.25740647315979, 33.93319320678711, 17.055335760116577, 17.601590633392334, 18.756611824035645, 16.890164136886597, 16.875890731811523, 16.646790742874146, 17.37929105758667, 17.598118543624878, 17.383768558502197, 17.244718074798584, 16.75175929069519, 16.616182327270508]"
20,60,5,7.960191612876319,9.602180102022489,6.689746281084437,19.03008500337601,1.066850216443113,0.5256291103952424,3.4239484787576617,"[np.float64(7.515351629588738), np.float64(7.841522213080029), np.float64(6.346865327082898), np.float64(8.023834345510386), np.float64(7.110461976799837), np.float64(6.874405850858829), np.float64(10.167799537388591), np.float64(8.699958308207147), np.float64(7.240500902166739), np.float64(8.657639345960554), np.float64(8.951913069352015), np.float64(6.7303533649718705), np.float64(9.084327054389007), np.float64(8.02235330744196), np.float64(8.934220109916252), np.float64(7.218198327601206), np.float64(8.443710777626935), np.float64(6.024708298352707), np.float64(8.294510088252936), np.float64(9.021198422977735)]","[np.float64(8.856009636986107), np.float64(9.532832340382045), np.float64(9.207719772210897), np.float64(9.703619621413624), np.float64(9.261772963465868), np.float64(8.848734555866368), np.float64(10.482945485132591), np.float64(9.46413631773357), np.float64(9.582998672252245), np.float64(9.419757977850779), np.float64(10.158597757921726), np.float64(10.182323997630347), np.float64(10.348632159328387), np.float64(9.976179064985857), np.float64(10.15072845668801), np.float64(9.592647130399344), np.float64(8.975131935413405), np.float64(8.66477922134664), np.float64(9.844412893360497), np.float64(9.78964208008146)]","[np.float64(7.898643405515703), np.float64(8.347315704755745), 0, np.float64(9.102385934961216), np.float64(4.367455624165447), np.float64(4.1967598921298785), np.float64(9.921128917944582), np.float64(9.150799961805276), np.float64(4.755427152449046), np.float64(8.958235720859417), np.float64(9.175417795333649), 0, np.float64(9.021782342379787), np.float64(8.506084741860121), np.float64(8.94864714476677), np.float64(4.410815635070289), np.float64(8.785763054188301), 0, np.float64(9.173686469776566), np.float64(9.074576123726942)]","[17.897079944610596, 18.67391800880432, 17.451542854309082, 17.741369485855103, 34.712905168533325, 18.026363134384155, 17.98146939277649, 17.979378938674927, 18.24341630935669, 18.096142292022705, 18.368075132369995, 19.434954404830933, 18.586474895477295, 19.000916242599487, 18.088356256484985, 17.972166538238525, 18.621697187423706, 18.01588797569275, 17.82747769355774, 17.882108211517334]"
20,60,6,7.976426320688586,9.718693180125726,6.826143402218726,21.270345449447632,0.9930066326669066,0.5181317093149586,3.1044107978296385,"[np.float64(8.492822011347656), np.float64(8.983756162132263), np.float64(7.361461771611352), np.float64(9.020868187767277), np.float64(7.806617536967014), np.float64(8.432109015679513), np.float64(7.058964760539076), np.float64(9.09054589392119), np.float64(7.547164923569664), np.float64(7.925352895337983), np.float64(8.755347999908896), np.float64(7.9880869007236495), np.float64(8.662633227472675), np.float64(5.607179620329382), np.float64(8.54601489416978), np.float64(8.775660459329373), np.float64(6.433636908650334), np.float64(6.842982557907733), np.float64(7.066826530810104), np.float64(9.13049415559681)]","[np.float64(9.255209097002963), np.float64(9.802572606871276), np.float64(9.890855144046439), np.float64(10.257633927051918), np.float64(8.988439341205943), np.float64(10.248599413187652), np.float64(9.601539681749603), np.float64(10.007279097211129), np.float64(10.318678098463586), np.float64(9.33103336612998), np.float64(9.945513850480252), np.float64(10.057664389431366), np.float64(10.127150207345457), np.float64(8.846354771706263), np.float64(10.793782317484288), np.float64(9.186319126123243), np.float64(9.557663198994176), np.float64(9.1326240589972), np.float64(9.238979523413047), np.float64(9.78597238561873)]","[np.float64(8.63776583499984), np.float64(9.118788129902367), np.float64(4.144774849884969), np.float64(9.039869115855828), np.float64(7.712627779106386), np.float64(8.695279157877126), np.float64(4.481671552835302), np.float64(9.07930613354236), np.float64(4.597262500891751), np.float64(8.562526877373232), np.float64(8.656080671050177), np.float64(7.862987889041392), np.float64(9.859255297991961), 0, np.float64(9.105162261078858), np.float64(9.08285515234848), 0, np.float64(4.3165322283699945), np.float64(3.935364382466446), np.float64(9.634758229758056)]","[18.557792901992798, 37.66990804672241, 19.12485647201538, 19.31375503540039, 18.850850582122803, 18.949626684188843, 19.686936378479004, 18.87313413619995, 19.349191665649414, 19.082361221313477, 19.21212911605835, 18.79475712776184, 18.562883377075195, 19.978163957595825, 23.642205953598022, 18.775139808654785, 18.44810700416565, 18.678820610046387, 38.69175100326538, 21.16453790664673]"
20,65,4,7.84391252820074,9.480570870604982,6.698196152867724,18.832235038280487,1.1870061452779235,0.363936123039434,3.1760136179478407,"[np.float64(7.683375567598054), np.float64(8.625621767610115), np.float64(8.004666039200606), np.float64(9.883948813416472), np.float64(8.584109458216917), np.float64(7.079356318215708), np.float64(6.992948549290987), np.float64(8.694555855161644), np.float64(8.91154671703119), np.float64(9.544855293998694), np.float64(8.688613832734747), np.float64(7.219488718177399), np.float64(6.387292766245557), np.float64(7.040194090263641), np.float64(8.08207536176999), np.float64(7.021225046869855), np.float64(7.8334407605926994), np.float64(8.848054323352725), np.float64(6.870942721257492), np.float64(4.881938563010298)]","[np.float64(9.223832440275656), np.float64(9.340341339455604), np.float64(9.489967199867259), np.float64(9.847622026433598), np.float64(9.538501093405145), np.float64(9.687943464345548), np.float64(9.424159168805126), np.float64(9.429573808225918), np.float64(9.980471361822236), np.float64(9.650579889463382), np.float64(9.868412069708388), np.float64(9.737653618358049), np.float64(9.35496861229536), np.float64(9.524877361667725), np.float64(9.530654587189593), np.float64(9.681189199365072), np.float64(9.170513873632329), np.float64(9.789461367215331), np.float64(8.973432322853585), np.float64(8.36726260771475)]","[np.float64(8.416536133330535), np.float64(8.887190749884837), np.float64(9.218198492007946), np.float64(9.437799299060337), np.float64(9.000218948344301), np.float64(4.328645507667288), np.float64(4.156262462506554), np.float64(9.019898024507222), np.float64(9.540895708483589), np.float64(9.308103656065967), np.float64(8.486212854613846), np.float64(4.688378365734279), 0, np.float64(4.52974580632786), np.float64(9.332348558596195), np.float64(4.051929137885213), np.float64(8.579243701340259), np.float64(9.056292118816675), np.float64(3.9260235321815755), 0]","[18.329312086105347, 18.818061113357544, 19.706905126571655, 19.077165603637695, 18.46927547454834, 16.713204860687256, 17.15323829650879, 17.066128253936768, 17.48990774154663, 16.86007308959961, 16.867584228515625, 16.985252618789673, 18.124165773391724, 19.162112712860107, 19.37919282913208, 18.11980366706848, 17.0881028175354, 37.79481911659241, 16.92729353904724, 16.513101816177368]"
20,65,5,7.6223139681820795,8.943134456596287,5.894750684510937,19.384594559669495,1.4788126753186588,2.1342515312263495,3.8490930910710155,"[np.float64(8.634032608257428), np.float64(6.924464941045873), np.float64(3.314200662754747), np.float64(8.011099333675599), np.float64(9.1713443406579), np.float64(7.13757034857097), np.float64(6.279598906733469), np.float64(7.881716680369157), np.float64(6.390706653080829), np.float64(7.984673050852025), np.float64(8.602567465580758), np.float64(9.482279365610289), np.float64(6.175056739353337), np.float64(7.100966344208902), np.float64(9.18972236850459), np.float64(8.013268185199369), np.float64(6.089960036624416), np.float64(8.738997150360499), np.float64(8.76937657221031), np.float64(8.55467760999112)]","[np.float64(9.564946152491833), np.float64(8.74419268485495), 0, np.float64(9.319577038510905), np.float64(10.0041099771835), np.float64(9.591370762740443), np.float64(8.863604991434503), np.float64(9.15860460177996), np.float64(9.078340192942967), np.float64(9.71565202260609), np.float64(9.051481500403886), np.float64(9.585762447400393), np.float64(9.633666319842769), np.float64(9.157419928539527), np.float64(9.74750750083377), np.float64(9.928945617331026), np.float64(9.102799480864906), np.float64(9.245139182062436), np.float64(9.709128230905256), np.float64(9.660440499196623)]","[np.float64(8.823790097679725), np.float64(4.176095431884036), 0, np.float64(8.237443167962446), np.float64(9.559302376566327), np.float64(4.400820034971414), 0, np.float64(8.802356479455565), 0, np.float64(8.468075043304061), np.float64(8.801940213593761), np.float64(8.692009624264), 0, np.float64(4.3628146665563685), np.float64(9.446974352492454), np.float64(8.27980126204748), 0, np.float64(9.005986884171655), np.float64(8.986585636807703), np.float64(7.8510184184617415)]","[18.632364749908447, 18.778904914855957, 17.786988735198975, 17.763700008392334, 17.94361424446106, 17.98503065109253, 18.82878828048706, 17.78199291229248, 17.871797561645508, 17.67565417289734, 18.258508443832397, 18.672835111618042, 18.95457410812378, 17.89341163635254, 18.22376847267151, 17.749465465545654, 39.27348971366882, 19.17908215522766, 19.093523025512695, 19.344396829605103]"
20,65,6,8.158543213628475,9.662161251021253,6.7520945635199245,20.647955548763274,1.4404072227384985,0.5317173767494543,3.5006624664491155,"[np.float64(8.077078783216136), np.float64(9.195492859414443), np.float64(8.811393217983511), np.float64(8.24807530057539), np.float64(9.291912797596725), np.float64(7.8791751373414805), np.float64(7.286308517827144), np.float64(7.190895809965034), np.float64(10.023671715914032), np.float64(8.045610512622071), np.float64(5.466043713960357), np.float64(10.303604912190456), np.float64(7.135925677033352), np.float64(9.130901914242294), np.float64(7.445807788609514), np.float64(9.689497567613813), np.float64(9.21660546690834), np.float64(5.186042610236168), np.float64(9.257929267007553), np.float64(6.2888907023116785)]","[np.float64(9.72475720919247), np.float64(10.14051895488565), np.float64(9.646072282194499), np.float64(10.283267649561383), np.float64(10.147438990587993), np.float64(8.89894374022464), np.float64(9.023333267957549), np.float64(9.16432971565526), np.float64(10.197765882628996), np.float64(9.791209537799435), np.float64(9.052589033619713), np.float64(10.663472864942415), np.float64(9.377949613088754), np.float64(9.699934140982245), np.float64(9.44501203831846), np.float64(9.546870165904757), np.float64(10.152191159190345), np.float64(8.88885608629317), np.float64(10.255125965578976), np.float64(9.14358672181834)]","[np.float64(8.530985269249294), np.float64(9.388864533898754), np.float64(8.53229214872099), np.float64(7.996793221154837), np.float64(9.413195544302036), np.float64(7.866755131532855), np.float64(4.008796408338307), np.float64(4.529400041509927), np.float64(9.878526876435934), np.float64(8.093026384541492), 0, np.float64(9.908454511807658), np.float64(4.5072684802894045), np.float64(9.1156413275109), np.float64(4.642247390085482), np.float64(9.003430080762884), np.float64(9.91301102430355), 0, np.float64(9.713202895954183), 0]","[19.685590267181396, 20.871448516845703, 23.78695511817932, 20.092596292495728, 19.62589430809021, 19.167953968048096, 18.949269771575928, 18.596550226211548, 18.897995233535767, 18.715513467788696, 19.211774110794067, 19.156808137893677, 18.752928733825684, 19.606440782546997, 19.372164249420166, 19.467697858810425, 40.16492414474487, 18.9814350605011, 19.40741991996765, 20.44775080680847]"
20,70,4,7.458488524537345,8.855770629814531,5.893673197785465,21.95969561338425,1.4184210868653977,2.1252054501277624,3.701001825311893,"[np.float64(6.800770516750337), np.float64(7.8518368682695145), np.float64(6.503095156902765), np.float64(7.953921342710571), np.float64(7.886035593495672), np.float64(8.492023100610863), np.float64(5.179083065675017), np.float64(9.491276846811628), np.float64(6.798663119110305), np.float64(6.460205506713066), np.float64(9.81864588768847), np.float64(8.036435639044635), np.float64(4.274455882102671), np.float64(6.909880494080926), np.float64(6.033758339979476), np.float64(6.891835906961131), np.float64(8.112236868015854), np.float64(9.562188002662724), np.float64(8.378445640790392), np.float64(7.73497671237088)]","[np.float64(9.038077154829049), np.float64(9.3115272436609), np.float64(8.880491519589524), np.float64(9.52991551777126), np.float64(9.187389194293361), np.float64(9.3746436029393), np.float64(8.25089494636839), np.float64(9.495524024364899), np.float64(9.023233698880881), np.float64(9.75768728941443), np.float64(9.797503117532447), np.float64(9.85444670971402), 0, np.float64(8.908004273268341), np.float64(9.059661323098316), np.float64(9.388228223126614), np.float64(10.106136423016755), np.float64(9.621057543828696), np.float64(9.270563620622841), np.float64(9.26042716997059)]","[np.float64(3.9863997918070138), np.float64(8.92994897972396), np.float64(3.204483548917167), np.float64(9.037682496281104), np.float64(8.923103850425864), np.float64(8.63506690171073), 0, np.float64(9.176218388936363), np.float64(4.403086700876361), 0, np.float64(9.494523344068359), np.float64(8.94263793300497), 0, np.float64(4.26438598730782), 0, np.float64(3.927661046022899), np.float64(8.743645799452292), np.float64(9.158040050443843), np.float64(8.165368782417328), np.float64(8.881210354313225)]","[21.57529044151306, 19.474615573883057, 19.154789447784424, 17.595004558563232, 17.03115177154541, 17.07142949104309, 17.213885068893433, 17.35085439682007, 16.75099277496338, 17.79426407814026, 20.698808908462524, 28.227160453796387, 26.417796850204468, 25.589651346206665, 20.83970832824707, 20.322194576263428, 28.621862411499023, 47.47230768203735, 18.2388014793396, 21.753342628479004]"
20,70,5,8.000929373168931,9.602355285210404,6.434683182092397,21.55255056619644,1.3785422431285035,0.3991893628732775,3.7948302085506147,"[np.float64(8.086566282088429), np.float64(5.451241391553704), np.float64(8.329952138957855), np.float64(8.775480511646998), np.float64(6.118591187649753), np.float64(9.680254761645791), np.float64(6.0929220851999295), np.float64(8.267280070357991), np.float64(6.101309728784707), np.float64(7.118612071695222), np.float64(7.444244384120773), np.float64(8.208428089997868), np.float64(7.179413022835782), np.float64(7.322764240289612), np.float64(9.959219382128822), np.float64(9.679926383751143), np.float64(8.082026202674438), np.float64(10.01753260681528), np.float64(9.110536520637318), np.float64(8.992286400547222)]","[np.float64(9.557165103600965), np.float64(9.014423630270151), np.float64(9.97781575207846), np.float64(9.34207631572046), np.float64(8.859203028629008), np.float64(9.863136555456773), np.float64(9.049196107117805), np.float64(9.752471283724356), np.float64(9.119145950256879), np.float64(9.222120130356814), np.float64(9.712993633559106), np.float64(10.099389950860846), np.float64(9.454307079095559), np.float64(9.54851830449383), np.float64(10.047314954770183), np.float64(9.833863153902575), np.float64(9.562127048355476), np.float64(10.23541507453224), np.float64(9.773178032048724), np.float64(10.023244615377855)]","[np.float64(8.70209880551974), 0, np.float64(9.6524951171107), np.float64(8.867331314943932), 0, np.float64(8.843983929512671), 0, np.float64(9.604262105956323), 0, np.float64(4.475666212900709), np.float64(4.632388647245019), np.float64(8.960539992216585), np.float64(4.457401005223395), np.float64(4.665449629909381), np.float64(9.831078292893572), np.float64(9.300204655304299), np.float64(8.791418988311438), np.float64(9.702066417476727), np.float64(9.106240612688303), np.float64(9.10103791463514)]","[22.832481145858765, 19.413731336593628, 18.73192548751831, 21.871413946151733, 24.25143003463745, 18.06253147125244, 18.342928171157837, 18.072601079940796, 18.162918090820312, 17.96733522415161, 18.623085021972656, 19.958866119384766, 18.50748634338379, 17.962342739105225, 18.475435256958008, 19.894020080566406, 21.50091552734375, 21.603068351745605, 24.26986598968506, 52.546629905700684]"
20,70,6,8.184151532385773,9.805829645541634,6.879357829744552,20.82499417066574,1.1496880043691484,0.5061228271391023,3.5281120576474505,"[np.float64(9.476612524545693), np.float64(8.152083946703318), np.float64(8.451966171757435), np.float64(10.109777174579575), np.float64(7.766151434969118), np.float64(9.18806264132465), np.float64(6.142140078364827), np.float64(7.404067825946104), np.float64(7.438324609945273), np.float64(9.201127674244974), np.float64(6.468516308384401), np.float64(6.423195568384307), np.float64(8.115912486388767), np.float64(8.004640916243089), np.float64(10.314589466465835), np.float64(8.246869981777339), np.float64(8.23167634906344), np.float64(7.2831244568953935), np.float64(8.263410224502678), np.float64(9.000780807229233)]","[np.float64(9.74852513856118), np.float64(9.950180241255929), np.float64(10.18052761823046), np.float64(9.930432890760354), np.float64(10.406636196930792), np.float64(10.454842954494126), np.float64(8.34898315149092), np.float64(9.516401031012785), np.float64(10.483993996448477), np.float64(10.325781925365838), np.float64(9.777160987299805), np.float64(9.301169273732508), np.float64(9.612228002876604), np.float64(9.404248283356832), np.float64(10.175013537845212), np.float64(9.835326991649769), np.float64(9.707754146838916), np.float64(9.248010806245613), np.float64(10.015017165116573), np.float64(9.694358571319974)]","[np.float64(9.146861555187645), np.float64(8.78956067064453), np.float64(9.512278200852212), np.float64(9.6335366396704), np.float64(4.748067775116063), np.float64(9.214827375057666), 0, np.float64(4.6468594589453165), np.float64(4.103747877883973), np.float64(9.108842753367929), 0, 0, np.float64(9.143844825492437), np.float64(8.701070886902379), np.float64(9.833717460626183), np.float64(9.316135383185024), np.float64(9.294946258985178), np.float64(4.474468078955038), np.float64(8.658487050896774), np.float64(9.259904343122301)]","[23.8830988407135, 21.289620637893677, 19.722972869873047, 21.67809820175171, 21.850220203399658, 22.54799795150757, 20.823208808898926, 19.125742435455322, 19.766640424728394, 21.87720823287964, 19.985015153884888, 20.016218423843384, 21.188211679458618, 20.277902841567993, 19.709235668182373, 20.626880407333374, 19.03515911102295, 19.85850477218628, 22.184535026550293, 21.053411722183228]"
25,60,4,6.894917735052812,9.084210037758414,4.456335625230683,19.00298104286194,0.7582509269839927,0.3414232950929105,3.3095292284746294,"[np.float64(5.867115306352992), np.float64(7.6450788447862585), np.float64(7.431292945096775), np.float64(7.727306005751748), np.float64(6.070129024129115), np.float64(6.934670150263), np.float64(6.775089262534356), np.float64(6.512513792881699), np.float64(6.892844961079635), np.float64(7.673016818348964), np.float64(6.539415862082128), np.float64(6.175497330903332), np.float64(6.935710710576874), np.float64(6.02884054678912), np.float64(8.743381596960903), np.float64(6.790106631459786), np.float64(6.720126519868404), np.float64(7.83353329213964), np.float64(5.834091668381223), np.float64(6.768593430670285)]","[np.float64(8.634313597000327), np.float64(9.290948053150824), np.float64(8.945233112139967), np.float64(9.169975315945335), np.float64(9.036801872224673), np.float64(9.474004196643117), np.float64(8.727069361575278), np.float64(8.878633183225025), np.float64(9.280375535772718), np.float64(9.272444017622046), np.float64(8.881218343610842), np.float64(9.56270883924687), np.float64(9.230692209731952), np.float64(8.779092364945091), np.float64(9.76960351176109), np.float64(9.219230445864683), np.float64(8.773561459390413), np.float64(9.471926344912148), np.float64(8.507999973343267), np.float64(8.778369017062598)]","[0, np.float64(8.731847629407106), np.float64(7.982516164503311), np.float64(8.855389019658148), 0, np.float64(4.464805229635272), np.float64(4.0689060008602045), np.float64(3.427795516108902), np.float64(3.9810699180480236), np.float64(8.705808381342834), np.float64(3.930051887705644), 0, np.float64(4.510312883881778), 0, np.float64(8.830839661644392), np.float64(4.43821654959725), np.float64(4.21216726734238), np.float64(8.889148135622706), 0, np.float64(4.097838259255716)]","[18.434240341186523, 18.36287522315979, 42.12402009963989, 16.86630129814148, 16.44655156135559, 18.271977424621582, 18.688081741333008, 17.71775460243225, 17.46406078338623, 17.61295747756958, 17.533835887908936, 17.94864249229431, 17.01094627380371, 17.66045069694519, 21.007846355438232, 17.749067544937134, 17.47928524017334, 16.677127599716187, 16.905739307403564, 18.097858905792236]"
25,60,5,7.271943700806611,9.159513520944127,5.1624826473374785,21.773196637630463,1.3383065036779087,0.6061168540321316,3.9184131684242223,"[np.float64(7.183969608397292), np.float64(9.096898037180004), np.float64(8.725416730873228), np.float64(7.013465032296664), np.float64(6.686267086520382), np.float64(8.682023587849697), np.float64(7.0558260276406175), np.float64(6.311938481914499), np.float64(9.664327993074208), np.float64(6.827063280989676), np.float64(8.563533982853961), np.float64(7.803944613609889), np.float64(8.050999685618434), np.float64(4.850716494560273), np.float64(6.328559700708359), np.float64(8.307264902461743), np.float64(7.580122604552295), np.float64(5.828720985578922), np.float64(5.363819776407635), np.float64(5.513995403044448)]","[np.float64(8.820512616064166), np.float64(9.70437235644953), np.float64(9.528465711701529), np.float64(9.524973855186017), np.float64(8.319613770682505), np.float64(9.158000647351871), np.float64(9.293981005750824), np.float64(9.882493457003223), np.float64(9.6461642032185), np.float64(9.222518311973326), np.float64(9.394967683888186), np.float64(9.242088440457717), np.float64(9.7884158504258), np.float64(7.242943898484155), np.float64(9.241856242416274), np.float64(8.85777014945857), np.float64(9.205722369882473), np.float64(8.53100301862948), np.float64(9.017919142762494), np.float64(9.566487687095899)]","[np.float64(7.8769263931222735), np.float64(9.568262732312593), np.float64(8.82628214757467), np.float64(4.139743274008973), np.float64(4.0431293776107005), np.float64(9.008127170068583), np.float64(4.3007711658336465), 0, np.float64(9.18364820374347), np.float64(3.883837665401203), np.float64(8.948286041636885), np.float64(8.639071617463223), np.float64(8.775671164922134), 0, 0, np.float64(8.23326099430311), np.float64(7.822634998748111), 0, 0, 0]","[18.673856735229492, 18.357798099517822, 17.7600998878479, 18.72238039970398, 23.702381372451782, 21.542285680770874, 23.61500358581543, 47.45389652252197, 24.182762384414673, 24.178887367248535, 23.717756271362305, 19.7380268573761, 20.57056427001953, 20.423261642456055, 19.333510398864746, 19.285016775131226, 19.57550024986267, 18.17663812637329, 17.9912166595459, 18.46308946609497]"
25,60,6,7.604516524572221,9.314447463634917,5.7327238696955884,23.53370318412781,1.2452653589040255,0.5761055420272816,3.30960512133637,"[np.float64(6.9032115869535176), np.float64(8.942595818949762), np.float64(8.065735560488354), np.float64(9.87221694046062), np.float64(6.068312937083118), np.float64(7.0067133382196065), np.float64(8.087445054217001), np.float64(7.025640932100472), np.float64(10.156238230247595), np.float64(6.8211759463949795), np.float64(7.409203150183648), np.float64(7.172316009996621), np.float64(7.861915273749713), np.float64(4.873097371939601), np.float64(6.498606257152872), np.float64(8.46497858180999), np.float64(7.011862723733822), np.float64(8.475601584112924), np.float64(7.149974572097741), np.float64(8.22348862155246)]","[np.float64(8.600314338828518), np.float64(9.721778948813457), np.float64(9.150923308118704), np.float64(9.764087655963088), np.float64(8.908837081846794), np.float64(9.291514426169439), np.float64(9.588499594167244), np.float64(9.928319600864878), np.float64(10.453090648308004), np.float64(9.349110439704932), np.float64(9.043013909812998), np.float64(9.637553032498117), np.float64(9.095992584534976), np.float64(7.873633687818431), np.float64(9.906463973076798), np.float64(9.41163653099572), np.float64(9.206915941106033), np.float64(9.48874698106293), np.float64(9.431165342724563), np.float64(8.437351246282704)]","[np.float64(3.861535385880788), np.float64(9.348970723201427), np.float64(8.026320690049573), np.float64(9.625511397595243), 0, np.float64(3.896955792317523), np.float64(8.500695282633158), np.float64(3.468581315493583), np.float64(9.75279365912823), np.float64(3.9341834206182096), np.float64(8.101019020353652), np.float64(4.485557216474064), np.float64(8.30778947398537), 0, 0, np.float64(8.173385492160635), np.float64(4.511478960526065), np.float64(8.65674867462236), np.float64(4.125404641386991), np.float64(7.877546247484904)]","[24.07532024383545, 23.47239351272583, 24.187472581863403, 19.60375666618347, 19.957180976867676, 19.394254446029663, 19.854932069778442, 21.73053503036499, 19.795695304870605, 22.942872285842896, 25.977637767791748, 46.29443097114563, 20.23584008216858, 19.60478162765503, 19.10534429550171, 20.377296686172485, 23.63269567489624, 23.779444456100464, 19.949678421020508, 36.70250058174133]"
25,65,4,6.827775415592519,9.152302788345263,3.708153211266427,20.817228651046754,1.240789801298739,0.5114440290271992,3.653567333281938,"[np.float64(6.857022229942075), np.float64(5.8639661783019905), np.float64(6.933989274169492), np.float64(6.598096882196772), np.float64(5.949576654680346), np.float64(9.287465246561812), np.float64(6.006906865405397), np.float64(5.62250601297931), np.float64(8.842871763381543), np.float64(6.852220557014223), np.float64(5.3653290203260475), np.float64(8.120965932245756), np.float64(5.2045436255552895), np.float64(6.244454699766745), np.float64(7.002391481143749), np.float64(7.0047278570209395), np.float64(7.512426542517531), np.float64(9.007789718477188), np.float64(7.19531928853927), np.float64(5.082938481624905)]","[np.float64(9.059193155994961), np.float64(8.233385212516575), np.float64(9.086554357233489), np.float64(8.9853697468718), np.float64(8.194317937273967), np.float64(9.44942545503753), np.float64(9.16353505553095), np.float64(8.220991297396143), np.float64(9.640759679562098), np.float64(9.076058646524075), np.float64(9.343847348596205), np.float64(9.727619853266352), np.float64(9.15813774933698), np.float64(9.783762634807015), np.float64(9.051006779738426), np.float64(9.468011832042736), np.float64(8.737143721320663), np.float64(9.830811851013468), np.float64(9.815801679450168), np.float64(9.020321773391665)]","[np.float64(4.2085734197219535), 0, np.float64(4.314741348333002), np.float64(3.4576160680797927), 0, np.float64(8.87580548384571), 0, 0, np.float64(9.307887003535301), np.float64(4.074450821026152), 0, np.float64(9.36949492299804), 0, 0, np.float64(4.218548977970236), np.float64(4.265317928989835), np.float64(8.285740326522674), np.float64(9.225566633246846), np.float64(4.559321291058995), 0]","[31.030431509017944, 23.42412519454956, 20.591773748397827, 22.106549978256226, 20.01543879508972, 18.888092517852783, 17.75762915611267, 20.75192880630493, 18.41013765335083, 18.184564113616943, 17.23967933654785, 18.997650623321533, 19.31544542312622, 17.331915855407715, 17.301530838012695, 16.831330060958862, 17.14812159538269, 45.740779876708984, 17.153502464294434, 18.123945474624634]"
25,65,5,6.859948376229756,9.110775610123397,4.049560310695426,19.659269630908966,1.1191985753654674,0.4912406498474219,3.564815534524091,"[np.float64(7.37334570984846), np.float64(7.698340689310214), np.float64(7.006177980770179), np.float64(5.813042141020159), np.float64(6.825088936142393), np.float64(5.314375342304004), np.float64(7.982075714388174), np.float64(7.426138295648055), np.float64(6.109910401020745), np.float64(5.934586518559402), np.float64(5.2002570530989205), np.float64(7.700163094340675), np.float64(9.69123820533889), np.float64(7.46254032323229), np.float64(6.334995750847316), np.float64(6.792683275763986), np.float64(7.0439225992949135), np.float64(5.078500905315352), np.float64(6.589167160806614), np.float64(7.822417427544369)]","[np.float64(9.379146490735266), np.float64(9.009404078559278), np.float64(9.3181409316289), np.float64(7.866812980082642), np.float64(8.988562233958463), np.float64(9.359691054281724), np.float64(9.52679945264577), np.float64(9.739158867558096), np.float64(9.065342363202413), np.float64(8.711364037801097), np.float64(8.687583018039904), np.float64(9.299796725523418), np.float64(9.86412553379442), np.float64(8.938837268834213), np.float64(9.206754309588234), np.float64(8.804676693686691), np.float64(9.612302492873049), np.float64(8.29395140984792), np.float64(8.939406524877713), np.float64(9.60365573494873)]","[np.float64(4.473305083860585), np.float64(8.348197149564475), np.float64(4.068475571690594), 0, np.float64(4.366963072653343), 0, np.float64(8.994008278490695), np.float64(4.662880316488906), 0, 0, 0, np.float64(8.691512557051858), np.float64(8.95092567412635), np.float64(8.053433420757383), 0, np.float64(3.944047490297601), np.float64(4.112269646992336), 0, np.float64(3.6597899010008157), np.float64(8.665398050933593)]","[17.768592596054077, 18.54693031311035, 18.971791744232178, 21.805688619613647, 27.584314584732056, 18.78848695755005, 19.47630524635315, 18.427974462509155, 17.484167098999023, 19.129378080368042, 18.461710691452026, 21.95703959465027, 18.709779500961304, 18.099735736846924, 19.694695234298706, 20.231114149093628, 19.567855834960938, 18.331109762191772, 19.451958179473877, 20.69676423072815]"
25,65,6,7.938216919744636,9.71319319945926,6.646569262869539,25.22804147005081,0.9822600234370646,0.42223795701097716,3.033089719577935,"[np.float64(7.112208871816872), np.float64(8.075674773735924), np.float64(7.4784110229004535), np.float64(6.351295362836811), np.float64(7.869971879298327), np.float64(5.509656252062118), np.float64(9.079319492396891), np.float64(8.36166363480653), np.float64(7.647666314259696), np.float64(7.791750348461992), np.float64(8.912845257762422), np.float64(7.20855426333533), np.float64(8.23855545325692), np.float64(7.451284044246095), np.float64(9.03413458317243), np.float64(8.689250777774093), np.float64(8.985099504109701), np.float64(7.091206244587105), np.float64(9.048055588146092), np.float64(8.827734725926913)]","[np.float64(9.762998780383183), np.float64(9.888023269955717), np.float64(10.084758824049958), np.float64(9.099286556622777), np.float64(9.696368555852724), np.float64(8.722789651241518), np.float64(10.11164754082468), np.float64(10.241063923271906), np.float64(10.057192698786405), np.float64(9.119642588968249), np.float64(10.104365337159656), np.float64(9.928727061735705), np.float64(9.933910278436603), np.float64(9.9669994331607), np.float64(9.889747445578317), np.float64(9.224784945998808), np.float64(9.592204961682276), np.float64(9.170243450876768), np.float64(9.954935074315191), np.float64(9.714173610284078)]","[np.float64(4.425324707303892), np.float64(8.60024185092723), np.float64(4.646966798989958), 0, np.float64(8.39397998166595), 0, np.float64(9.443846433695413), np.float64(8.74305573417297), np.float64(4.892523347993612), np.float64(8.232756692792355), np.float64(8.906184794264798), np.float64(4.45958614352784), np.float64(8.300646660619126), np.float64(4.310825141285296), np.float64(9.60560133776243), np.float64(8.311828952990977), np.float64(9.4695782043249), np.float64(4.392362936381186), np.float64(9.011014569726353), np.float64(8.785060968966487)]","[23.756667613983154, 34.102482318878174, 38.38015604019165, 58.95511174201965, 20.615148305892944, 20.726356029510498, 23.204580307006836, 24.3853440284729, 19.34138822555542, 22.009883165359497, 24.84593105316162, 22.18866205215454, 22.973249197006226, 23.347026348114014, 22.855079412460327, 21.501163721084595, 20.821266889572144, 18.82328987121582, 20.17721438407898, 21.55082869529724]"
25,70,4,6.601252163358736,9.218795350587737,3.1708662588212295,19.803450989723206,0.9304280991375061,0.20758957264870637,3.387039982331682,"[np.float64(6.98851424798126), np.float64(5.277168884833237), np.float64(6.833224015319288), np.float64(8.66905740297287), np.float64(5.763963997042356), np.float64(6.862691631948974), np.float64(6.131144643296483), np.float64(6.272272832194673), np.float64(7.8033468378876245), np.float64(7.750243413327786), np.float64(5.284538645076527), np.float64(6.963591336765137), np.float64(6.025468644484196), np.float64(5.554602879443446), np.float64(6.873129318545742), np.float64(6.80855198710733), np.float64(6.25983825064867), np.float64(5.33061287578718), np.float64(7.655557754131734), np.float64(6.917523668380204)]","[np.float64(9.682979159028196), np.float64(9.022426558454036), np.float64(9.156839305392973), np.float64(9.607604941361627), np.float64(8.99594070743095), np.float64(9.176931072975261), np.float64(9.200586491891555), np.float64(9.387772142731821), np.float64(9.324290902162332), np.float64(9.271746727615973), np.float64(9.277004228981456), np.float64(9.133004348712488), np.float64(9.084102668687862), np.float64(8.845871180688597), np.float64(9.296714367940705), np.float64(9.203415069851259), np.float64(9.255252001671737), np.float64(9.068105062195013), np.float64(8.95200663059749), np.float64(9.433313443383415)]","[np.float64(4.130089326920448), 0, np.float64(4.096355073774379), np.float64(8.682995567041786), 0, np.float64(3.9617313041233904), 0, 0, np.float64(8.652296295152038), np.float64(9.068837456133373), 0, np.float64(4.4831922074601085), 0, 0, np.float64(3.6584662240981785), np.float64(4.137615168205507), 0, 0, np.float64(8.237810286104583), np.float64(4.307936267410802)]","[17.50120711326599, 18.70337724685669, 17.914222478866577, 20.04232144355774, 17.960282564163208, 17.998513221740723, 17.091686725616455, 17.86477518081665, 17.070499420166016, 17.103567361831665, 46.96456456184387, 17.32545828819275, 18.09965682029724, 16.89428687095642, 21.709404945373535, 20.711819410324097, 20.99281668663025, 19.33902621269226, 17.471583366394043, 17.30994987487793]"
25,70,5,6.95231314401867,9.149366310655585,3.9551955565382118,21.909543406963348,1.1829509821196644,0.6825427032656767,4.107590757527586,"[np.float64(5.4900063390641884), np.float64(6.457503745194294), np.float64(7.218822159265373), np.float64(8.015423789042664), np.float64(9.205799037066491), np.float64(7.956201705661207), np.float64(5.902867249849795), np.float64(6.8302619096377235), np.float64(6.957863186116694), np.float64(5.846797667294687), np.float64(8.087252691780916), np.float64(8.097707091219053), np.float64(6.9797265486901665), np.float64(8.880179791933818), np.float64(5.26735165836738), np.float64(5.981819206340313), np.float64(5.511753231894813), np.float64(6.088639080761066), np.float64(8.027575373311693), np.float64(6.242711417881058)]","[np.float64(7.44096531006608), np.float64(9.450358616295661), np.float64(9.673844017185962), np.float64(9.62179015743316), np.float64(10.007423701275261), np.float64(9.421114389768945), np.float64(8.30555960324124), np.float64(8.266958560320925), np.float64(9.580939712604144), np.float64(8.667702930163497), np.float64(9.84282908208664), np.float64(9.590145352121908), np.float64(9.07080212002246), np.float64(9.925980079892119), np.float64(8.282764615173782), np.float64(8.708558110593053), np.float64(9.527423636696906), np.float64(9.191827866196128), np.float64(9.554575963455965), np.float64(8.855762388517874)]","[0, 0, np.float64(4.144898691078229), np.float64(8.862684305755396), np.float64(9.704092772962438), np.float64(8.85929176842981), 0, np.float64(3.9822983854709135), np.float64(4.025348129747982), 0, np.float64(9.01296003849475), np.float64(8.925282188061448), np.float64(3.8653956348190937), np.float64(8.600808193619383), 0, 0, 0, 0, np.float64(9.120851022324793), 0]","[23.438766956329346, 18.362041473388672, 18.293737649917603, 21.799659967422485, 23.61474108695984, 25.24996590614319, 24.665175676345825, 20.722681045532227, 18.90140390396118, 18.500707864761353, 20.986192226409912, 20.06856393814087, 19.91030478477478, 19.556492805480957, 20.793054819107056, 20.844611883163452, 18.22963571548462, 46.53417992591858, 17.689796209335327, 20.029154300689697]"
25,70,6,7.447684050896004,8.458329823393925,5.78593196878874,20.569497311115263,1.3742083396046159,2.9272389253722797,3.2783339135026606,"[np.float64(7.348669856797517), np.float64(8.786097419827966), np.float64(6.785882872068072), np.float64(4.295464961295505), np.float64(7.245150152998244), np.float64(4.338398817779136), np.float64(8.482463451650807), np.float64(7.052510679054486), np.float64(6.882301524507997), np.float64(8.89890693125893), np.float64(7.995043752915657), np.float64(6.939485282828077), np.float64(7.6198190433239175), np.float64(6.351167399195524), np.float64(9.303137761758386), np.float64(9.536620386929846), np.float64(7.31062536867513), np.float64(8.087021516918117), np.float64(7.837290791368336), np.float64(7.857623046768416)]","[np.float64(9.911033094873865), np.float64(9.35566162090891), np.float64(8.222412809579788), 0, np.float64(9.597872852971749), 0, np.float64(9.009812680730429), np.float64(9.117663616120787), np.float64(9.091608593295966), np.float64(9.904240712805631), np.float64(9.589255036123447), np.float64(9.44883159926585), np.float64(8.838334185200544), np.float64(9.28529962599674), np.float64(10.248425165709078), np.float64(9.748323838825284), np.float64(9.609333944128943), np.float64(9.816850003181607), np.float64(9.314383485582965), np.float64(9.057253602576912)]","[np.float64(4.514089163033307), np.float64(8.928043244054622), np.float64(3.944876091849164), 0, np.float64(4.595438434824853), 0, np.float64(8.612244773443688), np.float64(4.137508981153997), np.float64(4.037702711244269), np.float64(8.753499853960797), np.float64(8.845905300602912), np.float64(3.323618660969255), np.float64(7.927778076588428), 0, np.float64(9.210129494552953), np.float64(8.791257537038447), np.float64(4.550181150747373), np.float64(8.883076797527199), np.float64(8.167450664989152), np.float64(8.495838439194383)]","[20.10047149658203, 23.77592635154724, 21.070160150527954, 20.603763103485107, 20.25646162033081, 19.133761167526245, 18.983870029449463, 21.519601821899414, 22.736647129058838, 23.589503049850464, 21.985353469848633, 18.37393832206726, 18.858691453933716, 23.328306913375854, 20.40830159187317, 18.527528047561646, 20.179126501083374, 19.763200283050537, 19.41757035255432, 18.77776336669922]"
30,60,4,6.1950081000151345,8.232095010260954,3.2566882931019876,18.478806507587432,1.201142602769376,2.03790217342569,3.191343238834101,"[np.float64(7.396161776691218), np.float64(5.702060508227899), np.float64(6.4970026696383485), np.float64(6.672042204467027), np.float64(2.7079542268224173), np.float64(6.49738767678769), np.float64(6.197410930331429), np.float64(5.036071998178873), np.float64(6.679587696513715), np.float64(6.4704988816244535), np.float64(5.8518581046911144), np.float64(4.78098518673703), np.float64(7.48206993180587), np.float64(7.4256556300466885), np.float64(6.958986231520632), np.float64(6.02565896238275), np.float64(4.550345020919774), np.float64(6.54455947465691), np.float64(7.806415170380089), np.float64(6.617449717878757)]","[np.float64(8.659308779261613), np.float64(8.554598917348692), np.float64(8.303028924817934), np.float64(9.132784851218071), 0, np.float64(8.721056976363055), np.float64(9.426493504719621), np.float64(7.93272266088806), np.float64(9.121608576421757), np.float64(8.064996536570714), np.float64(8.890147432325277), np.float64(8.510894254669825), np.float64(8.842858412316973), np.float64(8.918365765703072), np.float64(9.416334764915078), np.float64(8.687128022633718), np.float64(6.6260445366615235), np.float64(8.502038092916658), np.float64(9.39302765450554), np.float64(8.938461540961892)]","[np.float64(8.12220397811473), 0, np.float64(3.6097942800619265), np.float64(3.9453752338969292), 0, np.float64(3.589614214986097), 0, 0, np.float64(4.142346554129021), np.float64(3.8165000415588235), 0, 0, np.float64(8.423185033021374), np.float64(8.103908366142774), np.float64(4.538937725365274), 0, 0, np.float64(4.191250504181503), np.float64(8.73788725057075), np.float64(3.9127626800105464)]","[16.83188557624817, 16.728281497955322, 16.50534749031067, 16.593184232711792, 16.29581069946289, 16.252305269241333, 48.059112787246704, 17.105519771575928, 17.288278579711914, 18.080574989318848, 16.885170221328735, 16.594100952148438, 17.17159652709961, 17.084720611572266, 17.38354730606079, 16.4501314163208, 16.69704508781433, 17.490164756774902, 16.966179132461548, 17.113173246383667]"
30,60,5,6.04246682817358,7.1655840672319275,2.6762426501269845,19.462835550308228,1.3360517744181006,3.695501775100991,3.4345342954999643,"[np.float64(7.573906794522885), np.float64(6.8538218722422535), np.float64(5.225433820542592), np.float64(8.082581315712286), np.float64(5.675729677988342), np.float64(7.56241809593314), np.float64(4.231469461746055), np.float64(6.446711736969977), np.float64(6.856825350100331), np.float64(4.409834384354466), np.float64(3.0925928256669706), np.float64(4.2257439823596), np.float64(5.997694088323566), np.float64(6.730474086179634), np.float64(6.083667314037981), np.float64(5.339948544143304), np.float64(6.2082169576339), np.float64(6.447242461468433), np.float64(7.956645950391339), np.float64(5.848377843154537)]","[np.float64(9.031984024686524), np.float64(9.164069979504358), np.float64(8.898842470475419), np.float64(9.624190726097401), np.float64(8.269513493577838), np.float64(8.86964856451114), 0, np.float64(8.519305389464074), np.float64(9.376289832116628), 0, 0, 0, np.float64(8.935300039773098), np.float64(8.850818750115327), np.float64(8.939576578242557), np.float64(9.133145236885285), np.float64(9.371223420097627), np.float64(8.623897297459733), np.float64(9.57912185961847), np.float64(8.12475368201308)]","[np.float64(7.841336187512634), np.float64(4.050793406018412), 0, np.float64(8.750253430545623), 0, np.float64(8.628202444950865), 0, np.float64(3.8474645443115434), np.float64(4.087639155888209), 0, 0, 0, 0, np.float64(3.914475197805885), 0, 0, 0, np.float64(3.492302918512846), np.float64(8.912385716993668), 0]","[17.364864110946655, 17.601716995239258, 17.501074075698853, 17.62197232246399, 17.776788473129272, 18.190240144729614, 17.30585289001465, 17.385554313659668, 18.84363055229187, 18.47041606903076, 17.408259391784668, 17.949872732162476, 18.322131633758545, 20.410210371017456, 18.543537616729736, 17.48461103439331, 49.05651116371155, 16.976048231124878, 17.491973400115967, 17.551445484161377]"
30,60,6,6.722159768980717,8.118858085970558,4.367077410064654,18.872693645954133,1.6914584198733718,2.8429724706978727,3.4641525987028112,"[np.float64(7.159320823731125), np.float64(9.298945357556455), np.float64(8.518274486041198), np.float64(6.124583808487086), np.float64(6.938536400642746), np.float64(4.722870310763572), np.float64(1.797282696767262), np.float64(6.5852087589360995), np.float64(7.751385490931082), np.float64(4.0775781282526635), np.float64(6.823577561474408), np.float64(8.516193256803406), np.float64(6.859746874485674), np.float64(7.86160785836351), np.float64(6.677369922508186), np.float64(6.254633641952396), np.float64(7.333799659331787), np.float64(5.870485827718307), np.float64(7.495733521099839), np.float64(7.776060993767539)]","[np.float64(9.241178623890349), np.float64(10.26212490440227), np.float64(9.335588685637244), np.float64(8.075882942072035), np.float64(8.800977849792378), np.float64(7.8932764811352625), 0, np.float64(8.643490008559544), np.float64(8.858514127172704), 0, np.float64(8.963187580818296), np.float64(8.941389110229442), np.float64(9.052356692827178), np.float64(9.460153757239352), np.float64(8.626152548718402), np.float64(9.303626050163755), np.float64(8.433485344503044), np.float64(8.562042235832084), np.float64(10.316781518114327), np.float64(9.6069532583035)]","[np.float64(3.8985266352745063), np.float64(9.886673381517143), np.float64(8.47322392686879), 0, np.float64(4.007520001831912), 0, 0, np.float64(4.0647886572421355), np.float64(7.825580648787622), 0, np.float64(3.9769096865576046), np.float64(8.008373033979199), np.float64(4.313143566349244), np.float64(7.967418844542747), np.float64(4.067139159670644), 0, np.float64(7.854759921635456), 0, np.float64(4.7477233137776125), np.float64(8.249767423258469)]","[17.887399673461914, 18.92345881462097, 18.69453740119934, 18.429271459579468, 18.606837034225464, 18.48913311958313, 18.734989643096924, 18.45760726928711, 19.043166160583496, 17.933961391448975, 18.186140775680542, 18.72885823249817, 18.67785143852234, 18.73875641822815, 20.874557733535767, 19.91852855682373, 19.66709041595459, 18.63014793395996, 19.220845460891724, 19.61073398590088]"
30,65,4,6.314900391375448,7.906756842220434,3.237891790608505,18.68692411184311,1.3197762357768048,2.7438050544496977,3.6718799750779967,"[np.float64(8.596538364112517), np.float64(4.156006050673201), np.float64(6.835832960494727), np.float64(7.533674484124245), np.float64(4.93582344290368), np.float64(4.988015435363177), np.float64(5.145762611335375), np.float64(5.87139966900919), np.float64(3.9817563396745403), np.float64(8.594325181972277), np.float64(6.594366866544568), np.float64(5.905145159192958), np.float64(5.77278789873132), np.float64(5.614779816655318), np.float64(6.775168224330565), np.float64(7.027297570436904), np.float64(7.578019707896804), np.float64(7.0792893608308), np.float64(7.505604658978672), np.float64(5.806414024248124)]","[np.float64(9.200506820958562), 0, np.float64(9.476712772525143), np.float64(8.965997527495391), np.float64(7.817555897834308), np.float64(8.289297734929383), np.float64(8.837040462733244), np.float64(9.170181071666079), 0, np.float64(9.26629995698929), np.float64(8.84314672002102), np.float64(8.262889138290797), np.float64(7.810899826798316), np.float64(8.403337908401765), np.float64(8.861976046908522), np.float64(9.418146801414247), np.float64(9.034876722103286), np.float64(8.761536686726572), np.float64(8.94563816279607), np.float64(8.769096585816698)]","[np.float64(9.041386177505963), 0, np.float64(3.6609326696824964), np.float64(7.799478665779825), 0, 0, 0, 0, 0, np.float64(8.762132926924718), np.float64(4.301504693286791), 0, 0, 0, np.float64(4.104545641060827), np.float64(3.6770377934049), np.float64(8.554278674813654), np.float64(6.841164840516537), np.float64(8.01537372919439), 0]","[17.519874334335327, 16.342106819152832, 16.38868236541748, 17.192235231399536, 16.798218488693237, 17.48254656791687, 19.453563690185547, 17.282121181488037, 49.89702320098877, 16.516720294952393, 16.965317487716675, 16.518546104431152, 17.855668544769287, 16.430067777633667, 16.72848629951477, 16.64325714111328, 16.572306394577026, 16.859607219696045, 16.471824169158936, 17.820308923721313]"
30,65,5,5.956485627336242,6.64968449509357,2.8275813379257206,17.338604509830475,1.6266214886307047,3.9690027192996484,3.7893191660980463,"[np.float64(7.956053169527568), np.float64(6.624447169439542), np.float64(4.328246280162953), np.float64(4.064973339788855), np.float64(7.45311042043478), np.float64(5.464316879681911), np.float64(8.42786962271747), np.float64(6.251607228009774), np.float64(5.3407934351331425), np.float64(7.439124753614854), np.float64(6.0265837583800925), np.float64(8.322603159367826), np.float64(6.8352842281049595), np.float64(2.7786531123595957), np.float64(7.416393399994751), np.float64(5.38504608658207), np.float64(3.5498219875069776), np.float64(5.931936679160489), np.float64(5.393738497504806), np.float64(4.139109339252436)]","[np.float64(9.34781665283961), np.float64(9.232292574970991), 0, 0, np.float64(8.723418295367674), np.float64(7.009893405878074), np.float64(9.163041367831761), np.float64(8.639221093097392), np.float64(9.317053600364169), np.float64(9.018002729949414), np.float64(8.685977478868162), np.float64(8.76696973519664), np.float64(9.34662436517422), 0, np.float64(8.793577436089347), np.float64(8.970627994910137), 0, np.float64(8.985840583518257), np.float64(8.99333258781555), 0]","[np.float64(8.644830726858192), np.float64(3.5820958690669342), 0, 0, np.float64(8.007565677908582), 0, np.float64(8.67752707215066), 0, 0, np.float64(7.802179825325731), 0, np.float64(8.327083791422567), np.float64(3.6010195552587376), 0, np.float64(7.9093242405230075), 0, 0, 0, 0, 0]","[17.629991054534912, 17.323537349700928, 17.124558448791504, 16.94328784942627, 17.778709888458252, 17.133220434188843, 17.382314682006836, 17.133097171783447, 17.387532472610474, 17.800111293792725, 17.596962690353394, 17.10911774635315, 16.98550820350647, 17.129170179367065, 18.652976751327515, 17.429115295410156, 16.960227966308594, 16.792512893676758, 17.059650421142578, 17.42048740386963]"
30,65,6,6.424685183776477,8.709903510378233,2.795041945074272,19.88287960290909,0.9082758982745546,0.4843843652945324,2.934363286721677,"[np.float64(6.334131781631279), np.float64(6.380347040753679), np.float64(6.80092657846368), np.float64(7.020678159915253), np.float64(5.048772977729457), np.float64(4.958460668855583), np.float64(5.214372821137881), np.float64(6.8636106998103665), np.float64(6.2982733722314785), np.float64(6.610926633910309), np.float64(6.535868130620937), np.float64(7.430265523417637), np.float64(7.664384553891725), np.float64(6.604047421133023), np.float64(4.976352809675343), np.float64(6.133672575424649), np.float64(7.012503102608419), np.float64(8.426240528635663), np.float64(6.270870370753417), np.float64(5.90899792492975)]","[np.float64(9.562186606997926), np.float64(7.968916722958034), np.float64(8.491232191862574), np.float64(8.938166588025949), np.float64(7.99103161068033), np.float64(8.041926329355135), np.float64(8.683068298596835), np.float64(8.815527212977523), np.float64(9.140030024470542), np.float64(8.958158901631815), np.float64(8.662210081728452), np.float64(8.60019068363669), np.float64(8.815228717651015), np.float64(8.736120864513367), np.float64(8.449424496752677), np.float64(8.631575744307638), np.float64(9.107063739432181), np.float64(9.195364792586831), np.float64(9.532231055041233), np.float64(7.878415544357894)]","[0, np.float64(3.6534216940701154), np.float64(3.87288949220611), np.float64(3.9709404473749648), 0, 0, 0, np.float64(4.389776910451421), 0, np.float64(3.789479867499188), np.float64(3.971588878825524), np.float64(7.356591201277278), np.float64(8.188586144385354), np.float64(4.0804778926422305), 0, 0, np.float64(4.218169817331284), np.float64(8.408916555421971), 0, 0]","[18.2364444732666, 53.06026554107666, 19.648199319839478, 19.96941328048706, 18.015830039978027, 17.64955759048462, 18.158071756362915, 17.313446760177612, 17.620901584625244, 18.014662981033325, 17.800565719604492, 18.123597383499146, 17.516682863235474, 18.26974868774414, 17.736492156982422, 17.898054838180542, 18.109742641448975, 18.417898654937744, 18.04173755645752, 18.056278228759766]"
30,70,4,6.33411167958165,8.316373967822763,3.1948096187991744,18.105423080921174,1.5014351225448774,2.0270101588104223,3.8954008813291363,"[np.float64(6.152225245506742), np.float64(6.075493576572672), np.float64(5.933878021120364), np.float64(5.982647056024265), np.float64(6.64027667586594), np.float64(2.7203286860115408), np.float64(8.514390112559651), np.float64(5.058165617416102), np.float64(9.503400003646039), np.float64(7.295702173965756), np.float64(6.868026800738473), np.float64(7.535427317725013), np.float64(5.835330021749834), np.float64(5.043136621316437), np.float64(5.576706367876694), np.float64(5.129592877878279), np.float64(4.748653347425121), np.float64(7.837476795456436), np.float64(7.490279944295555), np.float64(6.741096328482086)]","[np.float64(9.170904044805788), np.float64(9.093707663843977), np.float64(8.978475323267926), np.float64(9.098133495395123), np.float64(8.678374133814922), 0, np.float64(9.26326871743112), np.float64(8.335642467386684), np.float64(9.23320766359454), np.float64(8.49324324707068), np.float64(9.135329180918875), np.float64(9.063053280101707), np.float64(8.404879477616882), np.float64(8.410498214850008), np.float64(7.722701906901859), np.float64(8.09246172380647), np.float64(7.547803228622236), np.float64(9.32863682140923), np.float64(9.084931449421545), np.float64(9.192227316195693)]","[0, 0, 0, 0, np.float64(4.035528160504712), 0, np.float64(8.911259869683144), 0, np.float64(8.962589462496187), np.float64(8.112413067472694), np.float64(4.2372406946951315), np.float64(8.211997161904453), 0, 0, 0, 0, 0, np.float64(8.727180492514638), np.float64(8.402709016148865), np.float64(4.295274450563666)]","[16.416877508163452, 15.957446336746216, 15.962008476257324, 16.270491361618042, 16.24463391304016, 16.034130811691284, 16.05171012878418, 17.048994064331055, 16.17356824874878, 16.446762323379517, 16.31208086013794, 15.756421327590942, 15.895199298858643, 16.044511556625366, 16.032521963119507, 16.92239236831665, 52.16219449043274, 16.803117036819458, 16.5844783782959, 16.98892116546631]"
30,70,5,6.4597941763798135,8.423962873736276,2.860705034665798,17.049401426315306,1.2687114842644525,2.074435209567015,3.7733814556998935,"[np.float64(7.42041317902463), np.float64(5.659285247319982), np.float64(7.665465828842129), np.float64(8.181952701304157), np.float64(7.703244355585048), np.float64(5.80832577521037), np.float64(7.422571394908706), np.float64(7.120864446022967), np.float64(9.624312551088433), np.float64(5.6265227372523015), np.float64(6.443063184936201), np.float64(5.115983741573675), np.float64(6.928694231626286), np.float64(5.984158224238775), np.float64(6.03597893194522), np.float64(5.343718515169716), np.float64(4.686059000818897), np.float64(6.2126048284945625), np.float64(5.171196133822719), np.float64(5.041468518411487)]","[np.float64(8.776768826496081), np.float64(8.115599119850037), np.float64(9.606768383989312), np.float64(8.816861619117075), np.float64(9.513227203501936), np.float64(8.470861468340376), np.float64(8.726886909992645), np.float64(9.70590321585725), np.float64(9.791518400430583), np.float64(8.020108572988912), np.float64(9.902634358420984), np.float64(8.096813089597912), np.float64(8.978620268504859), np.float64(8.39106832659694), np.float64(8.977632316614887), np.float64(8.381053943189338), 0, np.float64(9.479786497795287), np.float64(8.498535130854753), np.float64(8.228609822586346)]","[np.float64(7.267052305461834), 0, np.float64(7.970937240420275), np.float64(8.052798711472935), np.float64(7.985830328610231), 0, np.float64(8.255228542660841), np.float64(4.391040404078051), np.float64(9.241493703556412), 0, 0, 0, np.float64(4.049719457055385), 0, 0, 0, 0, 0, 0, 0]","[17.113827228546143, 17.262908935546875, 17.2010498046875, 16.93245029449463, 17.39582896232605, 17.561366081237793, 17.098504304885864, 17.271864891052246, 17.25434947013855, 16.848371744155884, 16.97224235534668, 17.03826928138733, 17.582321405410767, 16.918049812316895, 16.674327611923218, 16.85274624824524, 16.71033501625061, 16.864217519760132, 16.699744939804077, 16.735252618789673]"
30,70,6,6.2028405731225655,7.248909910153076,2.7612406800955376,19.96427482366562,1.596418672766078,3.7603154165957746,3.7614503137196285,"[np.float64(8.029077558212785), np.float64(5.7215620245302485), np.float64(5.025975039842001), np.float64(9.214021481092185), np.float64(8.74759430413303), np.float64(6.825648824726316), np.float64(4.5845048173418315), np.float64(7.862683632430924), np.float64(6.758398815265363), np.float64(6.828425326886677), np.float64(6.159624003628985), np.float64(4.290722044943977), np.float64(3.7149439144678964), np.float64(6.280990364028373), np.float64(5.795181768210354), np.float64(5.9989414750984995), np.float64(3.3353128696652656), np.float64(7.6101584175939365), np.float64(5.107608833007228), np.float64(6.165435947345432)]","[np.float64(9.537860097522445), np.float64(9.886344574157084), np.float64(8.269309385825041), np.float64(10.30524168715177), np.float64(9.74818512158108), np.float64(9.388550198661314), 0, np.float64(9.014274071888291), np.float64(9.032294144789873), np.float64(8.930889544445865), np.float64(8.957189424329112), 0, 0, np.float64(8.576415044171256), np.float64(8.385035333022442), np.float64(8.991177357305778), 0, np.float64(9.213048062152168), np.float64(7.8416384582772665), np.float64(8.900745697780737)]","[np.float64(8.886397377253832), 0, 0, np.float64(9.671010828389797), np.float64(8.492042338375448), np.float64(4.031895961356583), 0, np.float64(7.904249297666649), np.float64(4.073323558243588), np.float64(4.163367395315827), 0, 0, 0, 0, 0, 0, 0, np.float64(8.002526845309031), 0, 0]","[18.25006079673767, 17.284563541412354, 17.743176221847534, 17.79575538635254, 18.066709280014038, 17.80292510986328, 17.856982946395874, 18.15179133415222, 17.893823385238647, 18.687896966934204, 18.0083110332489, 18.113283157348633, 57.1237473487854, 18.323451280593872, 18.220206260681152, 18.261659860610962, 18.46216082572937, 17.865084886550903, 17.843406438827515, 17.530500411987305]"
35,60,4,6.414437570682736,8.144191640703763,3.8897451882122525,17.204521739482878,1.1479696525167014,1.9676815334202091,3.3988682429840074,"[np.float64(5.595300827626165), np.float64(5.176463519054567), np.float64(5.83023386572061), np.float64(7.347445806044755), np.float64(6.713415570220023), np.float64(6.451971866290592), np.float64(4.780262652763185), np.float64(6.720579126172608), np.float64(7.611986874123023), np.float64(6.742822056053802), np.float64(6.546405694957971), np.float64(4.827252156335449), np.float64(6.699140872898423), np.float64(7.012815580561948), np.float64(4.084719370204154), np.float64(8.951931852983078), np.float64(6.746847199399547), np.float64(7.481486991837187), np.float64(5.733631684116227), np.float64(7.234037846291412)]","[np.float64(8.247245876327344), np.float64(8.274760201169153), np.float64(8.266307556330043), np.float64(8.38446978593215), np.float64(8.88601494511743), np.float64(8.355651740898569), np.float64(7.531352005689653), np.float64(8.672994778343169), np.float64(9.303959522151471), np.float64(9.058044558400326), np.float64(8.413635193018383), np.float64(7.762893697776038), np.float64(8.720229562039547), np.float64(8.632087853369233), 0, np.float64(9.014638668033207), np.float64(9.231185383576422), np.float64(8.823037218393956), np.float64(8.658111725986553), np.float64(8.647212541522629)]","[0, 0, 0, np.float64(7.9093751117165105), np.float64(4.298200594544454), np.float64(3.898057469819586), 0, np.float64(4.27977188770003), np.float64(8.597461335242897), np.float64(4.410492817905837), np.float64(3.811536598878976), 0, np.float64(4.306838715823638), np.float64(7.4234008909197335), 0, np.float64(8.367873905108688), np.float64(3.570291437072486), np.float64(8.63566247196305), 0, np.float64(8.285940527549165)]","[16.125908374786377, 16.056220293045044, 16.056149005889893, 16.511039972305298, 16.349517345428467, 16.8119797706604, 25.214248418807983, 23.109177350997925, 16.376726627349854, 16.216022729873657, 15.756762504577637, 16.035593509674072, 16.62314200401306, 16.205060720443726, 17.569222688674927, 16.776535511016846, 16.276671409606934, 17.08377981185913, 16.26997423171997, 16.66670250892639]"
35,60,5,5.8055834784443805,6.998957033790081,2.2327635517264497,18.889770293235777,1.5209646794473908,3.605301097079619,3.1495325741755393,"[np.float64(5.662937111561297), np.float64(4.103241585157163), np.float64(6.882424088565802), np.float64(8.691538876837653), np.float64(5.515836829522763), np.float64(5.955676811523381), np.float64(7.908847258281264), np.float64(6.530033064600789), np.float64(5.6925773093549275), np.float64(5.7405268263191145), np.float64(6.739187736298729), np.float64(7.543349061497431), np.float64(3.4820490080413564), np.float64(5.065407005556107), np.float64(4.245355489491085), np.float64(6.970763301647614), np.float64(6.683883238690796), np.float64(2.473568308083047), np.float64(5.043719915194618), np.float64(5.180746742662677)]","[np.float64(7.928692623950728), 0, np.float64(8.842349465366128), np.float64(9.440252951092942), np.float64(8.94957435171007), np.float64(8.724209432207422), np.float64(8.40027957709079), np.float64(8.84554961604968), np.float64(8.66138318782522), np.float64(8.37704488448164), np.float64(8.43971456694221), np.float64(9.094113340729374), 0, np.float64(8.783760141351749), 0, np.float64(9.211753298494832), np.float64(9.04817971311886), 0, np.float64(8.55887787524733), np.float64(8.67340565014264)]","[0, 0, np.float64(3.840110876426537), np.float64(8.951282161214987), 0, 0, np.float64(8.155158823394933), np.float64(3.901151820460878), 0, 0, np.float64(3.9024641361975867), np.float64(8.090080230104196), 0, 0, 0, np.float64(4.333418407502055), np.float64(3.4816045792278234), 0, 0, 0]","[17.06472945213318, 16.904367208480835, 17.265005588531494, 17.055407762527466, 17.07695746421814, 16.63996171951294, 17.09321427345276, 16.963602542877197, 16.914539337158203, 54.911802768707275, 16.706779956817627, 17.396934747695923, 16.783702850341797, 17.438507080078125, 16.814424991607666, 16.920894384384155, 16.83739185333252, 16.843937397003174, 16.591522455215454, 17.57172203063965]"
35,60,6,6.817751807161782,8.89342720426758,3.4700612258107006,17.680708873271943,0.9286042520382685,0.4772378682045753,3.087184763414417,"[np.float64(6.861297316095497), np.float64(5.979765043991836), np.float64(8.321807168256516), np.float64(6.357498096990512), np.float64(6.668633660719656), np.float64(5.969562085741611), np.float64(7.353342375656225), np.float64(6.497745911821341), np.float64(7.611020027969016), np.float64(6.04771857718007), np.float64(8.423491856898927), np.float64(6.947377831195312), np.float64(6.636254417186024), np.float64(6.53554972636669), np.float64(5.920784694711543), np.float64(7.176810684610434), np.float64(6.635548648868316), np.float64(5.396794484639866), np.float64(6.056364868064378), np.float64(8.957668666271875)]","[np.float64(8.90923915830312), np.float64(8.732684236603752), np.float64(9.6536157605968), np.float64(9.366071281629557), np.float64(8.785128706198833), np.float64(8.890590687790437), np.float64(9.565686710444595), np.float64(8.614361105665111), np.float64(9.134472973089204), np.float64(8.16867016903355), np.float64(9.247263540121073), np.float64(9.388829609681475), np.float64(8.058187094110522), np.float64(8.772034556091043), np.float64(8.57360520258568), np.float64(9.062424427477401), np.float64(8.694580881406532), np.float64(8.237597054697764), np.float64(8.4297306773491), np.float64(9.58377025247605)]","[np.float64(4.33846841860295), 0, np.float64(7.952011205643003), 0, np.float64(3.9031775330040857), 0, np.float64(4.076137246782176), np.float64(3.838943386020801), np.float64(7.906481034781709), 0, np.float64(7.817819406167917), np.float64(3.9253936707515162), np.float64(3.966779906964355), np.float64(4.0303169231171205), 0, np.float64(4.333291958607962), np.float64(3.9303722384095514), 0, 0, np.float64(9.382031587360867)]","[17.49059295654297, 17.136834383010864, 17.7000412940979, 20.19732642173767, 17.648245811462402, 17.78558349609375, 17.820651292800903, 17.371592044830322, 17.759462356567383, 17.823623418807983, 17.19324827194214, 17.430060386657715, 17.26751136779785, 18.357527494430542, 17.2672598361969, 17.256014108657837, 17.415543794631958, 17.435929536819458, 17.58945345878601, 17.667675733566284]"
35,65,4,6.006241675990674,7.757372738298135,2.81064047533796,18.19327492713928,1.1445936009841309,2.6713177085597746,3.5136289055806347,"[np.float64(5.967262707992888), np.float64(6.246597806642188), np.float64(8.157555240392748), np.float64(6.3707725101719115), np.float64(5.8211232440362775), np.float64(4.918921651396921), np.float64(7.587954836524733), np.float64(5.858238795551955), np.float64(4.927919794022708), np.float64(7.276291444578581), np.float64(5.152637036954961), np.float64(4.901795742015639), np.float64(5.822070933597659), np.float64(6.692811823494111), np.float64(7.15526942499103), np.float64(4.115908673996568), np.float64(6.595234094690718), np.float64(5.627497505417364), np.float64(7.06615467358337), np.float64(3.862815579761156)]","[np.float64(8.62183792975138), np.float64(8.434113190208686), np.float64(9.001435942702676), np.float64(8.054360994890404), np.float64(8.694874707641997), np.float64(8.49294870706912), np.float64(9.36757055504506), np.float64(8.90593930970345), np.float64(8.370044353311972), np.float64(8.595308232877851), np.float64(8.435552770251265), np.float64(8.518206536991507), np.float64(8.800528394306783), np.float64(9.034920083539678), np.float64(8.84135970074781), 0, np.float64(8.28694245607641), np.float64(8.156537104323085), np.float64(8.534973796523559), 0]","[0, np.float64(3.326085593317636), np.float64(8.335138572965828), np.float64(3.7915431151822556), 0, 0, np.float64(8.133668507386275), 0, 0, np.float64(8.373465975903947), 0, 0, 0, np.float64(4.245431453984717), np.float64(7.820409933110939), 0, np.float64(4.102214153509145), 0, np.float64(8.084852201398453), 0]","[15.989224195480347, 16.022759437561035, 16.16286277770996, 16.047996044158936, 16.45022678375244, 16.126962900161743, 15.710623264312744, 15.941836833953857, 56.474071979522705, 16.009907484054565, 16.48527431488037, 16.035448789596558, 16.364759922027588, 16.4878191947937, 16.104551315307617, 15.9177086353302, 16.553070545196533, 16.020593643188477, 16.661434412002563, 16.2983660697937]"
35,65,5,6.534203215414212,8.544301188643834,3.5569845315388537,17.01331185102463,1.274316812819129,0.6384279633825188,3.8767792802995262,"[np.float64(7.484173429949606), np.float64(5.619277470042049), np.float64(4.852254199319641), np.float64(5.859338541670133), np.float64(5.507412136297336), np.float64(7.8937322702210055), np.float64(6.674786184066861), np.float64(6.833897541020023), np.float64(5.203743700162177), np.float64(7.808142768689728), np.float64(4.984734237207435), np.float64(5.730882841800421), np.float64(5.684219042180603), np.float64(8.08108020652015), np.float64(7.165697124934519), np.float64(7.356544177658093), np.float64(5.10397237415663), np.float64(5.770852107124599), np.float64(9.416752674977976), np.float64(7.6525712802852475)]","[np.float64(8.756097994783786), np.float64(8.265151012333467), np.float64(8.240139367710585), np.float64(8.460203676906925), np.float64(7.6884350679889994), np.float64(9.731305257280518), np.float64(8.606412732480111), np.float64(8.846886897739724), np.float64(8.311695354144216), np.float64(9.083088824582797), np.float64(7.22704682760486), np.float64(8.037867115999529), np.float64(8.000391654078982), np.float64(8.762296054137327), np.float64(9.557461222867435), np.float64(8.76430270383343), np.float64(8.0354869847096), np.float64(8.048111602481706), np.float64(9.432063773588304), np.float64(9.031579647624362)]","[np.float64(7.885745379707338), 0, 0, 0, 0, np.float64(8.410365899898132), np.float64(4.195145666869892), np.float64(4.388069910754584), 0, np.float64(8.492096996232029), 0, 0, 0, np.float64(8.103078184767188), np.float64(4.652421146226322), np.float64(7.715053852518752), 0, 0, np.float64(9.02299590064439), np.float64(8.274717693158454)]","[17.88121247291565, 16.792799711227417, 17.597891569137573, 16.646709203720093, 16.70977520942688, 16.870535850524902, 16.63487982749939, 17.94054651260376, 16.952104091644287, 17.03188419342041, 16.757143020629883, 16.915162801742554, 16.600695848464966, 16.811055421829224, 16.80682110786438, 17.1580867767334, 16.965403079986572, 17.585060119628906, 17.059794902801514, 16.548675298690796]"
35,65,6,6.135324228993988,7.407536341741142,2.4568831335203836,40.08936294317245,1.3614128205552058,3.2176214061166406,3.4051453891313246,"[np.float64(5.941853955688246), np.float64(5.795858987929569), np.float64(6.559944213862105), np.float64(5.407876169834387), np.float64(5.850852268592172), np.float64(5.4471064210998), np.float64(4.754811069482764), np.float64(6.782409729277282), np.float64(7.337829081271628), np.float64(6.634809654134741), np.float64(8.353844646402779), np.float64(8.578604878959835), np.float64(6.055344010010896), np.float64(5.83090122787693), np.float64(3.1178929532400868), np.float64(6.507363858119245), np.float64(8.423036897504863), np.float64(5.122133988459895), np.float64(5.860024489858446), np.float64(4.343986078274084)]","[np.float64(8.553532265352363), np.float64(8.338779993649439), np.float64(8.859901665194085), np.float64(9.145603174710635), np.float64(7.860032810757863), np.float64(8.586147781440784), 0, np.float64(8.8236444508417), np.float64(8.105895258807708), np.float64(8.814840133413275), np.float64(8.898811923441032), np.float64(9.57094102968235), np.float64(9.056278076514019), np.float64(8.909156416158087), 0, np.float64(8.691247390525165), np.float64(9.13698928754715), np.float64(8.05926045799119), np.float64(8.739664718795996), 0]","[0, 0, np.float64(3.6599173426260663), 0, 0, 0, 0, np.float64(4.090633304900705), np.float64(7.859028687041317), np.float64(3.972577511065278), np.float64(8.513017642217934), np.float64(8.446343695232958), 0, 0, 0, np.float64(4.038295374786632), np.float64(8.55784911253678), 0, 0, 0]","[17.43889617919922, 18.42026925086975, 17.50927495956421, 17.761590242385864, 17.35103750228882, 17.88284993171692, 17.288915157318115, 17.252530574798584, 17.49356746673584, 17.56584882736206, 62.35002779960632, 17.871705770492554, 17.585285425186157, 18.842389345169067, 17.94444990158081, 17.69352102279663, 62.03458595275879, 112.94335722923279, 114.21515488624573, 184.34200143814087]"
35,70,4,5.748908984594799,6.386401298975621,2.4533696302098122,17.540287721157075,1.4171363446202772,3.8057013901891272,3.3612208060931446,"[np.float64(3.99253012560372), np.float64(7.294985547157271), np.float64(4.290672673726562), np.float64(3.904054572272628), np.float64(5.604694284040439), np.float64(4.996436724182923), np.float64(6.487376367413106), np.float64(6.80505994294817), np.float64(4.460018736756104), np.float64(5.898796352367066), np.float64(5.578693586933093), np.float64(8.07413311383124), np.float64(6.0370201268144745), np.float64(8.345190248022554), np.float64(7.158324682234319), np.float64(4.654588343876754), np.float64(5.177927893314607), np.float64(3.2306654129766854), np.float64(6.513923438045936), np.float64(6.4730875193783275)]","[0, np.float64(8.405210665667875), 0, 0, np.float64(8.288240255822144), np.float64(7.78005417475163), np.float64(8.48290248307676), np.float64(8.962349885212264), 0, np.float64(8.856420887478752), np.float64(8.145201285881832), np.float64(8.827968587338617), np.float64(8.848705741814854), np.float64(9.176520383561076), np.float64(8.535192282263315), np.float64(7.3072945639359155), np.float64(8.763041277075212), 0, np.float64(8.680487764148587), np.float64(8.668435741483595)]","[0, np.float64(8.067569321212149), 0, 0, 0, 0, np.float64(3.9404451169200234), np.float64(4.317567421871353), 0, 0, 0, np.float64(8.192082790444923), 0, np.float64(8.448816703097995), np.float64(8.051454285730951), 0, 0, 0, np.float64(4.210553420153269), np.float64(3.8389035447655844)]","[46.130828619003296, 17.313873052597046, 17.050368070602417, 15.803653717041016, 16.117810487747192, 15.974071025848389, 16.206464290618896, 15.906589031219482, 15.680133819580078, 15.820018291473389, 15.75641679763794, 16.17108392715454, 15.64228343963623, 16.241161346435547, 15.505441427230835, 15.775498151779175, 15.943517923355103, 15.844131708145142, 16.074246644973755, 15.848162651062012]"
35,70,5,5.873552911691516,6.5375816274949194,2.665508388573457,19.082813334465026,1.5957148331686,3.9008255227084083,3.6274422150044296,"[np.float64(7.454472556508022), np.float64(5.077154411696138), np.float64(3.4062015537168744), np.float64(7.653622559045082), np.float64(7.891216150843627), np.float64(4.859892686766792), np.float64(5.005841770066187), np.float64(6.891279679515173), np.float64(5.917595772266075), np.float64(8.240119433454533), np.float64(5.384689974460775), np.float64(4.406128924115971), np.float64(6.383746296562894), np.float64(3.863338240311674), np.float64(4.104837759412812), np.float64(6.883637572085475), np.float64(5.939085668151436), np.float64(4.089151151005462), np.float64(5.153640751657303), np.float64(8.865405322188023)]","[np.float64(8.694224469811592), np.float64(8.340868937272703), 0, np.float64(9.662564485052863), np.float64(9.400790682861967), np.float64(8.10536871859744), np.float64(7.394471110224555), np.float64(8.923864300746262), np.float64(8.96358030728174), np.float64(8.770929247834019), np.float64(8.837707013237779), 0, np.float64(8.556578615183287), 0, 0, np.float64(9.20343931814389), np.float64(8.428567906367789), 0, np.float64(8.528010364853937), np.float64(8.940667072428571)]","[np.float64(8.162047061814194), 0, 0, np.float64(7.884832425917778), np.float64(9.15517514261445), 0, 0, np.float64(3.880483870594674), 0, np.float64(7.879169931362361), 0, 0, np.float64(3.9470403485351166), 0, 0, np.float64(3.977639721889612), 0, 0, 0, np.float64(8.423779268740951)]","[16.71577286720276, 16.57817053794861, 16.550095319747925, 16.567087411880493, 16.865601301193237, 16.996135711669922, 16.72669792175293, 16.928083181381226, 16.840594053268433, 17.211869716644287, 16.84546184539795, 17.267906427383423, 61.61725378036499, 16.85021138191223, 16.596956729888916, 17.37522792816162, 16.8365638256073, 16.392497301101685, 16.886991262435913, 17.00708818435669]"
35,70,6,5.754009506494026,7.210878937404649,2.8841789776999307,17.39463480710983,1.432282928338917,3.164111479489227,3.549677418547267,"[np.float64(7.009424093011493), np.float64(5.810392914361997), np.float64(3.4682871401150392), np.float64(5.22255949930119), np.float64(5.152205495925522), np.float64(5.177994259487985), np.float64(7.658516871633463), np.float64(5.063361701204617), np.float64(3.528638375348952), np.float64(6.574604626066837), np.float64(7.33286378500523), np.float64(6.191501905833482), np.float64(4.750275114239506), np.float64(4.7089909863603046), np.float64(4.807516056963038), np.float64(3.3715254353457698), np.float64(7.600711789175486), np.float64(7.46106892017082), np.float64(7.404127415372355), np.float64(6.78562374495743)]","[np.float64(8.180481669685953), np.float64(8.702062033152174), 0, np.float64(8.467476944104659), np.float64(8.140732897366272), np.float64(9.079693848278767), np.float64(9.136777554601714), np.float64(7.868568726711102), 0, np.float64(8.625567344049776), np.float64(9.070002926789694), np.float64(8.003994936250875), np.float64(7.699072819643157), np.float64(7.934166382402352), np.float64(7.034157920468262), 0, np.float64(9.484186853691307), np.float64(8.888133500901127), np.float64(8.763849200934027), np.float64(9.13865318906176)]","[np.float64(7.638084846062893), 0, 0, 0, 0, 0, np.float64(8.37603053672872), 0, 0, np.float64(3.494879459613387), np.float64(7.026182947701972), np.float64(3.485446002197085), 0, 0, 0, 0, np.float64(7.853025509121016), np.float64(7.650701086088477), np.float64(8.249764206682308), np.float64(3.9094649598027567)]","[17.758909225463867, 17.235073804855347, 17.467870712280273, 17.26814317703247, 17.444273233413696, 17.29564905166626, 17.38949179649353, 17.206347703933716, 17.35385799407959, 17.709372758865356, 17.808416843414307, 17.803433179855347, 17.36255931854248, 17.413878440856934, 16.946832418441772, 17.292872428894043, 17.255032777786255, 17.428645372390747, 17.223607778549194, 17.22842812538147]"
40,60,4,5.072396240920771,5.498022480937979,1.3475886722596864,50.747898197174074,1.2963467040755707,4.1466264964092785,2.2062294024842872,"[np.float64(3.7982967056851837), np.float64(4.040056301402484), np.float64(2.37487989225536), np.float64(6.705086621058544), np.float64(6.586325137261427), np.float64(5.639962710212388), np.float64(3.9816302748614643), np.float64(4.394725497516702), np.float64(5.665856317778037), np.float64(5.477598860620813), np.float64(5.207522595172373), np.float64(6.4761522382560175), np.float64(3.4502997446357484), np.float64(4.847866464593448), np.float64(5.566815983009156), np.float64(6.262517733207801), np.float64(3.8023662193125976), np.float64(3.8467763539672997), np.float64(6.557949146081435), np.float64(6.765240021527138)]","[0, 0, 0, np.float64(8.685460779539671), np.float64(8.629127506800433), np.float64(8.379346501426335), 0, np.float64(7.837538394807184), np.float64(8.604807420371532), np.float64(8.449508485109607), np.float64(8.713359104940787), np.float64(8.724904375611729), 0, np.float64(8.148415179992348), np.float64(8.022264839019732), np.float64(8.363284770537065), 0, 0, np.float64(8.94356422072812), np.float64(8.458868039875039)]","[0, 0, 0, np.float64(3.937275047626357), np.float64(3.934500526838473), 0, 0, 0, 0, 0, 0, np.float64(3.9230809573986893), 0, 0, 0, np.float64(3.973736228429056), 0, 0, np.float64(4.158746697800262), np.float64(7.024433987100888)]","[25.246805667877197, 82.0236439704895, 90.90586423873901, 130.09196162223816, 111.50924968719482, 113.55650877952576, 42.261841773986816, 103.391597032547, 26.57033109664917, 26.77246332168579, 21.460880041122437, 23.272552251815796, 16.49231743812561, 16.235603094100952, 16.793052911758423, 66.88463258743286, 36.76732563972473, 27.29616403579712, 20.296149015426636, 17.129019737243652]"
40,60,5,5.4046255095675315,6.158188006491005,1.806592464727,25.78909605741501,1.4465724104608173,3.6782870410858117,3.3383196300929012,"[np.float64(8.309428307924426), np.float64(5.6012059488886345), np.float64(7.392396664556416), np.float64(7.729108615841031), np.float64(5.743572985598626), np.float64(3.121508080331757), np.float64(5.65432624001728), np.float64(6.127202667713667), np.float64(7.083865795728857), np.float64(3.4891062631770184), np.float64(5.437797687538239), np.float64(4.208890271554262), np.float64(4.229731405155676), np.float64(3.0286863103174015), np.float64(4.849628974390048), np.float64(4.711819087198165), np.float64(5.4758035730112935), np.float64(5.177940287302515), np.float64(5.693489660095284), np.float64(5.027001365010036)]","[np.float64(8.824129664346273), np.float64(7.852737164357548), np.float64(8.848605934335728), np.float64(9.324975878508246), np.float64(8.287620197794418), 0, np.float64(7.745384779341788), np.float64(7.828227929127899), np.float64(8.218155830872105), 0, np.float64(7.858303185587686), 0, 0, 0, np.float64(7.156068029592912), np.float64(7.720521599996881), np.float64(8.165542303712627), np.float64(8.587279473295306), np.float64(8.529949276555783), np.float64(8.216258882394895)]","[np.float64(8.714142116570631), 0, np.float64(8.016591663961737), np.float64(8.586750195361887), 0, 0, 0, np.float64(3.8890974347432765), np.float64(6.925267883902469), 0, 0, 0, 0, 0, 0, 0, 0, 0, 0, 0]","[17.10391616821289, 18.351604223251343, 17.40392756462097, 25.13153338432312, 18.814910650253296, 18.40445876121521, 19.098240852355957, 19.028080940246582, 19.73513102531433, 59.48257327079773, 55.56098794937134, 62.50379395484924, 22.00293469429016, 18.961562871932983, 22.80948543548584, 21.1808979511261, 18.312689065933228, 17.988511085510254, 23.708773851394653, 20.19790744781494]"
40,60,6,5.161167389573952,6.233543083609995,1.1090617558333336,19.787971675395966,1.3162603567754825,3.7346424836233143,2.423537751920487,"[np.float64(3.745486162848456), np.float64(4.963543473348883), np.float64(5.281695375568947), np.float64(4.828961635567759), np.float64(6.270353889090199), np.float64(6.498615403513341), np.float64(4.598743766529016), np.float64(4.257244849838574), np.float64(5.799183158688103), np.float64(5.987018951913289), np.float64(7.396196780681621), np.float64(7.013443687147293), np.float64(4.687230819458469), np.float64(4.906041797334205), np.float64(4.050369233850555), np.float64(2.552320421836411), np.float64(4.7582039823858215), np.float64(5.8797865712644), np.float64(6.863107956856382), np.float64(2.8857998737572994)]","[0, np.float64(7.807676119624257), np.float64(8.197283845923991), np.float64(8.022498374270457), np.float64(9.047597203483718), np.float64(8.031368930913516), np.float64(7.156675146079508), 0, np.float64(8.45712482273548), np.float64(8.77460535151872), np.float64(8.85083653617144), np.float64(8.639790315134356), np.float64(7.238079493182617), np.float64(8.571055552859477), 0, 0, np.float64(7.732342931223923), np.float64(8.680703142786586), np.float64(9.46322390629186), 0]","[0, 0, 0, 0, 0, np.float64(3.8873532696105184), 0, 0, 0, 0, np.float64(7.4870750318783), np.float64(7.224966511590596), 0, 0, 0, 0, 0, 0, np.float64(3.5818403035872555), 0]","[20.768662452697754, 19.867139101028442, 18.970311641693115, 21.248966693878174, 21.08393096923828, 18.881194591522217, 19.650684356689453, 18.663793325424194, 23.437310934066772, 19.88858127593994, 20.774603843688965, 18.290876865386963, 18.244656324386597, 18.613059043884277, 18.106120824813843, 18.187137126922607, 19.107855558395386, 18.48296570777893, 23.108518362045288, 20.38306450843811]"
40,65,4,4.75861955888157,5.218761116274971,0.5971769861787407,22.955036211013795,1.2012855534101834,3.96849547092763,1.9351337451937867,"[np.float64(4.467003264701973), np.float64(6.633815403193515), np.float64(2.309639395437644), np.float64(4.790536348800881), np.float64(4.233044015889917), np.float64(7.554911858315152), np.float64(4.583726582121222), np.float64(5.4594950515037235), np.float64(4.690233344296131), np.float64(4.937671387417396), np.float64(5.369901238780873), np.float64(5.702776445422806), np.float64(2.4033090549598874), np.float64(4.989474131862473), np.float64(4.183226901072429), np.float64(4.823798512446438), np.float64(4.320005855347627), np.float64(4.1139041388093025), np.float64(5.625006629142278), np.float64(3.9809116181097313)]","[np.float64(7.319605152130186), np.float64(8.596491071403586), 0, np.float64(6.992161624970234), 0, np.float64(9.244949570161543), np.float64(7.28877786493914), np.float64(8.072253076027055), np.float64(7.010558174486506), np.float64(8.619153641417032), np.float64(7.983971295533925), np.float64(8.50116913350083), 0, np.float64(8.642694084821262), 0, np.float64(7.987099234985854), 0, 0, np.float64(8.116338401122256), 0]","[0, np.float64(4.106502305095794), 0, 0, 0, np.float64(7.83703741847902), 0, 0, 0, 0, 0, 0, 0, 0, 0, 0, 0, 0, 0, 0]","[36.764309883117676, 87.42422747612, 20.251623392105103, 17.79508638381958, 17.334653854370117, 20.972681999206543, 19.318906545639038, 16.431188106536865, 16.598944187164307, 16.31915807723999, 19.240174770355225, 16.24117612838745, 16.308891534805298, 17.074567079544067, 16.7922625541687, 18.36198139190674, 16.11129069328308, 18.113709688186646, 18.87372589111328, 32.77216458320618]"
40,65,5,5.299507196144202,5.744641145152911,1.76946886723413,19.313024842739104,1.4400391302818323,3.895750792098282,2.6423925086503366,"[np.float64(6.411737758567233), np.float64(5.480720726032562), np.float64(2.983435785603696), np.float64(6.824739836384057), np.float64(6.644544686100855), np.float64(5.044406599459141), np.float64(3.265453859860368), np.float64(3.602342390178616), np.float64(5.529521042965546), np.float64(4.096985528016697), np.float64(7.052257730033386), np.float64(5.527196919888772), np.float64(6.447452038001604), np.float64(8.079021896041638), np.float64(4.814717387620155), np.float64(4.034789521034728), np.float64(3.2608443889865395), np.float64(4.840154599253865), np.float64(5.4647066246516), np.float64(6.585114604202989)]","[np.float64(8.23712050193054), np.float64(7.215623094028714), 0, np.float64(9.273275913757491), np.float64(8.73618491265194), np.float64(7.375564966155807), 0, 0, np.float64(7.804641204932432), 0, np.float64(8.470503401997222), np.float64(8.218352380316947), np.float64(8.433591497503507), np.float64(9.186225575905086), np.float64(7.241624492388331), 0, 0, np.float64(8.183517533312239), np.float64(7.923416603587028), np.float64(8.593180824590933)]","[np.float64(4.025913620241768), 0, 0, np.float64(4.321981165598494), np.float64(4.108135431002635), 0, 0, 0, 0, 0, np.float64(7.421559336616232), 0, np.float64(3.8034600039526025), np.float64(7.50193928781176), 0, 0, 0, 0, 0, np.float64(4.206388499459109)]","[30.1741361618042, 20.862568378448486, 17.020416259765625, 18.51283574104309, 17.611685276031494, 21.714163780212402, 17.8189697265625, 23.58098793029785, 17.846853017807007, 18.260345458984375, 21.78249502182007, 17.847334623336792, 18.696560859680176, 18.718320846557617, 17.1558678150177, 17.04733657836914, 17.32033085823059, 17.691973447799683, 19.046969890594482, 17.550345182418823]"
40,65,6,5.341412470826,6.244125879627101,1.1767366852468808,22.71557859182358,1.1213398473236154,3.7578070809217694,2.552162624342871,"[np.float64(5.074639507640566), np.float64(4.8907758494006774), np.float64(5.792965503029427), np.float64(5.715216948332965), np.float64(4.5333993727061435), np.float64(5.042692716154114), np.float64(6.17382256964172), np.float64(6.944176691115788), np.float64(4.039142562200111), np.float64(5.0819635135155), np.float64(7.248463916146633), np.float64(4.690234931901113), np.float64(4.137769670241968), np.float64(6.790380230160542), np.float64(5.393056563167855), np.float64(4.020683571941853), np.float64(7.719527030511778), np.float64(5.051954007729274), np.float64(4.230275710324441), np.float64(4.257108550657521)]","[np.float64(7.914360181709032), np.float64(7.728411179980116), np.float64(7.907419249599389), np.float64(7.872561766839623), np.float64(7.109446229208776), np.float64(8.452871188262908), np.float64(9.430595207834102), np.float64(8.976039728728383), 0, np.float64(8.80942126244471), np.float64(8.76034651716063), np.float64(6.912638616317028), 0, np.float64(9.258375322528723), np.float64(9.1160127400768), 0, np.float64(8.77202446764404), np.float64(7.861993934207768), 0, 0]","[0, 0, 0, 0, 0, 0, 0, np.float64(4.3329777572127925), 0, 0, np.float64(7.334076991406386), 0, 0, np.float64(3.8762865355380116), 0, 0, np.float64(7.991392420780425), 0, 0, 0]","[17.977677822113037, 19.536877155303955, 22.51822566986084, 18.28043222427368, 18.622230291366577, 26.997732400894165, 23.3897488117218, 19.947015047073364, 19.774688482284546, 79.47206544876099, 18.391226530075073, 18.57263731956482, 18.83614182472229, 18.0253689289093, 18.179161310195923, 20.976462364196777, 19.02007007598877, 18.69198703765869, 18.71797251701355, 18.383850574493408]"
40,70,4,5.343279228793696,5.784692270247628,1.3606855510116094,22.24197402000427,1.2479627984611836,3.8986225866301165,2.626924854329573,"[np.float64(5.775207614063034), np.float64(6.143578256483038), np.float64(6.551474485108542), np.float64(8.155221641162628), np.float64(5.614756331277921), np.float64(5.527708014925451), np.float64(3.9304115454876136), np.float64(4.226291623640896), np.float64(5.108195220175088), np.float64(3.316559246450285), np.float64(6.5613731133706095), np.float64(6.995216574605376), np.float64(3.3357408113382827), np.float64(5.593705681193369), np.float64(5.744799399308094), np.float64(5.516818651220017), np.float64(5.7406439015122155), np.float64(4.126433924898042), np.float64(4.727995580608868), np.float64(4.173452959044547)]","[np.float64(8.516744475004804), np.float64(7.922077768717699), np.float64(8.474693499351993), np.float64(8.679493009651804), np.float64(8.728013673309384), np.float64(7.659221762053148), 0, 0, np.float64(7.873706304639448), 0, np.float64(8.695902667372664), np.float64(8.055081111420934), 0, np.float64(7.920713618779296), np.float64(8.689349712547438), np.float64(8.149354294538103), np.float64(8.532205206774897), 0, np.float64(7.797288300790947), 0]","[0, np.float64(3.6187064470940253), np.float64(3.7666729336748244), np.float64(8.182720864874712), 0, 0, 0, 0, 0, 0, np.float64(4.07733328186722), np.float64(7.568277492721407), 0, 0, 0, 0, 0, 0, 0, 0]","[16.11397671699524, 15.896344423294067, 16.343358755111694, 16.810575485229492, 16.485329151153564, 16.547635316848755, 16.393664121627808, 16.106274604797363, 17.78243398666382, 17.426291704177856, 16.366398572921753, 16.320547342300415, 16.41868782043457, 17.562371015548706, 16.933709144592285, 16.955959796905518, 16.683026790618896, 36.7327995300293, 39.548534870147705, 85.41156125068665]"
40,70,5,5.201845946903025,5.444477085762382,1.1858440026629458,19.27287049293518,1.2768237691241653,4.116386262130029,2.5915132329567183,"[np.float64(5.804659329219768), np.float64(4.848523845169167), np.float64(4.360636458833922), np.float64(2.40661236771683), np.float64(3.7829490432694084), np.float64(6.619315081875135), np.float64(6.089485508821327), np.float64(5.873793016661356), np.float64(4.883178724025265), np.float64(6.9766646988765695), np.float64(3.972822824250723), np.float64(5.675186569233556), np.float64(6.658716094248907), np.float64(3.749926648409421), np.float64(4.206679732357625), np.float64(4.120503258818046), np.float64(7.41885027458521), np.float64(5.633587260741773), np.float64(5.670480292617346), np.float64(5.284347908329147)]","[np.float64(8.249828413264964), np.float64(7.8732753030660705), 0, 0, 0, np.float64(8.807343200725397), np.float64(8.71603749650925), np.float64(8.454148805933869), np.float64(7.641105559133912), np.float64(8.10392445838849), 0, np.float64(8.48180259270729), np.float64(8.936859718992382), 0, 0, 0, np.float64(9.094628013580266), np.float64(8.405327927720345), np.float64(7.566142600368704), np.float64(8.55911762485671)]","[0, 0, 0, 0, 0, np.float64(4.031612325486755), 0, 0, 0, np.float64(7.803636131560852), 0, 0, np.float64(3.9420441306337026), 0, 0, 0, np.float64(7.939587465577605), 0, 0, 0]","[30.077181816101074, 26.397427797317505, 21.876431465148926, 18.016205549240112, 18.185730934143066, 17.432002305984497, 17.170980215072632, 16.936770915985107, 23.120473384857178, 17.14081335067749, 18.243687391281128, 17.738245487213135, 20.022533178329468, 19.8725163936615, 17.82862162590027, 17.914302825927734, 16.907888412475586, 16.613651752471924, 16.763975381851196, 17.197969675064087]"
40,70,6,5.629113962237919,7.184393725628695,1.6026980495811474,22.650965440273286,1.2608630472141586,3.134451782393531,2.7363747632600264,"[np.float64(6.51279270042586), np.float64(4.999212469683173), np.float64(5.833573614022196), np.float64(6.647794458628167), np.float64(6.449910791834949), np.float64(4.982956426045302), np.float64(5.799984185157047), np.float64(2.6675717010214033), np.float64(5.022345920755128), np.float64(5.654673185122693), np.float64(5.486754322319054), np.float64(7.606286497594428), np.float64(6.234994264784637), np.float64(5.765702755868274), np.float64(6.793870650240115), np.float64(7.557403205846375), np.float64(4.443895983693738), np.float64(5.476378960993906), np.float64(3.007998184556135), np.float64(5.638178966165797)]","[np.float64(8.075735412859315), np.float64(8.084424471217334), np.float64(8.255880790551934), np.float64(8.61462352940772), np.float64(8.391839535641793), np.float64(8.516309323301487), np.float64(7.771283879402366), 0, np.float64(8.604975334205786), np.float64(7.984153965444177), np.float64(7.639919723492743), np.float64(8.85734858048692), np.float64(8.901458043012182), np.float64(8.949682994125487), np.float64(9.220210481365), np.float64(8.603932529653132), 0, np.float64(7.739672857396255), 0, np.float64(9.47642306101026)]","[np.float64(3.812559608030998), 0, 0, np.float64(4.131772970637585), np.float64(3.985080670363496), 0, 0, 0, 0, 0, 0, np.float64(8.2604277104827), 0, 0, np.float64(3.9905855513090516), np.float64(7.873534480799117), 0, 0, 0, 0]","[70.74966931343079, 17.476303577423096, 17.75693392753601, 19.822882652282715, 18.63705062866211, 18.75811266899109, 17.525323390960693, 17.61034655570984, 17.652359008789062, 18.12481951713562, 17.611557960510254, 20.795478105545044, 18.858456134796143, 24.415473699569702, 46.071770906448364, 18.42063069343567, 17.598463535308838, 18.11992597579956, 17.532005786895752, 19.48174476623535]"
45,60,4,4.25334495040453,4.204725400436168,0.9037676171682003,17.68757437467575,1.4903710971083581,3.9241936176401055,1.9597824107622452,"[np.float64(3.2430405993864753), np.float64(3.578975954211609), np.float64(6.301908294995304), np.float64(2.266193930642718), np.float64(4.569600850398451), np.float64(6.07884923168458), np.float64(2.4497183236167417), np.float64(4.696261695067016), np.float64(2.3086727796722344), np.float64(5.167930887691823), np.float64(5.284344288357598), np.float64(2.9585730889683672), np.float64(1.4871385053780977), np.float64(4.689143066086808), np.float64(4.333486845010724), np.float64(6.612131949680227), np.float64(3.9653734784580545), np.float64(4.125607490873146), np.float64(6.4358562623178415), np.float64(4.514091485592789)]","[0, 0, np.float64(8.536615766886207), 0, np.float64(7.70652214859964), np.float64(7.907743424463067), 0, np.float64(7.030813390749347), 0, np.float64(7.247833821439636), np.float64(7.629201754464136), 0, 0, np.float64(7.711877713942798), np.float64(6.809070335905435), np.float64(7.735620928385097), 0, 0, np.float64(8.613495774718144), np.float64(7.165712949169837)]","[0, 0, np.float64(3.6182633470536834), 0, 0, np.float64(3.6030249158949594), 0, 0, 0, 0, 0, 0, 0, 0, 0, np.float64(6.898619829959401), 0, 0, np.float64(3.9554442504559635), 0]","[18.135473251342773, 16.705050230026245, 17.41008424758911, 25.809197902679443, 17.740139961242676, 16.258986949920654, 17.51672649383545, 22.434550523757935, 21.71552324295044, 17.16343069076538, 16.622673511505127, 16.156723260879517, 16.435642957687378, 16.260076761245728, 15.693447828292847, 16.812010049819946, 16.03480553627014, 16.33872675895691, 16.333621501922607, 16.174595832824707]"
45,60,5,4.931296378469215,5.924399215373658,0.5293138175528604,23.902180874347685,0.8558015157216474,3.5163830326781396,1.2932069925909178,"[np.float64(5.226936963138472), np.float64(4.021279851073351), np.float64(5.970346176614274), np.float64(4.601638165844445), np.float64(4.289895159310354), np.float64(5.350167099092443), np.float64(5.603825539156414), np.float64(3.5516535274151106), np.float64(4.694468223042305), np.float64(3.291546620795519), np.float64(4.933463673382968), np.float64(4.780237445600515), np.float64(4.487060566062801), np.float64(5.537254668888537), np.float64(4.621243602018177), np.float64(3.968769636810133), np.float64(5.428688463355936), np.float64(6.257203960227184), np.float64(6.3234670192412175), np.float64(5.686781208314142)]","[np.float64(7.859297924863819), 0, np.float64(7.727073292877489), np.float64(7.813352882360196), 0, np.float64(7.9262781996167035), np.float64(7.952942307149608), 0, np.float64(7.920204737318374), 0, np.float64(7.703943436711791), np.float64(7.789119615569666), np.float64(7.67985945580967), np.float64(7.93808738871761), np.float64(7.619008221458149), 0, np.float64(7.893659157078881), np.float64(7.714580139185343), np.float64(8.363248762862446), np.float64(8.587328785893414)]","[0, 0, np.float64(3.4508453867870013), 0, 0, 0, 0, 0, 0, 0, 0, 0, 0, 0, 0, 0, 0, np.float64(3.4863424809603893), np.float64(3.649088483309819), 0]","[17.00746726989746, 17.285069227218628, 17.085476636886597, 16.88836169242859, 16.629523992538452, 19.32068943977356, 20.236790657043457, 17.83338761329651, 19.493086576461792, 27.2547447681427, 28.75896382331848, 78.16349387168884, 61.45417881011963, 16.84880566596985, 16.865024089813232, 17.378201246261597, 17.096184253692627, 17.1347713470459, 17.333338499069214, 17.97605800628662]"
45,60,6,5.274079480810114,6.3949679543998155,1.808020270316928,21.111022198200224,1.3147638652874847,3.3061468874544486,3.0128671919704995,"[np.float64(4.494129472728361), np.float64(3.840654905507448), np.float64(4.780559601853251), np.float64(6.741402342863096), np.float64(1.6285928076743532), np.float64(4.593955071487041), np.float64(4.0606620607907935), np.float64(7.023288557309417), np.float64(5.536999382435875), np.float64(6.438339760959499), np.float64(4.628905870937896), np.float64(5.972835726588696), np.float64(7.016063036157542), np.float64(4.227538325039842), np.float64(5.458129907347785), np.float64(5.96972607953525), np.float64(5.223249930288042), np.float64(5.5410246578552185), np.float64(5.480130190325394), np.float64(6.825401928517473)]","[np.float64(7.558370385668689), 0, np.float64(7.724950330982365), np.float64(8.019810005620137), 0, np.float64(7.81656469702123), 0, np.float64(8.57262469248142), np.float64(7.704490538236764), np.float64(8.43172675652141), np.float64(7.069175296055025), np.float64(8.617430786733685), np.float64(7.7655942263448035), 0, np.float64(7.685750099822069), np.float64(8.012952560119428), np.float64(8.773876843383727), np.float64(8.487048408685254), np.float64(7.7979881069733565), np.float64(7.861005353346946)]","[0, 0, 0, np.float64(6.873127060633676), 0, 0, 0, np.float64(7.584256732498156), 0, np.float64(3.5146998106613636), 0, 0, np.float64(7.332474058711835), 0, 0, np.float64(3.422316720119767), 0, 0, 0, np.float64(7.433531023713758)]","[18.992456436157227, 18.95805525779724, 18.73381781578064, 18.845096826553345, 23.30772829055786, 26.001059532165527, 23.997833728790283, 19.809349298477173, 17.356725692749023, 17.647451877593994, 21.426867723464966, 18.849502563476562, 17.635337829589844, 19.039063692092896, 19.013808012008667, 31.39116644859314, 23.867316722869873, 29.072834491729736, 17.447628498077393, 20.827343225479126]"
45,65,4,4.688753604659842,5.20025613188417,0.17581289964915883,21.188640320301054,1.0037023042320068,3.9309809256860415,0.7862591898737361,"[np.float64(5.952608893752137), np.float64(5.096968280013264), np.float64(5.552952452620709), np.float64(3.6862071396544738), np.float64(5.850990560852853), np.float64(5.757011410490006), np.float64(4.780597296038374), np.float64(2.772953720953957), np.float64(4.62488083364152), np.float64(5.548789236638917), np.float64(5.54220351325446), np.float64(3.1556749732172746), np.float64(3.7996271961190073), np.float64(3.883005689155016), np.float64(4.746543664799699), np.float64(3.9400338396129233), np.float64(3.3172898855928525), np.float64(5.713832980261302), np.float64(5.510404158753105), np.float64(4.542496367774994)]","[np.float64(7.2324573779980454), np.float64(8.256410281711776), np.float64(8.199342201884459), 0, np.float64(8.668583318627501), np.float64(8.171106843404296), np.float64(7.3418904038593125), 0, np.float64(7.3135091884151615), np.float64(8.260436667694941), np.float64(8.184788940887914), 0, 0, 0, np.float64(8.074501282561599), 0, 0, np.float64(8.412588107853061), np.float64(8.02157238430308), np.float64(7.867935638482244)]","[np.float64(3.5162579929831765), 0, 0, 0, 0, 0, 0, 0, 0, 0, 0, 0, 0, 0, 0, 0, 0, 0, 0, 0]","[16.08398938179016, 15.736330509185791, 16.052709817886353, 15.773535013198853, 16.524144411087036, 22.856785535812378, 38.51164674758911, 44.51460671424866, 28.89233636856079, 38.86190962791443, 25.45905876159668, 17.465853214263916, 15.485230684280396, 15.655059576034546, 15.873329639434814, 15.561278581619263, 15.811100482940674, 16.11190390586853, 15.858258724212646, 16.683738708496094]"
45,65,5,4.455653764431655,3.2302340868560404,0.571020128073217,23.186873829364778,1.0424106170216312,4.06640224422023,1.882077572638286,"[np.float64(6.151422655967237), np.float64(3.911801705757993), np.float64(6.817222759967397), np.float64(4.985056173013014), np.float64(3.2200268395778737), np.float64(3.8532277362978324), np.float64(4.987645798701538), np.float64(3.9588802343014193), np.float64(5.7414664321356375), np.float64(4.364293147890874), np.float64(4.141635367363731), np.float64(4.1649909027522645), np.float64(2.641717551069294), np.float64(4.008036637286611), np.float64(3.2155106087880103), np.float64(3.876826817467389), np.float64(5.828109408893963), np.float64(4.6411042221174945), np.float64(4.41140274844492), np.float64(4.192697540838595)]","[np.float64(7.841217403974467), 0, np.float64(7.875580146395315), np.float64(8.761467916368078), 0, 0, np.float64(7.78356804243983), 0, np.float64(7.963698228242217), 0, 0, 0, 0, 0, 0, 0, np.float64(8.671419247244373), np.float64(7.9723003258251595), np.float64(7.735430426631369), 0]","[np.float64(3.635281258240115), 0, np.float64(7.785121303224225), 0, 0, 0, 0, 0, 0, 0, 0, 0, 0, 0, 0, 0, 0, 0, 0, 0]","[20.935784339904785, 17.687785148620605, 31.796106815338135, 19.033185243606567, 17.436558723449707, 18.474350452423096, 20.233062505722046, 99.5051896572113, 18.686903476715088, 18.338079929351807, 17.916841745376587, 17.246391534805298, 17.251945972442627, 18.91600275039673, 19.214553833007812, 16.97015953063965, 18.39643883705139, 16.68573021888733, 20.10993981361389, 18.90246605873108]"
45,65,6,4.9211638079550815,5.284419610469746,1.5459227325742544,23.21435018777847,1.558478897368384,4.00162024624456,2.660431461572533,"[np.float64(3.202390203945259), np.float64(3.1272302121912547), np.float64(4.756347791723388), np.float64(6.142523077180493), np.float64(5.552563291377425), np.float64(5.2929190829902115), np.float64(4.98667292451133), np.float64(6.332266190373309), np.float64(6.7771552220663835), np.float64(3.507011735382172), np.float64(5.176908264357933), np.float64(7.431357143149896), np.float64(3.599583064047816), np.float64(3.308609413510031), np.float64(5.009921633458625), np.float64(2.2821327220827508), np.float64(7.157024454230403), np.float64(2.70967343582791), np.float64(6.494373557649024), np.float64(5.576612739046014)]","[0, 0, np.float64(7.544791474240403), np.float64(8.108231641543535), np.float64(8.058749981128033), np.float64(7.885851623190019), np.float64(7.158625635323055), np.float64(8.608922509164131), np.float64(8.105922707986792), 0, np.float64(8.7137119428867), np.float64(8.852623419757489), 0, 0, np.float64(7.341214249374462), 0, np.float64(8.740929434873685), 0, np.float64(8.16728977325795), np.float64(8.401527816668665)]","[0, 0, 0, np.float64(3.616941361646354), 0, 0, 0, np.float64(3.883731067715442), np.float64(3.6539315406375334), 0, 0, np.float64(8.026130366996057), 0, 0, 0, 0, np.float64(7.799520962820351), 0, np.float64(3.9381993516693523), 0]","[34.940613985061646, 27.023527145385742, 28.73595643043518, 23.73740839958191, 17.75037717819214, 17.2167329788208, 17.459888696670532, 19.258399724960327, 23.737439155578613, 25.536636114120483, 35.63120627403259, 27.459732055664062, 34.91255450248718, 21.718446016311646, 17.884302854537964, 18.04024386405945, 18.69541621208191, 18.084274530410767, 18.19197392463684, 18.271873712539673]"
45,70,4,3.9238707886240283,2.443173577126543,0.37819149493605697,16.925733494758607,1.2861299254402447,3.8328845393687083,1.167805058184703,"[np.float64(4.811902127930655), np.float64(3.1598301933535313), np.float64(4.124025607394802), np.float64(3.8987354975284885), np.float64(2.991022656672793), np.float64(2.896705420437069), np.float64(5.501479218036075), np.float64(3.586168897469), np.float64(5.955720620974381), np.float64(5.496884720235875), np.float64(3.8859619527177314), np.float64(2.974332646657418), np.float64(1.5242320176943467), np.float64(6.516400895302848), np.float64(3.2451236332773656), np.float64(3.1815649359157097), np.float64(2.965783042159893), np.float64(3.3167923646944435), np.float64(2.9924293844329766), np.float64(5.452319939595162)]","[np.float64(7.982832665679081), 0, 0, 0, 0, 0, np.float64(8.190220984940114), 0, np.float64(7.950463257838958), np.float64(8.084144319946338), 0, 0, 0, np.float64(8.79396059875152), 0, 0, 0, 0, 0, np.float64(7.861849715374842)]","[0, 0, 0, 0, 0, 0, 0, 0, np.float64(3.49345421289957), 0, 0, 0, 0, np.float64(4.07037568582157), 0, 0, 0, 0, 0, 0]","[16.4088876247406, 16.169819593429565, 16.457061767578125, 15.734554767608643, 15.7001211643219, 16.165374994277954, 16.67520809173584, 17.16145133972168, 17.493866205215454, 17.404293298721313, 16.52993679046631, 15.852338552474976, 17.890602350234985, 16.92257070541382, 16.4738552570343, 15.896829605102539, 16.523237943649292, 20.086262464523315, 16.662333488464355, 20.306063890457153]"
45,70,5,5.07908284859592,5.345194226679747,1.3267200422798024,20.225376737117767,1.2828590075187367,4.038569750578138,2.5407297083140623,"[np.float64(4.175580551978862), np.float64(5.238462743591769), np.float64(4.947377630589059), np.float64(2.9972570922363007), np.float64(3.953082733513872), np.float64(6.332429521294006), np.float64(6.525350324048367), np.float64(6.408105748215298), np.float64(6.818113210207662), np.float64(5.130183108915977), np.float64(4.1238321356244265), np.float64(4.826927159512266), np.float64(2.9739451843063134), np.float64(5.652828841099993), np.float64(7.320502289075718), np.float64(3.876227432881841), np.float64(5.4263849979782846), np.float64(5.890843077422897), np.float64(3.330558220464767), np.float64(5.633664968960734)]","[0, np.float64(7.8132057401551895), np.float64(8.30986016130919), 0, 0, np.float64(8.564973535284787), np.float64(8.54313693860262), np.float64(8.659940557203292), np.float64(8.055083684646597), np.float64(8.221360195394894), 0, np.float64(7.858686254849183), 0, np.float64(8.594849815969534), np.float64(8.982181353531836), 0, np.float64(7.515963820104174), np.float64(7.787178525590752), 0, np.float64(7.997463950952903)]","[0, 0, 0, 0, 0, np.float64(3.8355143886642034), np.float64(3.5644790768428125), np.float64(4.018911702666079), np.float64(7.404246699628945), 0, 0, 0, 0, 0, np.float64(7.7112489777940105), 0, 0, 0, 0, 0]","[22.975470542907715, 17.330174207687378, 17.128443241119385, 76.53368592262268, 16.994601726531982, 16.592602014541626, 16.83789038658142, 16.58002996444702, 16.497437477111816, 18.416332721710205, 17.551366567611694, 17.166919708251953, 16.335623741149902, 16.507206201553345, 16.955368041992188, 16.415160655975342, 16.77746033668518, 17.320369720458984, 16.549443006515503, 17.041948556900024]"
45,70,6,4.575521196348793,5.2858014334563235,0.41653413922345556,19.715272295475007,1.4775828871893746,4.006018838943519,1.283229620991271,"[np.float64(5.371172931836052), np.float64(5.1625098235304145), np.float64(5.7140700238797315), np.float64(6.685455282642585), np.float64(3.2213220357183063), np.float64(2.4580405695111525), np.float64(2.989151720998517), np.float64(5.236215398000096), np.float64(3.781946897447796), np.float64(6.664474392033199), np.float64(0.816654917825677), np.float64(4.840780092658903), np.float64(3.087505056354232), np.float64(4.092324833676617), np.float64(5.066813062334069), np.float64(4.511803367641353), np.float64(5.788332079488179), np.float64(4.904036834515739), np.float64(5.351032098978046), np.float64(5.766782507905207)]","[np.float64(7.813173714407177), np.float64(8.102409315841719), np.float64(7.724442489131323), np.float64(8.403861966069208), 0, 0, 0, np.float64(7.984489610597444), 0, np.float64(8.939779557865428), 0, np.float64(8.136997107395135), 0, 0, np.float64(8.727931293977802), np.float64(6.903686749948537), np.float64(8.654534756389745), np.float64(7.352487004265913), np.float64(8.570705826996923), np.float64(8.401529276240113)]","[0, 0, 0, np.float64(3.9968734447695997), 0, 0, 0, 0, 0, np.float64(4.333809339699512), 0, 0, 0, 0, 0, 0, 0, 0, 0, 0]","[17.662421941757202, 18.045526027679443, 17.342581748962402, 17.800756692886353, 18.536405563354492, 18.22870922088623, 18.31851053237915, 17.70499277114868, 17.931989669799805, 17.274205446243286, 17.698986291885376, 18.218167781829834, 19.332483768463135, 29.367355823516846, 20.189987897872925, 36.46975898742676, 21.02284049987793, 16.891595125198364, 17.62256622314453, 18.645603895187378]"
50,60,4,4.172703824926875,4.202985759305272,0.38292311273482854,18.5915585398674,1.2399739013690165,3.9125171008163693,1.712484220461784,"[np.float64(3.9238251192371454), np.float64(5.2917737123851), np.float64(4.703118152608142), np.float64(2.127886965135579), np.float64(3.0434640937224375), np.float64(4.552578784974436), np.float64(3.18602705861221), np.float64(4.66938859582672), np.float64(4.8536208866423864), np.float64(3.9529691104638274), np.float64(3.18366729251604), np.float64(4.346235120843352), np.float64(5.4739916573439595), np.float64(3.1230639756329865), np.float64(3.834118209206476), np.float64(4.766215728267192), np.float64(4.711888062504627), np.float64(5.263254921572245), np.float64(6.91878428640024), np.float64(1.52820476464239)]","[0, np.float64(7.8491172085469865), np.float64(7.487629420286602), 0, 0, np.float64(7.775475053357667), 0, np.float64(7.235904925796331), np.float64(6.798972619882124), 0, 0, np.float64(7.159615034400889), np.float64(8.159484378744482), 0, 0, np.float64(8.089223763073296), np.float64(7.9195920559953725), np.float64(7.792074409241073), np.float64(7.792626316780608), 0]","[0, 0, 0, 0, 0, 0, 0, 0, 0, 0, 0, 0, 0, 0, 0, 0, 0, 0, np.float64(7.658462254696571), 0]","[26.252092361450195, 15.69839596748352, 17.737316846847534, 16.347218990325928, 18.25925612449646, 17.40165948867798, 15.778441667556763, 15.65948486328125, 15.823764324188232, 16.183704137802124, 17.23348069190979, 17.432879209518433, 22.434289693832397, 27.632206916809082, 26.73915696144104, 17.655791521072388, 17.54146456718445, 17.048542022705078, 17.240487337112427, 15.731537103652954]"
50,60,5,3.706100925333173,2.6860598781442238,0.17484819506257074,22.242714726924895,1.1803732079345612,3.7617344831303425,0.7819448998061026,"[np.float64(3.7775679135567035), np.float64(4.5547964539238555), np.float64(1.4738142402719445), np.float64(4.785671055590708), np.float64(1.5488205748044208), np.float64(4.044149972568874), np.float64(2.9794557900151704), np.float64(4.657850619880158), np.float64(3.2706694000309), np.float64(4.698764796847167), np.float64(3.2473108577464687), np.float64(3.611333032320303), np.float64(4.149758685957881), np.float64(2.283476048592869), np.float64(4.7649780299647775), np.float64(2.2753578833119565), np.float64(3.36231274439376), np.float64(6.022337552803403), np.float64(3.855027864224739), np.float64(4.758564989857397)]","[0, np.float64(7.727171652328433), 0, np.float64(7.584048345047261), 0, 0, 0, np.float64(7.041251114985595), 0, np.float64(7.739375198491483), 0, 0, 0, 0, np.float64(7.677201553640818), 0, 0, np.float64(7.600872888676184), 0, np.float64(8.351276809714705)]","[0, 0, 0, 0, 0, 0, 0, 0, 0, 0, 0, 0, 0, 0, 0, 0, 0, np.float64(3.496963901251415), 0, 0]","[17.0126953125, 17.542571544647217, 88.91974234580994, 18.83475923538208, 18.604090452194214, 16.67336392402649, 17.181477069854736, 16.980713844299316, 18.337311506271362, 16.414494276046753, 17.250788688659668, 16.467700242996216, 17.431907415390015, 17.830854177474976, 16.64708924293518, 18.02371621131897, 17.942355632781982, 20.771844625473022, 34.94128632545471, 21.04553246498108]"
50,60,6,4.120405366012515,2.3752771622170274,0.39878931843983095,19.01552916765213,1.1805674340892784,3.7330133216164127,1.7834400494645448,"[np.float64(2.3875152112507037), np.float64(3.97531946210881), np.float64(3.087643923360925), np.float64(3.8834064022607233), np.float64(5.3282467652913805), np.float64(3.74547872777962), np.float64(7.255812120003768), np.float64(5.577865854090968), np.float64(3.8190612434118147), np.float64(3.226880157422526), np.float64(3.9001204937644847), np.float64(4.528841028725428), np.float64(2.385154188540942), np.float64(4.03691255833038), np.float64(5.906051026063424), np.float64(4.065382255645974), np.float64(3.442752627751624), np.float64(4.687227287468879), np.float64(3.8190041213721204), np.float64(3.349431865605811)]","[0, 0, 0, 0, np.float64(7.857200426831722), 0, np.float64(8.454888103159085), np.float64(7.810647031389482), 0, 0, 0, np.float64(7.159510332863565), 0, 0, np.float64(8.625456800925908), 0, 0, np.float64(7.5978405491707885), 0, 0]","[0, 0, 0, 0, 0, 0, np.float64(7.975786368796619), 0, 0, 0, 0, 0, 0, 0, 0, 0, 0, 0, 0, 0]","[18.061683893203735, 17.944072723388672, 17.654642581939697, 17.848700046539307, 17.824249029159546, 18.643239736557007, 19.451512813568115, 18.468199253082275, 17.804566621780396, 17.520663022994995, 17.935932159423828, 20.382761001586914, 29.630176305770874, 17.830364227294922, 19.84193992614746, 19.16615390777588, 17.628225564956665, 17.97196888923645, 19.558392763137817, 19.143138885498047]"
50,65,4,4.444513795594504,4.015894860164131,0.9386903162920902,20.355820262432097,1.3251565528337084,4.129028861904994,2.0595932741131846,"[np.float64(3.8682430768651956), np.float64(3.126506191826417), np.float64(2.4329795722060665), np.float64(3.478117259729952), np.float64(6.008046110868267), np.float64(4.759332157537637), np.float64(4.700820593496465), np.float64(3.7838237310521206), np.float64(4.772350928826696), np.float64(6.466578533283754), np.float64(4.1354397589019705), np.float64(7.04052034895179), np.float64(3.662829615860295), np.float64(4.164906051891274), np.float64(6.126725274299119), np.float64(4.705999173159882), np.float64(4.866780973765421), np.float64(1.6862160384953668), np.float64(3.9034436697948793), np.float64(5.200616851077505)]","[0, 0, 0, 0, np.float64(8.021695509201153), np.float64(8.016594604803899), np.float64(7.657654596114585), 0, np.float64(7.961788799738973), np.float64(8.378031536905555), 0, np.float64(8.754384989590854), 0, 0, np.float64(8.243101505312087), np.float64(8.021381390268616), np.float64(7.293825655366751), 0, 0, np.float64(7.969438615980151)]","[0, 0, 0, 0, np.float64(3.8002646549341836), 0, 0, 0, 0, np.float64(3.878300574084514), 0, np.float64(7.442869944913429), 0, 0, np.float64(3.652371151909678), 0, 0, 0, 0, 0]","[15.897772789001465, 16.219369888305664, 22.782652616500854, 22.085533380508423, 15.792698860168457, 15.71030855178833, 17.210691452026367, 19.694161891937256, 55.186742305755615, 18.115450859069824, 17.190637588500977, 22.999332427978516, 19.56993269920349, 25.730069160461426, 20.538830518722534, 15.834222078323364, 15.825833082199097, 16.359638929367065, 16.229540586471558, 18.142985582351685]"
50,65,5,4.41891140120851,5.06117710845639,1.1017942407879031,21.789527094364168,1.5507186126029235,3.8322037685658255,2.1178615915221015,"[np.float64(4.451721291088732), np.float64(4.417445402572475), np.float64(2.8973395307860272), np.float64(4.625653585088144), np.float64(3.8236534044627537), np.float64(7.055519351719375), np.float64(4.813879258944984), np.float64(2.29781601546439), np.float64(2.8310077043721265), np.float64(2.3597863091551785), np.float64(6.264290652400809), np.float64(2.368194322383199), np.float64(4.3682839611486095), np.float64(5.2042718749716235), np.float64(6.089479008163203), np.float64(6.370773919139134), np.float64(2.2111105633994543), np.float64(6.606653287380314), np.float64(4.656167375858158), np.float64(4.665181205671502)]","[np.float64(7.0583948180658), np.float64(7.303951210367158), 0, np.float64(7.397593065722015), 0, np.float64(8.511114452721566), np.float64(7.713087414011533), 0, 0, 0, np.float64(7.878616642153073), 0, np.float64(7.12570757870273), np.float64(7.748519023108629), np.float64(7.661964925494682), np.float64(8.64210901140671), 0, np.float64(8.495352477774459), np.float64(7.950150011292662), np.float64(7.736981538306794)]","[0, 0, 0, 0, 0, np.float64(7.549657102350563), 0, 0, 0, 0, np.float64(3.549294385657054), 0, 0, 0, np.float64(3.655455202687089), np.float64(3.511703997830829), 0, np.float64(3.7697741272325267), 0, 0]","[18.032238006591797, 19.77661442756653, 80.46080684661865, 23.500202655792236, 24.036151885986328, 27.40725803375244, 21.590951681137085, 21.163164615631104, 16.788570404052734, 17.96055030822754, 16.349337100982666, 16.370737314224243, 16.44689631462097, 16.277935028076172, 16.38284420967102, 16.869065046310425, 16.80681300163269, 16.26242232322693, 16.27384352684021, 17.034139156341553]"
50,65,6,4.73514972800178,5.508637561679829,0.9172303665065946,17.744817042350768,1.339509592062051,3.722248994911728,1.634857530678296,"[np.float64(4.675576993473118), np.float64(1.7043658233371521), np.float64(6.255509683616207), np.float64(4.9748109086048595), np.float64(5.2495600214837435), np.float64(4.001245795954016), np.float64(5.926900260342268), np.float64(5.979793689095644), np.float64(4.055965054291854), np.float64(5.387805478669727), np.float64(3.0918446031258324), np.float64(4.686709370589766), np.float64(6.452841001775374), np.float64(5.862894834552813), np.float64(5.045957891188346), np.float64(6.425190265614797), np.float64(4.35607203571676), np.float64(4.946700597561717), np.float64(3.262819207422966), np.float64(2.3604310436186324)]","[np.float64(7.086029678649813), 0, np.float64(8.437397607332132), np.float64(8.064460169098684), np.float64(7.722170467643718), 0, np.float64(8.865079060162284), np.float64(7.92481162215795), 0, np.float64(7.782017557158085), 0, np.float64(7.884675932843693), np.float64(7.982736300664058), np.float64(7.728433923083404), np.float64(7.271560313819102), np.float64(8.194754195681465), np.float64(7.103231841494249), np.float64(8.12539256380794), 0, 0]","[0, 0, np.float64(3.8185335188586356), 0, 0, 0, 0, np.float64(3.194128465770297), 0, 0, 0, 0, np.float64(3.877434208033581), np.float64(3.674172642646929), 0, np.float64(3.7803384948224497), 0, 0, 0, 0]","[20.454994440078735, 17.4715473651886, 17.615806102752686, 17.557520866394043, 17.42391037940979, 17.8334002494812, 16.991594552993774, 18.4244647026062, 17.459255933761597, 17.12967801094055, 17.345518827438354, 17.703911781311035, 18.149320125579834, 17.670029163360596, 17.553050994873047, 17.088255882263184, 17.506134510040283, 17.726257801055908, 18.343451738357544, 17.448237419128418]"
50,70,4,4.795513416681106,5.575921004406949,1.1304180125393084,16.64105603694916,1.3676678448423627,3.7636339553061307,2.1526007478124853,"[np.float64(6.477946870731478), np.float64(2.9892973199672537), np.float64(3.1360764073936993), np.float64(4.380171056022093), np.float64(6.316953770472418), np.float64(3.6651911219057083), np.float64(4.524490458122248), np.float64(4.470914938417554), np.float64(3.8488075746338364), np.float64(3.3051128946215567), np.float64(6.188559816662095), np.float64(7.397891111270725), np.float64(6.016352490920118), np.float64(4.653061896402837), np.float64(2.046745705085081), np.float64(5.2359519734102165), np.float64(5.750129445827616), np.float64(5.256288526308164), np.float64(5.523558319878656), np.float64(4.7267666355687785)]","[np.float64(8.458584385682565), 0, 0, np.float64(6.952179623497127), np.float64(8.298347734854081), 0, np.float64(7.875053355921619), np.float64(7.412138788416321), 0, 0, np.float64(8.03652128132242), np.float64(7.974458376499843), np.float64(7.943783372575984), np.float64(7.824485497045224), 0, np.float64(8.06310452134082), np.float64(8.888758575519434), np.float64(7.760736857280768), np.float64(8.089592660131444), np.float64(7.940675058051322)]","[np.float64(3.8147833003764067), 0, 0, 0, np.float64(4.009546700110125), 0, 0, 0, 0, 0, np.float64(3.6080432512998906), np.float64(7.524311151421928), np.float64(3.651675847577819), 0, 0, 0, 0, 0, 0, 0]","[15.923552989959717, 15.656165838241577, 15.790204524993896, 16.432842016220093, 20.108887672424316, 22.450427293777466, 19.127535343170166, 16.074588298797607, 15.875434398651123, 15.893915176391602, 16.016863107681274, 16.018350839614868, 15.658228397369385, 16.172544717788696, 15.581562280654907, 16.05376625061035, 15.900034427642822, 16.36926007270813, 15.678735494613647, 16.03822159767151]"
50,70,5,3.9279710173722915,2.687476747755651,0.7717761681317247,20.112971687316893,1.4307000313196923,3.7821399925253214,2.376394521847595,"[np.float64(3.3510240792483272), np.float64(2.4228928645510988), np.float64(4.000336328044555), np.float64(3.044307102965078), np.float64(6.957587945408943), np.float64(7.128664581871991), np.float64(2.9822804237641254), np.float64(1.6489866997056608), np.float64(3.278308966292243), np.float64(4.780287251081326), np.float64(3.7720686405578863), np.float64(3.103226212594538), np.float64(2.5442748414692375), np.float64(3.4307125911114693), np.float64(4.765297897193977), np.float64(4.415848289660027), np.float64(4.6867399671868135), np.float64(2.8508323780154075), np.float64(5.7275117050809525), np.float64(3.6682315816421704)]","[0, 0, 0, 0, np.float64(8.523419544863838), np.float64(8.054173448791525), 0, 0, 0, np.float64(7.201578673523048), 0, 0, 0, 0, np.float64(7.683265593862408), np.float64(6.546912110935772), np.float64(7.133470299781324), 0, np.float64(8.606715283355104), 0]","[0, 0, 0, 0, np.float64(7.51423541694082), np.float64(7.921287945693674), 0, 0, 0, 0, 0, 0, 0, 0, 0, 0, 0, 0, 0, 0]","[16.515456914901733, 16.6185040473938, 16.661173582077026, 17.414921045303345, 17.51582407951355, 81.4981586933136, 17.699991703033447, 16.971412181854248, 16.429528951644897, 16.690227031707764, 16.358034372329712, 17.169323921203613, 16.237762689590454, 16.756585597991943, 16.387266635894775, 16.994056701660156, 17.45445442199707, 17.421146392822266, 16.790714740753174, 16.67489004135132]"
50,70,6,4.869965330417457,3.696368284047876,1.5374396125338974,20.230832493305208,1.559281367416068,4.203596215962086,2.889439130649722,"[np.float64(5.790948525154132), np.float64(3.7911123553868817), np.float64(4.174909107884048), np.float64(4.129224647929404), np.float64(6.5420192762536065), np.float64(3.4815366489824893), np.float64(4.903104963314633), np.float64(3.142051747042252), np.float64(3.922084044347014), np.float64(3.8840987828034486), np.float64(5.586848683055027), np.float64(3.0016022557652122), np.float64(4.8228096385642), np.float64(4.104982661139282), np.float64(7.434276764562273), np.float64(7.854079618159474), np.float64(7.528283703054629), np.float64(6.352913170198923), np.float64(3.8930596568104714), np.float64(3.0593603579417388)]","[np.float64(8.021956851493444), 0, 0, 0, np.float64(8.687389318156871), 0, np.float64(8.23506843360668), 0, 0, 0, np.float64(8.311861881606275), 0, np.float64(7.260030657849616), 0, np.float64(7.902249250936865), np.float64(8.2597185908963), np.float64(8.878456922155346), np.float64(8.370633774256126), 0, 0]","[0, 0, 0, 0, np.float64(4.244940674814319), 0, 0, 0, 0, 0, 0, 0, 0, 0, np.float64(7.699538656000888), np.float64(7.65609593614257), np.float64(7.554402631529366), np.float64(3.5938143521908037), 0, 0]","[17.109389066696167, 17.480351209640503, 17.097116708755493, 17.107480764389038, 16.638525009155273, 16.867979764938354, 17.339584589004517, 16.89793848991394, 17.40468168258667, 22.182937145233154, 56.538153409957886, 18.598393201828003, 16.994439125061035, 17.653751850128174, 18.072022676467896, 17.720772981643677, 19.78281569480896, 26.39482808113098, 18.75639009475708, 17.979098320007324]"
55,60,4,3.8998791298136375,3.5311208298168726,0.6877696640586367,15.972640466690063,1.63459580879619,4.023074244864612,1.4129478513491616,"[np.float64(4.95401062466262), np.float64(4.487584999724721), np.float64(6.074557846022514), np.float64(2.7879411418540787), np.float64(1.3698369958807914), np.float64(2.232566814752054), np.float64(3.821449636989213), np.float64(5.916503755300661), np.float64(3.8038084245141075), np.float64(5.9404037973653425), np.float64(5.93363747547097), np.float64(1.5883790083402198), np.float64(4.713192662412703), np.float64(4.69562910146989), np.float64(3.9080780316971944), np.float64(0.7115748339828672), np.float64(5.601453811274869), np.float64(3.6707712345789107), np.float64(2.856386694893384), np.float64(2.929815705085637)]","[np.float64(7.109019610453571), np.float64(7.222907104055417), np.float64(8.601250767942577), 0, 0, 0, 0, np.float64(8.158995326638717), 0, np.float64(8.046389255058873), np.float64(7.699828877270515), 0, np.float64(7.131900391402519), np.float64(8.111545419440382), 0, 0, np.float64(8.54057984407488), 0, 0, 0]","[0, 0, np.float64(3.19341284382955), 0, 0, 0, 0, np.float64(3.458644166515941), 0, np.float64(3.508337730018463), np.float64(3.5949985408087795), 0, 0, 0, 0, 0, 0, 0, 0, 0]","[15.922809362411499, 15.586334943771362, 16.367868661880493, 16.005761861801147, 15.529494285583496, 15.750121831893921, 15.36675477027893, 15.102808713912964, 15.127893447875977, 15.730284690856934, 15.451655864715576, 15.415340423583984, 15.441960573196411, 15.632230520248413, 21.00618624687195, 15.52225399017334, 15.750141859054565, 16.59305477142334, 15.387223720550537, 16.76262879371643]"
55,60,5,4.485906793236305,3.530480057677974,1.2842828127278738,23.845595932006837,1.361676032546837,4.017659776560383,2.483182939989979,"[np.float64(3.952789518765326), np.float64(7.164723135042919), np.float64(6.067093326409323), np.float64(4.702547418408957), np.float64(4.148210476051928), np.float64(3.8878275614583284), np.float64(3.163938461839568), np.float64(6.0072878357162045), np.float64(3.773559254211852), np.float64(3.846673073760746), np.float64(3.9385261473900304), np.float64(6.969026407987351), np.float64(4.6067506090242025), np.float64(5.999554394828322), np.float64(3.998916231572561), np.float64(1.539314747829883), np.float64(3.14528762950594), np.float64(4.387188152941499), np.float64(3.9634287342902907), np.float64(4.455492747690861)]","[0, np.float64(8.632586178750831), np.float64(7.975452791653065), np.float64(7.73581906326755), 0, 0, 0, np.float64(8.122766438971526), 0, 0, 0, np.float64(8.448524165685305), np.float64(7.630117612347126), np.float64(7.670827617958774), 0, 0, 0, np.float64(7.196634747239706), 0, np.float64(7.196872537685591)]","[0, np.float64(7.93334882786055), np.float64(3.5781605326167507), 0, 0, 0, 0, np.float64(3.6289571793879647), 0, 0, 0, np.float64(6.951031619053769), 0, np.float64(3.5941580956384436), 0, 0, 0, 0, 0, 0]","[19.9719660282135, 21.6128351688385, 21.7851779460907, 16.236374378204346, 16.252824068069458, 33.75226426124573, 41.4549765586853, 26.557478666305542, 17.626143217086792, 17.548414707183838, 81.81063866615295, 21.418975591659546, 21.805204153060913, 20.25862956047058, 18.41014313697815, 16.323436498641968, 15.990482091903687, 15.811187028884888, 16.019399404525757, 16.26536750793457]"
55,60,6,3.8859454431297693,2.5342920289377977,0.0,19.224191355705262,0.8570943303988184,3.551528114383214,0.0,"[np.float64(3.8680630571661765), np.float64(4.347220071189401), np.float64(2.9869359142669434), np.float64(5.372510435413698), np.float64(3.8525598483005923), np.float64(3.691960327641208), np.float64(4.283369241953166), np.float64(3.1302063205051067), np.float64(3.8315419667171238), np.float64(3.3914040060732797), np.float64(3.0387762222081776), np.float64(5.4244829768397045), np.float64(3.896391148383629), np.float64(5.080496827935421), np.float64(3.588848449055334), np.float64(3.0643288793219146), np.float64(4.395319721742468), np.float64(4.9799489804063946), np.float64(2.307717253137486), np.float64(3.1868272143381633)]","[0, np.float64(7.1409524591719755), 0, np.float64(7.683313814747848), 0, 0, np.float64(6.571716625619355), 0, 0, 0, 0, np.float64(7.882366356641993), 0, np.float64(7.128285941484186), 0, 0, np.float64(7.154148265976864), np.float64(7.125057115113738), 0, 0]","[0, 0, 0, 0, 0, 0, 0, 0, 0, 0, 0, 0, 0, 0, 0, 0, 0, 0, 0, 0]","[18.075464487075806, 19.374279499053955, 20.61886739730835, 19.815887689590454, 18.42595887184143, 19.299140214920044, 17.33134651184082, 16.155932426452637, 16.993741035461426, 18.014134407043457, 17.675354719161987, 21.30242419242859, 18.585883378982544, 20.451172590255737, 20.50177550315857, 23.76949977874756, 17.891454458236694, 18.614119052886963, 20.31986951828003, 21.267521381378174]"
55,65,4,3.585420529836278,1.916695855291431,0.20515047281545043,16.220069766044617,1.2187837405638442,3.421131279128259,0.9174608056631396,"[np.float64(3.1321819354562632), np.float64(2.9661853617254637), np.float64(4.289774786248578), np.float64(1.5053525557891965), np.float64(5.560490676552227), np.float64(3.6924405925784387), np.float64(6.323979506505736), np.float64(2.284844672293222), np.float64(3.5818556104581885), np.float64(3.101988567808246), np.float64(5.188054540179253), np.float64(3.919722789342855), np.float64(2.4441280763937723), np.float64(2.926110122082649), np.float64(5.231890901271492), np.float64(2.30428531943217), np.float64(3.057859877205502), np.float64(3.8595727710988617), np.float64(3.2143258573130664), np.float64(3.123366076990382)]","[0, 0, np.float64(6.998283631185895), 0, np.float64(8.25694262982149), 0, np.float64(8.480456392934613), 0, 0, 0, np.float64(6.96172663470354), 0, 0, 0, np.float64(7.636507817183084), 0, 0, 0, 0, 0]","[0, 0, 0, 0, 0, 0, np.float64(4.1030094563090085), 0, 0, 0, 0, 0, 0, 0, 0, 0, 0, 0, 0, 0]","[16.19109797477722, 15.968940019607544, 16.97940945625305, 15.666751861572266, 17.590466022491455, 15.731447696685791, 16.143035650253296, 16.105651378631592, 16.35835075378418, 15.34692931175232, 16.544466972351074, 15.800689697265625, 15.770222187042236, 15.461195707321167, 15.6989905834198, 15.89500880241394, 16.829769611358643, 15.805602312088013, 18.31882381439209, 16.19454550743103]"
55,65,5,3.6256114820138476,2.6045728041056635,0.0,22.52994645833969,0.9765782887208535,3.6468656702401328,0.0,"[np.float64(4.771727691734222), np.float64(5.333125773789108), np.float64(3.1747879372731926), np.float64(3.3291363757672756), np.float64(2.8712188712621125), np.float64(4.860627413063747), np.float64(5.318577801346645), np.float64(3.785235761622381), np.float64(3.4931333645211353), np.float64(2.3496508735985797), np.float64(4.040477583665886), np.float64(2.236705977080895), np.float64(2.3247000920824), np.float64(2.9989659647061213), np.float64(4.467737103981813), np.float64(3.063685660614164), np.float64(4.158034605285715), np.float64(4.197727112799694), np.float64(2.8647428272004714), np.float64(2.8722308488813977)]","[np.float64(7.7762164316852695), np.float64(7.6795703842718614), 0, 0, 0, np.float64(7.270147290911506), np.float64(7.939407645744063), 0, 0, 0, 0, 0, 0, 0, np.float64(7.083734811621323), 0, np.float64(7.131552141582696), np.float64(7.210827376296554), 0, 0]","[0, 0, 0, 0, 0, 0, 0, 0, 0, 0, 0, 0, 0, 0, 0, 0, 0, 0, 0, 0]","[18.801960229873657, 24.179996490478516, 41.02287316322327, 16.812572240829468, 17.984535694122314, 16.93470859527588, 17.499042749404907, 21.40016269683838, 19.303417921066284, 16.34750485420227, 18.234089374542236, 17.697879314422607, 18.01331377029419, 17.639398336410522, 18.301798820495605, 15.979554653167725, 86.45276308059692, 15.788342952728271, 15.863071203231812, 16.34194302558899]"
55,65,6,3.94194250515729,3.3835906423178197,0.34235620970388136,22.53232706785202,1.1083690484369297,3.846277763959102,1.0542230122720404,"[np.float64(4.420196932934632), np.float64(1.5349258564358115), np.float64(3.1893059874848757), np.float64(2.4662298438540082), np.float64(5.070047758386479), np.float64(5.425923232757864), np.float64(4.424555649678592), np.float64(3.806552290768234), np.float64(3.32184855028564), np.float64(3.1284577845073445), np.float64(4.026807703060675), np.float64(4.734350492722372), np.float64(5.859220096440219), np.float64(2.031361978603), np.float64(3.8389875215804206), np.float64(3.65880078505386), np.float64(4.476456248802342), np.float64(3.8899159649086217), np.float64(4.545335460267531), np.float64(4.989569964613276)]","[np.float64(7.262357911944802), 0, 0, 0, np.float64(7.831539105220196), np.float64(7.126449058916245), np.float64(6.7891172064575915), 0, 0, 0, 0, np.float64(7.907514921459288), np.float64(7.92505863434681), 0, 0, 0, np.float64(7.456751443954472), 0, np.float64(7.697606584223635), np.float64(7.6754179798333535)]","[0, 0, 0, 0, 0, np.float64(3.3262541981576677), 0, 0, 0, 0, 0, 0, np.float64(3.520869995919959), 0, 0, 0, 0, 0, 0, 0]","[16.39975094795227, 16.36420464515686, 17.340009212493896, 18.11668348312378, 17.359349489212036, 18.333534002304077, 18.18319082260132, 17.503825187683105, 16.51012873649597, 20.071728706359863, 20.948216676712036, 16.576542615890503, 19.664265632629395, 22.478003978729248, 34.10354566574097, 45.828978538513184, 29.016189098358154, 22.112152338027954, 34.87856364250183, 28.857677936553955]"
55,70,4,4.0105219994333705,3.1464829161965087,0.5525265015835662,18.76175410747528,1.441612833633449,3.966988691423435,1.8310785776757141,"[np.float64(7.459477204241076), np.float64(5.538409173168829), np.float64(3.5214513609866107), np.float64(4.343428701389624), np.float64(5.868257327137082), np.float64(2.2805337626469013), np.float64(2.7723881312956555), np.float64(4.01068911211665), np.float64(3.7168378965378057), np.float64(3.8852504694204644), np.float64(5.366429352544848), np.float64(4.876773644685428), np.float64(3.498752582528337), np.float64(2.1729222483224278), np.float64(1.5873833320529618), np.float64(4.965539372420298), np.float64(3.8753456116872864), np.float64(2.1338711216960387), np.float64(4.505150781570717), np.float64(3.8315488022183675)]","[np.float64(8.072375095381732), np.float64(8.53932400371607), 0, np.float64(7.218281115027997), np.float64(8.111270505892037), 0, 0, 0, 0, 0, np.float64(7.974529811495046), np.float64(8.185292597645939), 0, 0, 0, np.float64(6.916856441193071), 0, 0, np.float64(7.911728753578286), 0]","[np.float64(7.617241366495963), 0, 0, 0, np.float64(3.43328866517536), 0, 0, 0, 0, 0, 0, 0, 0, 0, 0, 0, 0, 0, 0, 0]","[15.693897008895874, 22.200608253479004, 25.511010885238647, 34.92720031738281, 17.551928281784058, 16.024949550628662, 17.689563751220703, 15.702726602554321, 17.278064250946045, 16.146390438079834, 16.32619595527649, 20.67863392829895, 19.933650493621826, 20.93142318725586, 15.340162754058838, 15.649405241012573, 17.424993753433228, 16.30262589454651, 16.35281729698181, 17.56883430480957]"
55,70,5,3.2973860582509738,1.5312945188153833,0.19219624220649204,16.88359341621399,1.2733350089034847,3.1476345351259427,0.8595277251874607,"[np.float64(6.174081702112508), np.float64(3.300556202007508), np.float64(3.290702306997788), np.float64(3.8806462746679857), np.float64(2.4490190384361847), np.float64(4.653537467738531), np.float64(2.8543047623649893), np.float64(2.476465755815026), np.float64(4.418445985980336), np.float64(1.5007424147902), np.float64(1.476419401405159), np.float64(4.026391586011121), np.float64(3.9670513215198606), np.float64(3.1641527291714584), np.float64(2.2358211640778687), np.float64(4.506097797719502), np.float64(3.0387642437154323), np.float64(3.7038891080912104), np.float64(0.7439205860427048), np.float64(4.086711316354103)]","[np.float64(8.111650992008757), 0, 0, 0, 0, np.float64(7.987026019043119), 0, 0, np.float64(7.14054631156605), 0, 0, 0, 0, 0, 0, np.float64(7.38666705368974), 0, 0, 0, 0]","[np.float64(3.8439248441298406), 0, 0, 0, 0, 0, 0, 0, 0, 0, 0, 0, 0, 0, 0, 0, 0, 0, 0, 0]","[18.178401470184326, 17.4244122505188, 16.87526273727417, 16.415343284606934, 16.176934242248535, 16.29961133003235, 16.4989173412323, 17.29868745803833, 17.654743909835815, 16.082626342773438, 16.6425302028656, 16.45781922340393, 16.42383098602295, 16.80506944656372, 16.927193641662598, 16.70509910583496, 16.091944217681885, 16.783502340316772, 18.97907590866089, 16.950862884521484]"
55,70,6,4.14005501228357,3.1296597061708056,0.7792759912496188,21.340862262248994,1.4919238885889567,3.946135471137811,2.398662796366587,"[np.float64(2.8637883212621396), np.float64(4.360448701584726), np.float64(3.924248204501845), np.float64(5.356507297360093), np.float64(2.918830184160939), np.float64(6.788396543592634), np.float64(2.8989701623852735), np.float64(3.7080901798417174), np.float64(1.4566834175872985), np.float64(5.611888014895101), np.float64(2.8486850247586886), np.float64(5.663718375570853), np.float64(3.5821288003395684), np.float64(3.846496740031), np.float64(4.224251480461688), np.float64(2.7684992704107327), np.float64(3.7417821438583205), np.float64(3.899499873279373), np.float64(4.625883603003099), np.float64(7.7123039067863095)]","[0, np.float64(7.017890086924192), 0, np.float64(7.681196282205431), 0, np.float64(7.7493930135631635), 0, 0, 0, np.float64(8.508020368366132), 0, np.float64(8.143774135209016), 0, 0, np.float64(7.115863531431211), 0, 0, 0, np.float64(8.11272893348469), np.float64(8.264327772232276)]","[0, 0, 0, 0, 0, np.float64(7.724611890013138), 0, 0, 0, 0, 0, 0, 0, 0, 0, 0, 0, 0, 0, np.float64(7.860907934979236)]","[18.219298124313354, 18.657809734344482, 19.053016185760498, 17.978987455368042, 89.5063591003418, 18.772809743881226, 17.05796790122986, 18.353589057922363, 17.117604732513428, 18.68497633934021, 17.519177436828613, 17.25724697113037, 17.07747197151184, 17.223728895187378, 18.032015800476074, 16.632479429244995, 17.685046434402466, 18.225074768066406, 16.924646615982056, 16.8379385471344]"
60,60,4,3.2487382560207494,1.5287174939504582,0.0,15.549696218967437,1.1371727601855417,3.1585005153389965,0.0,"[np.float64(3.104227822375202), np.float64(1.5770368171292788), np.float64(5.9063913873944225), np.float64(3.7750463786540256), np.float64(3.4777667412666777), np.float64(3.6733941838071433), np.float64(2.2364432451389273), np.float64(4.6762159299000245), np.float64(2.8847504082477426), np.float64(1.5432264430845977), np.float64(2.900300913111876), np.float64(2.362609530001103), np.float64(2.9608490005374533), np.float64(5.061886911725117), np.float64(3.905369579892593), np.float64(2.9681768972207223), np.float64(4.376100337923968), np.float64(2.2770595610030537), np.float64(3.0831841016725834), np.float64(2.2247289303284803)]","[0, 0, np.float64(9.030707939810473), 0, 0, 0, 0, np.float64(7.069451757417557), 0, 0, 0, 0, 0, np.float64(7.1923548687966425), 0, 0, np.float64(7.281835312984492), 0, 0, 0]","[0, 0, 0, 0, 0, 0, 0, 0, 0, 0, 0, 0, 0, 0, 0, 0, 0, 0, 0, 0]","[15.266098499298096, 15.575873851776123, 16.15740418434143, 15.839282751083374, 15.149109601974487, 15.56649899482727, 15.859453201293945, 15.949939250946045, 15.486050367355347, 15.581284761428833, 15.513594388961792, 15.406641244888306, 15.158122777938843, 15.547763347625732, 15.711517333984375, 15.296269178390503, 15.99990177154541, 15.535163402557373, 15.017677068710327, 15.376278400421143]"
60,60,5,3.329426034599681,1.838990038486888,0.5066726691222448,16.36767692565918,1.5098120894393892,3.270461650018848,1.662495977690045,"[np.float64(3.1501053484883244), np.float64(3.703577538620196), np.float64(1.303895918767285), np.float64(3.6487875713237283), np.float64(3.076328519505201), np.float64(3.876250002063682), np.float64(4.250485349613813), np.float64(2.314303122317011), 0, np.float64(6.446551411358004), np.float64(3.9544095309860534), np.float64(2.827946988982511), np.float64(2.7632890462806134), np.float64(2.9080216086978883), np.float64(5.587470439644968), np.float64(2.1650734687861046), np.float64(3.7684763781065413), np.float64(4.987425998339552), np.float64(1.3418416914395943), np.float64(4.514280758672552)]","[0, 0, 0, 0, 0, 0, np.float64(7.178300095647212), 0, 0, np.float64(7.627134914420427), 0, 0, 0, 0, np.float64(7.179907183305968), 0, 0, np.float64(7.105761277063951), 0, np.float64(7.688697299300201)]","[0, 0, 0, 0, 0, 0, 0, 0, 0, np.float64(6.842236447108519), 0, 0, 0, 0, np.float64(3.291216935336378), 0, 0, 0, 0, 0]","[16.601475715637207, 16.332340240478516, 18.489736080169678, 16.278027772903442, 15.822614669799805, 16.030806064605713, 15.98655080795288, 16.439573526382446, 16.484912872314453, 16.944482564926147, 16.40440034866333, 16.256368160247803, 16.27854084968567, 16.07554340362549, 16.11105227470398, 16.313238859176636, 16.031426906585693, 15.986700057983398, 16.05361795425415, 16.432129383087158]"
60,60,6,3.0773802951296676,1.4557083059047715,0.0,24.891363000869752,1.0934514288398844,2.991776848679587,0.0,"[np.float64(2.1041801238387943), np.float64(2.9884852617068205), np.float64(2.9049662926819617), np.float64(3.6080945152028154), np.float64(3.9526860608431718), np.float64(5.031808494767633), np.float64(1.2919329703147435), np.float64(2.29281442470377), np.float64(3.735885312739437), np.float64(4.510352977534606), np.float64(2.164553994499435), np.float64(2.388783851127892), np.float64(4.92994548611235), np.float64(2.2621437887614118), np.float64(1.4196290348974936), np.float64(3.0107006049498177), np.float64(2.2707925244060885), np.float64(2.7644853438955836), np.float64(3.7133845265874794), np.float64(4.201980313022047)]","[0, 0, 0, 0, 0, np.float64(7.892702777862155), 0, 0, 0, np.float64(7.170375397578114), 0, 0, np.float64(7.12554972923611), 0, 0, 0, 0, 0, 0, np.float64(6.92553821341905)]","[0, 0, 0, 0, 0, 0, 0, 0, 0, 0, 0, 0, 0, 0, 0, 0, 0, 0, 0, 0]","[17.23940086364746, 17.939186334609985, 20.110963344573975, 24.0658438205719, 26.134021997451782, 24.359029293060303, 35.710973262786865, 17.61009979248047, 17.53960657119751, 18.367716073989868, 22.3692946434021, 23.57805371284485, 17.233172178268433, 17.032795667648315, 16.734487056732178, 90.6941077709198, 28.908830881118774, 23.670564889907837, 21.262198448181152, 17.266913414001465]"
60,65,4,3.2104658039141194,0.7626273665994066,0.0,17.381344377994537,0.9598343057832484,2.3477335648008006,0.0,"[np.float64(3.0852153946184773), np.float64(2.1360473476893604), np.float64(2.7174654942322403), np.float64(2.2465994723161797), np.float64(5.131854901660708), np.float64(1.4207616213562362), np.float64(3.7516964139167226), np.float64(3.750438008535671), np.float64(1.5564841990317326), np.float64(2.37163860029578), np.float64(3.13163260431967), np.float64(3.7281384233426738), np.float64(3.779804229713734), np.float64(4.644153314909793), np.float64(3.556895431926239), np.float64(2.4788759423028988), np.float64(3.670240707629344), np.float64(3.564092441869967), np.float64(3.865302193941083), np.float64(3.6219793346738793)]","[0, 0, 0, 0, np.float64(7.762499366599759), 0, 0, 0, 0, 0, 0, 0, 0, np.float64(7.4900479653883725), 0, 0, 0, 0, 0, 0]","[0, 0, 0, 0, 0, 0, 0, 0, 0, 0, 0, 0, 0, 0, 0, 0, 0, 0, 0, 0]","[15.295875310897827, 15.298967123031616, 16.282159090042114, 20.081223011016846, 19.362898111343384, 15.495710372924805, 15.360164880752563, 15.403576612472534, 18.889294624328613, 26.454309940338135, 17.704412698745728, 15.319803953170776, 16.22926640510559, 18.927849292755127, 18.832730293273926, 16.6349937915802, 16.13486361503601, 15.497225284576416, 16.083733320236206, 18.33782982826233]"
60,65,5,3.216629362544495,1.147008437440182,0.18086712367099186,18.233475267887115,1.2050827513298497,2.8042651103796614,0.8088623668463982,"[np.float64(2.2854853171361778), np.float64(3.546040495212706), np.float64(2.9598215971741904), np.float64(3.521916808805923), np.float64(6.018646489586212), np.float64(4.070334211301573), np.float64(3.1324204626507988), np.float64(2.7807059350910066), np.float64(2.9673628422144778), np.float64(4.86212274596924), np.float64(2.770159737222062), np.float64(2.8897280257319413), np.float64(5.429601103887647), np.float64(2.141915327261057), np.float64(1.4079932578001408), np.float64(3.766006846074591), np.float64(2.040994424032438), np.float64(1.691164696443), np.float64(3.798577013547094), np.float64(2.251589913747626)]","[0, 0, 0, 0, np.float64(7.965165274375502), 0, 0, 0, 0, np.float64(7.206879116907905), 0, 0, np.float64(7.768124357520237), 0, 0, 0, 0, 0, 0, 0]","[0, 0, 0, 0, np.float64(3.6173424734198374), 0, 0, 0, 0, 0, 0, 0, 0, 0, 0, 0, 0, 0, 0, 0]","[20.095738887786865, 16.104843139648438, 16.167032957077026, 16.25059151649475, 20.860250234603882, 25.50401782989502, 23.06780695915222, 15.947160243988037, 15.985753297805786, 16.03945279121399, 19.342271089553833, 18.793147325515747, 16.247314453125, 16.217034578323364, 16.35323166847229, 22.37993884086609, 20.254860877990723, 16.1098792552948, 16.236111640930176, 16.713067770004272]"
60,65,6,3.6326739276316093,2.260965582471477,0.5826840648293755,21.17416731119156,1.3744645989972128,3.563603547491831,1.9006104661796763,"[np.float64(3.105827076538142), np.float64(2.1437220209281764), np.float64(2.9265279396696684), np.float64(4.4025745607756015), np.float64(3.52071596672578), np.float64(2.165748863569999), np.float64(4.945306969042294), np.float64(4.401989259380133), np.float64(6.849395699605989), np.float64(2.305788877007732), np.float64(2.1086433671506946), np.float64(3.8034659888723), np.float64(6.399114828523238), np.float64(2.197943180732877), np.float64(3.965973648440965), np.float64(3.6803125999586386), np.float64(4.703474081546295), np.float64(3.6186634183205926), np.float64(2.1241419162914967), np.float64(3.2841482895515766)]","[0, 0, 0, np.float64(7.020289665844629), 0, 0, np.float64(6.873119239624659), np.float64(7.195600343215441), np.float64(8.023581904016707), 0, 0, 0, np.float64(8.80617277767394), 0, 0, 0, np.float64(7.300547719054167), 0, 0, 0]","[0, 0, 0, 0, 0, 0, 0, 0, np.float64(7.765958133876785), 0, 0, 0, np.float64(3.887723162710726), 0, 0, 0, 0, 0, 0, 0]","[19.757393836975098, 19.82865047454834, 17.003658771514893, 17.05606508255005, 16.69081163406372, 21.305967569351196, 21.590877771377563, 17.678635597229004, 18.58597683906555, 17.749016284942627, 28.76680302619934, 22.79544234275818, 17.197577953338623, 16.359764337539673, 17.17822766304016, 21.63317108154297, 29.381615161895752, 27.139491319656372, 26.058165073394775, 29.72603440284729]"
60,70,4,3.5315720077719854,2.3091035832619484,0.0,24.364967703819275,0.9899717005030448,3.623613557822004,0.0,"[np.float64(3.0446451063471183), np.float64(2.9581348468587807), np.float64(1.4220282408909852), np.float64(3.5794255290141703), np.float64(4.594868949618978), np.float64(3.6743661470194793), np.float64(2.4167360789495826), np.float64(2.288968090670169), np.float64(3.830279888478339), np.float64(2.8068757043943506), np.float64(4.538880744175881), np.float64(3.53388732418006), np.float64(3.5668590366022843), np.float64(4.642190030799164), np.float64(4.568381694474955), np.float64(2.7882255793491306), np.float64(4.404363643674219), np.float64(2.8037999709226735), np.float64(3.6717223812366666), np.float64(5.4968011677827215)]","[0, 0, 0, 0, np.float64(7.378152185688077), 0, 0, 0, 0, 0, np.float64(7.241193721770854), 0, 0, np.float64(7.830503983540437), np.float64(8.030886133030048), 0, np.float64(7.558944571121849), 0, 0, np.float64(8.142391070087701)]","[0, 0, 0, 0, 0, 0, 0, 0, 0, 0, 0, 0, 0, 0, 0, 0, 0, 0, 0, 0]","[25.325461626052856, 25.111473560333252, 20.13821029663086, 17.07120704650879, 16.112929344177246, 16.0136559009552, 20.65723705291748, 22.595787286758423, 93.11874890327454, 42.771379709243774, 17.5256507396698, 16.0252845287323, 15.836138486862183, 30.368746995925903, 22.997421503067017, 16.62733554840088, 15.279223442077637, 15.06682538986206, 15.531148195266724, 23.12548851966858]"
60,70,5,3.557289731238305,3.2442517657053256,0.3574693296098611,26.935400545597076,1.4051661745705657,3.6897995901698817,1.5986514417578557,"[np.float64(2.6171216018914945), np.float64(3.5346995521092492), np.float64(2.9084402255138078), np.float64(5.045541566592063), np.float64(4.446948037516678), np.float64(2.5169207898952464), np.float64(1.583314158714108), np.float64(3.058548265330892), np.float64(3.0296553084992595), np.float64(4.620525454471598), np.float64(4.5342116551180895), np.float64(4.295823729344755), np.float64(4.346527815205355), np.float64(4.562614527292414), np.float64(3.110813607769015), np.float64(1.4556024683763404), np.float64(1.4226766024383848), np.float64(5.376650510579197), np.float64(2.134295185891805), np.float64(6.5448635622163485)]","[0, 0, 0, np.float64(7.500593553949516), np.float64(6.786468419212927), 0, 0, 0, 0, np.float64(7.2854561651563525), np.float64(6.63866880609286), np.float64(7.018960526339226), np.float64(6.831457702121226), np.float64(7.319827971390947), 0, 0, 0, np.float64(7.649344979373274), 0, np.float64(7.854257190470181)]","[0, 0, 0, 0, 0, 0, 0, 0, 0, 0, 0, 0, 0, 0, 0, 0, 0, 0, 0, np.float64(7.149386592197223)]","[18.26680278778076, 16.133369207382202, 16.355541944503784, 16.073685884475708, 24.538052320480347, 30.477598905563354, 17.603196144104004, 17.088646411895752, 17.089260816574097, 21.467967748641968, 29.791651725769043, 52.62499403953552, 83.27226519584656, 46.20742106437683, 24.519256591796875, 18.167896032333374, 27.29989504814148, 28.432366371154785, 16.728039503097534, 16.57010316848755]"
60,70,6,3.186669532899957,1.535583444047066,0.17169209277129657,33.710560739040375,1.2277523888797108,3.1520193090813744,0.7678303812716388,"[np.float64(2.290753267344229), np.float64(4.666168879598138), np.float64(2.072726225144556), np.float64(2.3594418618174653), np.float64(3.9960760045172763), np.float64(2.9996518099056746), np.float64(5.352992048663901), np.float64(2.457188459482968), np.float64(3.711214223617525), np.float64(4.617555614782714), np.float64(1.5558720169318052), np.float64(2.9398905775696864), np.float64(5.789053906375979), np.float64(2.6999430772311936), np.float64(2.014457956318502), np.float64(1.4951759065221475), np.float64(3.0054488004295554), np.float64(3.795311007133373), np.float64(2.245867439508684), np.float64(3.668601575103764)]","[0, np.float64(7.854811774964252), 0, 0, 0, 0, np.float64(7.8368183934883495), 0, 0, np.float64(7.5967575522118125), 0, 0, np.float64(7.423281160276907), 0, 0, 0, 0, 0, 0, 0]","[0, 0, 0, 0, 0, 0, 0, 0, 0, 0, 0, 0, np.float64(3.4338418554259316), 0, 0, 0, 0, 0, 0, 0]","[17.885003566741943, 30.930372953414917, 23.82953715324402, 19.1231689453125, 17.690322875976562, 18.882387161254883, 49.0889732837677, 31.202574014663696, 19.567716360092163, 17.024894952774048, 17.14530062675476, 23.663390159606934, 20.891846418380737, 16.528979539871216, 18.263423919677734, 17.439334392547607, 28.255842447280884, 97.80221486091614, 108.83025455474854, 80.16567659378052]"
65,60,4,2.8819965562328385,1.161234838279016,0.0,20.16646828651428,1.0594376026904564,2.83621988139362,0.0,"[np.float64(1.5083961490226676), np.float64(3.6348633125332865), np.float64(2.2488906077437587), np.float64(3.913393125746164), np.float64(2.9724650811071043), np.float64(1.456568945584368), np.float64(2.195518850867621), np.float64(2.433017763991618), np.float64(2.0770183263987714), np.float64(2.2471112643127453), np.float64(4.547261082846019), np.float64(2.010046937604233), np.float64(2.895746647058756), np.float64(2.843909901726598), np.float64(2.87188109195699), np.float64(3.7148783197456337), np.float64(5.043802418736169), np.float64(3.0958428057630827), np.float64(4.494691229508556), np.float64(1.4346272624026286)]","[0, 0, 0, 0, 0, 0, 0, 0, 0, 0, np.float64(7.780058268845784), 0, 0, 0, 0, 0, np.float64(7.6505129977641975), 0, np.float64(7.79412549897034), 0]","[0, 0, 0, 0, 0, 0, 0, 0, 0, 0, 0, 0, 0, 0, 0, 0, 0, 0, 0, 0]","[29.363526582717896, 33.89841556549072, 18.409971952438354, 15.327736616134644, 15.538339853286743, 14.93475604057312, 18.626960039138794, 22.73200559616089, 15.454042911529541, 15.264986991882324, 15.028826236724854, 15.260029792785645, 27.662071704864502, 40.25930142402649, 15.980000972747803, 16.33060073852539, 15.433948278427124, 15.661833763122559, 22.71598243713379, 19.446028232574463]"
65,60,5,2.6731076654852157,0.0,0.0,34.5458783864975,0.7881790879745837,0.0,0.0,"[np.float64(2.379778819113378), np.float64(2.011600775382945), np.float64(1.4553011575440875), np.float64(2.687111749605476), np.float64(2.1023220591180323), np.float64(2.1000089434997684), np.float64(1.4870344414469263), np.float64(3.9852521968383097), np.float64(2.699961881959271), np.float64(2.958138316545756), np.float64(3.1240253645732525), np.float64(2.041295368849083), np.float64(2.9837362181646556), np.float64(2.955801869731459), np.float64(3.727833708868023), np.float64(1.444565519699504), np.float64(3.840979715425958), np.float64(2.854612515893963), np.float64(3.7109872583016155), np.float64(2.9118054291428503)]","[0, 0, 0, 0, 0, 0, 0, 0, 0, 0, 0, 0, 0, 0, 0, 0, 0, 0, 0, 0]","[0, 0, 0, 0, 0, 0, 0, 0, 0, 0, 0, 0, 0, 0, 0, 0, 0, 0, 0, 0]","[17.01929211616516, 16.79121422767639, 16.131940603256226, 19.1217143535614, 23.42927312850952, 19.00813055038452, 96.84358501434326, 17.10852575302124, 17.145673036575317, 16.933446407318115, 25.271782875061035, 25.896953105926514, 20.2390718460083, 20.47920846939087, 20.52885675430298, 93.03288125991821, 52.59966468811035, 135.01085782051086, 17.33684778213501, 20.988647937774658]"
65,60,6,2.603226715216896,0.7132531515949571,0.16877094599261103,52.22756031751633,1.1951429251610108,2.1956012947598884,0.754766615732848,"[np.float64(3.06096194383067), np.float64(2.2059185167769404), np.float64(3.503284986265788), np.float64(3.5231464026354073), np.float64(2.3781307561654526), np.float64(2.135129044543608), 0, np.float64(1.395884395684622), np.float64(3.515608762748421), np.float64(2.897717987251122), np.float64(2.2185453976935907), np.float64(5.625372684810556), np.float64(2.2158400227603776), np.float64(2.8573702977197892), np.float64(2.9205401938063136), np.float64(2.338899338478171), np.float64(2.205071361567707), np.float64(4.3021182690780355), np.float64(1.390743464005417), np.float64(1.3742504785159368)]","[0, 0, 0, 0, 0, 0, 0, 0, 0, 0, 0, np.float64(7.235549423736753), 0, 0, 0, 0, 0, np.float64(7.029513608162388), 0, 0]","[0, 0, 0, 0, 0, 0, 0, 0, 0, 0, 0, np.float64(3.3754189198522204), 0, 0, 0, 0, 0, 0, 0, 0]","[20.90120005607605, 42.90893244743347, 161.26153707504272, 141.9989950656891, 182.76453638076782, 129.83852458000183, 57.164159059524536, 36.6725218296051, 19.902153730392456, 25.232292890548706, 24.689833879470825, 34.668036699295044, 21.682944536209106, 20.709226608276367, 17.50900149345398, 17.010825872421265, 17.928053855895996, 29.85425567626953, 24.507633447647095, 17.346541166305542]"
65,65,4,2.568426948334923,1.0594749895844748,0.0,19.453945052623748,1.1195053405217923,2.588654273673722,0.0,"[np.float64(2.803210462092208), np.float64(0.7011263471304268), np.float64(2.693022818226863), np.float64(2.8753182421561188), np.float64(3.045439101149623), np.float64(4.362760058400411), np.float64(0.7194345508510387), np.float64(1.444703161980833), np.float64(2.1917504809353208), np.float64(4.264481255991263), np.float64(1.523915049380741), np.float64(2.962673601541731), np.float64(3.090643545665327), np.float64(2.786087593840287), np.float64(1.4431713923845686), np.float64(2.947873997505805), np.float64(3.810047585676176), np.float64(2.075973708649032), np.float64(1.3759524208613305), np.float64(4.25095359227936)]","[0, 0, 0, 0, 0, np.float64(7.325101792456325), 0, 0, 0, np.float64(6.891266834645251), 0, 0, 0, 0, 0, 0, 0, 0, 0, np.float64(6.973131164587922)]","[0, 0, 0, 0, 0, 0, 0, 0, 0, 0, 0, 0, 0, 0, 0, 0, 0, 0, 0, 0]","[15.71571683883667, 15.777715682983398, 24.17635679244995, 17.381980657577515, 15.71572232246399, 15.751965999603271, 15.894898414611816, 41.889381408691406, 25.939329385757446, 24.87106680870056, 15.805886507034302, 16.067319869995117, 15.646409034729004, 20.18615484237671, 19.402116537094116, 15.569329023361206, 15.703732252120972, 15.582974910736084, 16.689417839050293, 25.311425924301147]"
65,65,5,2.1913495922657376,0.3577401764056486,0.0,18.70737761259079,1.1561516571739066,1.5998627054515933,0.0,"[np.float64(2.8345676125813295), np.float64(0.6542739750716479), np.float64(2.84295629051625), np.float64(0.7106351878187547), np.float64(2.082233417483486), np.float64(2.8741081583195895), 0, np.float64(1.2722567902253303), np.float64(2.147693416656263), np.float64(2.8053242609377533), np.float64(3.7705136401169312), np.float64(0.7398452794957735), np.float64(2.669376296092049), np.float64(1.7979023333590418), np.float64(2.15003479003311), np.float64(1.453907033906239), np.float64(3.0734855437289155), np.float64(4.774378535687714), np.float64(2.9089148327410066), np.float64(2.26458445054357)]","[0, 0, 0, 0, 0, 0, 0, 0, 0, 0, 0, 0, 0, 0, 0, 0, 0, np.float64(7.154803528112972), 0, 0]","[0, 0, 0, 0, 0, 0, 0, 0, 0, 0, 0, 0, 0, 0, 0, 0, 0, 0, 0, 0]","[19.982728004455566, 16.56670904159546, 16.02025008201599, 19.730223417282104, 25.229011297225952, 18.5840060710907, 18.033857345581055, 16.61806344985962, 16.64419913291931, 22.374386072158813, 18.563724994659424, 16.25142002105713, 17.425692558288574, 16.09394407272339, 20.64566421508789, 22.047731399536133, 16.703598022460938, 16.558918476104736, 18.076658010482788, 21.996766567230225]"
65,65,6,2.671893486317661,0.7469562261410935,0.0,24.790991532802582,1.052584347483964,2.2993702567808305,0.0,"[np.float64(3.619627774692917), np.float64(2.57508148843968), np.float64(3.0588893726823105), np.float64(1.3118151555342867), np.float64(5.153329193501945), np.float64(3.626178727467109), np.float64(2.8259919364828696), np.float64(2.343355749354345), np.float64(1.4513380303011458), np.float64(3.33787124773303), np.float64(2.096313694301981), np.float64(4.232438075496351), np.float64(2.185488099548553), np.float64(2.053112491182871), np.float64(2.811949697586898), np.float64(1.3189767711890286), np.float64(2.913057211693366), np.float64(2.8477434051045387), np.float64(0.7668190747932855), np.float64(2.9084925292667148)]","[0, 0, 0, 0, np.float64(7.581632103091319), 0, 0, 0, 0, 0, 0, np.float64(7.35749241973055), 0, 0, 0, 0, 0, 0, 0, 0]","[0, 0, 0, 0, 0, 0, 0, 0, 0, 0, 0, 0, 0, 0, 0, 0, 0, 0, 0, 0]","[29.28218698501587, 19.17958092689514, 17.141051530838013, 17.074054956436157, 19.123080492019653, 19.616405725479126, 94.43191719055176, 18.21533465385437, 18.218780994415283, 17.04263663291931, 23.85913062095642, 18.547811269760132, 16.847177028656006, 17.306194305419922, 16.918932676315308, 30.925450325012207, 32.39767503738403, 22.660157918930054, 20.061789512634277, 26.970481872558594]"
65,70,4,2.738963567993124,1.1206018655080723,0.0,18.320486402511598,1.1923641273696324,2.7374087189152467,0.0,"[np.float64(1.4481970132096544), np.float64(1.2925272357727058), np.float64(3.017338442670445), np.float64(0.8855285153470718), np.float64(0.8096372712889164), np.float64(4.327686548363935), np.float64(2.932229751559071), np.float64(1.361537256401787), np.float64(4.681923219422338), np.float64(3.569672531011074), np.float64(3.550460312641886), np.float64(2.2425157906450526), np.float64(3.7017572115257806), np.float64(2.2367165475102557), np.float64(4.365585697687627), np.float64(2.815115606366759), np.float64(3.7772632594531586), np.float64(2.1503980188680245), np.float64(3.4871212748073295), np.float64(2.126059855309607)]","[0, 0, 0, 0, 0, np.float64(7.623056293146382), 0, 0, np.float64(7.290261904516503), 0, 0, 0, 0, 0, np.float64(7.498719112498563), 0, 0, 0, 0, 0]","[0, 0, 0, 0, 0, 0, 0, 0, 0, 0, 0, 0, 0, 0, 0, 0, 0, 0, 0, 0]","[26.728500366210938, 28.46549963951111, 18.998494148254395, 15.876024961471558, 15.327207565307617, 15.470544815063477, 15.96924877166748, 23.39388608932495, 18.66338324546814, 20.517332315444946, 15.354384899139404, 15.909325361251831, 19.214514017105103, 17.321221113204956, 19.486145734786987, 15.763691902160645, 15.7312331199646, 16.120864868164062, 15.299226999282837, 16.7989981174469]"
65,70,5,2.950485308847197,1.0913376989161636,0.0,20.24272803068161,0.9954488730346632,2.669183932206409,0.0,"[np.float64(3.036919942880185), np.float64(3.658698210473737), np.float64(2.904122779556651), np.float64(4.350747012119894), np.float64(3.4537527008170645), np.float64(2.9235358029027907), np.float64(4.495464619592415), np.float64(2.772134606977586), np.float64(2.1435016410556544), np.float64(3.898904089606019), np.float64(2.002260350030454), np.float64(2.993575254934156), np.float64(1.4834888856900854), np.float64(2.376519531243208), np.float64(2.207650026951038), np.float64(2.3100190799877782), np.float64(3.0330987696673684), np.float64(2.1037569821637003), np.float64(5.247698013168004), np.float64(1.6138578771261545)]","[0, 0, 0, np.float64(7.338596986223846), 0, 0, np.float64(6.80915227445142), 0, 0, 0, 0, 0, 0, 0, 0, 0, 0, 0, np.float64(7.679004717648008), 0]","[0, 0, 0, 0, 0, 0, 0, 0, 0, 0, 0, 0, 0, 0, 0, 0, 0, 0, 0, 0]","[19.095695734024048, 16.34911036491394, 16.33906865119934, 16.20545268058777, 16.89535689353943, 20.50896430015564, 16.206109523773193, 16.2332181930542, 16.058924436569214, 17.811180353164673, 28.401838779449463, 37.98081088066101, 37.886723279953, 16.68770694732666, 15.84914755821228, 16.85752844810486, 23.681158304214478, 21.948928594589233, 17.108705282211304, 16.748931407928467]"
65,70,6,2.917527859282142,2.2336873563278954,0.0,22.604917109012604,1.4577885290978148,3.5087156403540134,0.0,"[np.float64(0.5346648447988732), np.float64(1.346193273908468), np.float64(3.7386007046270247), np.float64(1.3568444835944775), np.float64(4.763088805287675), np.float64(4.669479247165018), np.float64(3.651183025325827), np.float64(1.3817703706761968), np.float64(3.2456050376343852), np.float64(2.173520231305283), np.float64(2.2434581901544983), np.float64(2.9934135077240556), np.float64(3.736741640572609), np.float64(1.408885871134667), np.float64(4.723103394804997), np.float64(4.541727756650091), np.float64(4.476369976272914), np.float64(4.568464896378078), np.float64(1.4789319183398968), np.float64(1.3185100092878057)]","[0, 0, 0, 0, np.float64(7.904008940156302), np.float64(7.7622286576250445), 0, 0, 0, 0, 0, 0, 0, 0, np.float64(7.659332631494966), np.float64(6.732963612348564), np.float64(7.014475731137226), np.float64(7.600737553795806), 0, 0]","[0, 0, 0, 0, 0, 0, 0, 0, 0, 0, 0, 0, 0, 0, 0, 0, 0, 0, 0, 0]","[17.08077573776245, 23.881413221359253, 47.10091495513916, 31.166914224624634, 17.315143585205078, 17.25492811203003, 16.629138231277466, 20.397892475128174, 31.323747396469116, 19.299376726150513, 17.465436935424805, 19.52860927581787, 30.060926914215088, 24.997727155685425, 19.547597646713257, 16.87485384941101, 17.5174081325531, 17.60543966293335, 23.27542209625244, 23.774675846099854]"
70,60,4,1.9056447536143986,0.0,0.0,66.99834802150727,1.0873788645638414,0.0,0.0,"[np.float64(0.7252323543313387), np.float64(2.051984485627388), np.float64(1.354587998772381), np.float64(2.7707648225072345), np.float64(2.198263612381028), np.float64(0.745797422911145), np.float64(1.4180049692773278), 0, np.float64(0.6884963389357851), np.float64(2.842050441598192), np.float64(0.6484666659002716), np.float64(3.5216877865055185), np.float64(2.901745889014647), np.float64(3.247049682725894), np.float64(2.8541380950925093), np.float64(2.1848220326568226), np.float64(0.7273604059934626), np.float64(1.4721937337363606), np.float64(2.2080319167605147), np.float64(3.552216417560152)]","[0, 0, 0, 0, 0, 0, 0, 0, 0, 0, 0, 0, 0, 0, 0, 0, 0, 0, 0, 0]","[0, 0, 0, 0, 0, 0, 0, 0, 0, 0, 0, 0, 0, 0, 0, 0, 0, 0, 0, 0]","[15.367265701293945, 15.273099899291992, 15.369024276733398, 22.05291724205017, 47.117175579071045, 127.56201100349426, 117.74997210502625, 110.64911723136902, 96.10146498680115, 204.80594420433044, 113.54335045814514, 45.99129939079285, 57.41250514984131, 49.09447646141052, 124.72058415412903, 33.997244119644165, 20.98532199859619, 21.583157300949097, 51.26391339302063, 49.32711577415466]"
70,60,5,2.4806870813932926,0.6915855676980631,0.0,32.067832839488986,1.150633124672654,2.1286614924344245,0.0,"[np.float64(0.6438890411278361), np.float64(2.074875143817963), np.float64(2.3035403373544523), 0, np.float64(1.4274297482905043), np.float64(2.723022138064685), np.float64(3.8674667009034107), np.float64(1.9979786886582358), np.float64(3.4970843773738083), np.float64(2.9000187252961993), np.float64(2.8871384432103993), np.float64(3.7708546269282763), np.float64(3.4431074433158546), np.float64(2.1880883854117683), np.float64(4.213926491020964), np.float64(4.068289770371789), np.float64(2.7352846929339076), np.float64(1.4248861314303427), np.float64(2.04414550970196), np.float64(1.4027152326534924)]","[0, 0, 0, 0, 0, 0, 0, 0, 0, 0, 0, 0, 0, 0, np.float64(6.931471332657705), np.float64(6.900240021303558), 0, 0, 0, 0]","[0, 0, 0, 0, 0, 0, 0, 0, 0, 0, 0, 0, 0, 0, 0, 0, 0, 0, 0, 0]","[25.225335121154785, 16.214400053024292, 67.81799793243408, 143.1563835144043, 25.452075719833374, 32.45822834968567, 16.607617616653442, 24.042325496673584, 32.16825580596924, 22.2857027053833, 19.811354875564575, 23.387967586517334, 37.26090884208679, 28.932912349700928, 18.011029958724976, 17.60836434364319, 16.326019525527954, 16.78570556640625, 32.72472286224365, 25.07934856414795]"
70,60,6,2.1167579006040196,0.7011223458172242,0.0,19.733767879009246,1.147431713356702,2.1580100163956444,0.0,"[np.float64(2.9315524168152134), np.float64(0.7794667990141199), np.float64(2.201385381717047), np.float64(4.270151824125613), np.float64(2.8676457243543236), np.float64(2.6679194799820203), np.float64(2.2024803977908682), np.float64(2.129963055596986), np.float64(4.299050300843804), np.float64(1.3070014125180007), np.float64(1.4232060671219298), np.float64(1.3046952457636425), np.float64(1.4276171878929143), np.float64(3.816026433844679), 0, np.float64(1.3815055567681702), np.float64(1.4235219345831396), np.float64(1.489167616854214), np.float64(1.4282679838272514), np.float64(2.984533192666456)]","[0, 0, 0, np.float64(7.004918632634219), 0, 0, 0, 0, np.float64(7.0175282837102655), 0, 0, 0, 0, 0, 0, 0, 0, 0, 0, 0]","[0, 0, 0, 0, 0, 0, 0, 0, 0, 0, 0, 0, 0, 0, 0, 0, 0, 0, 0, 0]","[23.38273596763611, 18.22146701812744, 18.72382378578186, 21.500585079193115, 21.23979616165161, 16.766441583633423, 16.771360874176025, 16.9024338722229, 21.10180687904358, 24.245158433914185, 17.87628483772278, 17.938376665115356, 17.068382501602173, 17.27832293510437, 27.471500158309937, 18.754161834716797, 18.102721691131592, 17.558363914489746, 18.168305158615112, 25.603328227996826]"
70,65,4,2.123685982508279,0.37341485298613286,0.0,18.92171812057495,0.9995925340173845,1.669961990170167,0.0,"[np.float64(1.4335626209387593), np.float64(2.4052545192571655), np.float64(1.269699906062788), np.float64(4.366629040613005), np.float64(1.9769986105175656), np.float64(2.044300277215382), np.float64(2.897781265496452), np.float64(3.446474289403156), np.float64(0.7955597309816252), np.float64(2.7742169156783794), np.float64(2.8173834850186377), np.float64(2.44562143312878), np.float64(1.523084059845992), np.float64(0.7458280649823358), np.float64(0.71467370898029), np.float64(2.7688459973510753), np.float64(2.9191731473181686), np.float64(0.6419935650418247), np.float64(2.2079384492345566), np.float64(2.2787005630996333)]","[0, 0, 0, np.float64(7.468297059722658), 0, 0, 0, 0, 0, 0, 0, 0, 0, 0, 0, 0, 0, 0, 0, 0]","[0, 0, 0, 0, 0, 0, 0, 0, 0, 0, 0, 0, 0, 0, 0, 0, 0, 0, 0, 0]","[16.267174005508423, 16.1989324092865, 18.37438154220581, 16.816027879714966, 29.90131402015686, 19.36018943786621, 20.84377932548523, 17.39339828491211, 15.452643871307373, 15.57529878616333, 18.35679292678833, 31.184529542922974, 21.502875804901123, 15.52848505973816, 15.517427206039429, 15.483898878097534, 16.823084831237793, 22.595521450042725, 19.94066834449768, 15.317938804626465]"
70,65,5,2.335548049424564,0.7065832041898177,0.0,27.29164651632309,1.0432912950247326,2.1748922112622013,0.0,"[np.float64(3.6561356728443766), np.float64(2.9613334111851652), np.float64(2.2094302820955103), np.float64(0.8212343401339687), np.float64(1.498883917282994), np.float64(1.5967790239839823), np.float64(4.057705235363365), np.float64(2.825728204719011), np.float64(0.7103192895739397), np.float64(2.192493081652982), np.float64(3.0639142797066126), np.float64(2.3996415533168474), np.float64(1.4700890879428081), np.float64(2.0749969842850913), np.float64(3.3809785468107276), np.float64(2.737062891190951), np.float64(2.0970913180105017), np.float64(4.219160334311289), np.float64(0.6467189973851505), np.float64(2.091264536696005)]","[0, 0, 0, 0, 0, 0, np.float64(7.121501071905194), 0, 0, 0, 0, 0, 0, 0, 0, 0, 0, np.float64(7.010163011891159), 0, 0]","[0, 0, 0, 0, 0, 0, 0, 0, 0, 0, 0, 0, 0, 0, 0, 0, 0, 0, 0, 0]","[18.144577264785767, 17.068451404571533, 30.275821924209595, 25.71641182899475, 16.47242498397827, 16.531126737594604, 16.794016361236572, 18.442837715148926, 33.46709084510803, 16.49919867515564, 17.883942127227783, 16.744383573532104, 19.310544967651367, 33.01145887374878, 51.053585052490234, 28.720513343811035, 113.44176983833313, 23.009902715682983, 16.448959827423096, 16.795912265777588]"
70,65,6,2.318656089311832,0.725117661855468,0.0,26.48817460536957,1.3999244055638096,2.232004947163593,0.0,"[np.float64(0.7045042382439194), 0, np.float64(2.907182682215028), np.float64(1.514391845270148), 0, np.float64(3.705254532163725), np.float64(3.497954726730521), np.float64(2.2571053056373898), np.float64(3.802643762319848), np.float64(2.796273076782263), np.float64(2.9307196114063525), np.float64(3.7589048451047464), np.float64(0.7208961606977939), np.float64(0.8054645046999238), np.float64(2.795878611726646), np.float64(4.418540544174774), np.float64(2.0980831922879735), np.float64(1.5068244838676066), np.float64(4.371052877072403), np.float64(1.7814467858355807)]","[0, 0, 0, 0, 0, 0, 0, 0, 0, 0, 0, 0, 0, 0, 0, np.float64(7.3281940284013665), 0, 0, np.float64(7.174159208707994), 0]","[0, 0, 0, 0, 0, 0, 0, 0, 0, 0, 0, 0, 0, 0, 0, 0, 0, 0, 0, 0]","[18.598836183547974, 26.542063236236572, 30.90159773826599, 24.363957405090332, 16.88653540611267, 17.191813230514526, 16.802490234375, 44.13670992851257, 41.86385679244995, 26.869208574295044, 16.87871479988098, 17.096048831939697, 16.75161600112915, 28.4139564037323, 41.475043535232544, 31.99518847465515, 19.986964225769043, 26.05492329597473, 32.04124116897583, 34.912726640701294]"
70,70,4,2.470370189028205,0.39207918385014673,0.0,21.502057898044587,1.0614872715457346,1.7534314153031316,0.0,"[np.float64(3.6342894464036464), np.float64(3.6882888434769425), np.float64(1.2701487455362694), np.float64(1.454264634493743), np.float64(4.515867038311973), np.float64(2.89949005360174), np.float64(1.5100928122578574), np.float64(3.5528282297408706), np.float64(1.4156597547406107), np.float64(3.619099087900317), np.float64(2.8501684942510686), np.float64(0.7713914472650679), np.float64(2.749404545508795), np.float64(2.2005740376239307), np.float64(1.468817778903163), np.float64(1.3487083574335685), np.float64(2.013953989129377), np.float64(3.5279820867351783), np.float64(2.9237289816277396), np.float64(1.9926454156222377)]","[0, 0, 0, 0, np.float64(7.841583677002935), 0, 0, 0, 0, 0, 0, 0, 0, 0, 0, 0, 0, 0, 0, 0]","[0, 0, 0, 0, 0, 0, 0, 0, 0, 0, 0, 0, 0, 0, 0, 0, 0, 0, 0, 0]","[21.586111068725586, 24.88889503479004, 24.53819990158081, 26.45022177696228, 26.63671875, 20.06597590446472, 18.50287103652954, 23.636313438415527, 28.016587495803833, 16.930492401123047, 23.027068853378296, 33.296711683273315, 17.704639196395874, 15.479974031448364, 15.307197093963623, 15.816021203994751, 17.907169580459595, 23.199435234069824, 20.549039840698242, 16.501514434814453]"
70,70,5,2.124517131144891,0.376485506833832,0.0,19.28426597118378,0.9903045428486595,1.6836943716478199,0.0,"[np.float64(0.812114667708211), np.float64(1.4165233210270936), np.float64(0.655702986357664), np.float64(2.10928079387193), np.float64(2.932360197362611), np.float64(1.9678345301925853), np.float64(1.9372363446979655), np.float64(3.4286105386793495), np.float64(2.927712256808796), np.float64(2.040873858590801), np.float64(1.8706307756506269), np.float64(3.5299760329560996), np.float64(1.4004794579764386), np.float64(2.682859961543814), np.float64(1.5774268704043999), np.float64(1.8649710155822914), np.float64(2.6724163467492237), np.float64(4.425367142961094), np.float64(0.7138169837617604), np.float64(1.524148540015065)]","[0, 0, 0, 0, 0, 0, 0, 0, 0, 0, 0, 0, 0, 0, 0, 0, 0, np.float64(7.5297101366766395), 0, 0]","[0, 0, 0, 0, 0, 0, 0, 0, 0, 0, 0, 0, 0, 0, 0, 0, 0, 0, 0, 0]","[16.26203227043152, 16.300588369369507, 21.35957980155945, 21.646418809890747, 19.28344750404358, 16.46200919151306, 16.752714157104492, 24.84708023071289, 32.95648908615112, 17.02472949028015, 16.451940059661865, 16.654826164245605, 18.7350914478302, 22.62626886367798, 18.030253410339355, 16.191503047943115, 16.71107530593872, 20.024519443511963, 20.92880368232727, 16.435949087142944]"
70,70,6,2.4859026860965554,0.35780311501589596,0.0,25.113462793827058,1.0677447154627846,1.6001441754734382,0.0,"[np.float64(3.9230236997398253), np.float64(0.6148611191824271), np.float64(0.6573159212548523), np.float64(2.645401442756612), np.float64(2.2192954328041448), np.float64(1.2639587713911773), np.float64(3.4938781517587314), np.float64(3.701206312940319), np.float64(3.443473408311388), np.float64(3.48702404566231), np.float64(3.0895940665292723), np.float64(2.0492367900828303), np.float64(1.3608528938247302), np.float64(2.2087702417154453), np.float64(1.3125041306768443), np.float64(2.9227741455318745), np.float64(2.165190213861433), np.float64(4.230328420369876), np.float64(2.7270423511746986), np.float64(2.2023221623623126)]","[0, 0, 0, 0, 0, 0, 0, 0, 0, 0, 0, 0, 0, 0, 0, 0, 0, np.float64(7.156062300317919), 0, 0]","[0, 0, 0, 0, 0, 0, 0, 0, 0, 0, 0, 0, 0, 0, 0, 0, 0, 0, 0, 0]","[16.559197902679443, 16.883891105651855, 19.050414562225342, 20.689908266067505, 20.34314799308777, 25.84472680091858, 22.55130362510681, 24.749589443206787, 22.702770233154297, 16.28796076774597, 16.432882070541382, 17.34313941001892, 26.53325867652893, 18.785794496536255, 30.290140390396118, 64.779367685318, 19.999502182006836, 34.41592597961426, 42.21249175071716, 25.81384253501892]"
75,60,4,1.8576879853818808,0.0,0.0,21.947588944435118,0.9495008554067811,0.0,0.0,"[np.float64(3.3155698332327415), np.float64(0.7236113381984705), np.float64(2.7090384951227366), np.float64(0.6569918623588579), np.float64(1.3589848821630905), np.float64(1.3165898872586292), np.float64(1.4399625508163736), np.float64(2.6247500660306526), np.float64(1.949566805547137), np.float64(1.3032994004860674), np.float64(3.0733188847342947), np.float64(2.1702991402890093), 0, np.float64(0.6589193561428505), np.float64(3.313699476967955), np.float64(1.9716787363352895), np.float64(2.0621945566013844), np.float64(1.4087140455164666), np.float64(2.81054488472074), np.float64(2.2860255051148712)]","[0, 0, 0, 0, 0, 0, 0, 0, 0, 0, 0, 0, 0, 0, 0, 0, 0, 0, 0, 0]","[0, 0, 0, 0, 0, 0, 0, 0, 0, 0, 0, 0, 0, 0, 0, 0, 0, 0, 0, 0]","[15.534273624420166, 17.056119203567505, 17.48961067199707, 16.57107663154602, 27.134210348129272, 21.340566635131836, 103.51298379898071, 16.118101835250854, 16.017125844955444, 15.457842588424683, 19.07776951789856, 17.644991159439087, 16.097475051879883, 15.325501680374146, 16.361130237579346, 18.843153715133667, 22.584325551986694, 15.447255611419678, 16.019407272338867, 15.318857908248901]"
75,60,5,1.7984954927431496,0.4000056406629843,0.0,23.398548936843873,1.2139719309283838,1.7888796078115736,0.0,"[np.float64(0.7100399976482966), np.float64(0.7672044316248975), np.float64(1.4215485731719923), 0, np.float64(2.2013421729252856), np.float64(0.6941882857281771), np.float64(2.7081896322767647), np.float64(1.9997461339348452), np.float64(2.657526974306963), np.float64(3.7306032327249783), np.float64(1.3337677975292102), np.float64(2.130585938010579), np.float64(1.9836842983823049), np.float64(0.6675270080938959), np.float64(0.8617317325382778), np.float64(2.0952544344362325), np.float64(5.198004068210795), np.float64(0.6461245606103255), np.float64(2.030853146708544), np.float64(2.1319874360006277)]","[0, 0, 0, 0, 0, 0, 0, 0, 0, 0, 0, 0, 0, 0, 0, 0, np.float64(8.000112813259685), 0, 0, 0]","[0, 0, 0, 0, 0, 0, 0, 0, 0, 0, 0, 0, 0, 0, 0, 0, 0, 0, 0, 0]","[16.023309230804443, 25.807504415512085, 19.73951268196106, 17.370617628097534, 15.97951364517212, 16.25982403755188, 24.873339891433716, 22.232792139053345, 15.637410640716553, 19.59573197364807, 20.257835865020752, 22.67764711380005, 20.177361249923706, 16.806922674179077, 17.543717861175537, 19.713207006454468, 23.63530945777893, 18.565656423568726, 55.578283071517944, 59.495481729507446]"
75,60,6,2.1221509172224597,0.0,0.0,23.51245172023773,0.9598387294850226,0.0,0.0,"[np.float64(2.1574922129759617), np.float64(2.8736922470019763), np.float64(2.6537133656663254), np.float64(2.6513647821643698), np.float64(2.6805713862023834), np.float64(3.3618491657011678), np.float64(2.949878683178807), np.float64(2.7900479887230283), 0, np.float64(0.7728880635927017), np.float64(2.0469129691535346), np.float64(1.3115170944633368), np.float64(2.63334676630484), np.float64(2.2052988288850655), np.float64(1.3452586318042998), np.float64(2.8276359710885557), 0, np.float64(2.1738064094452283), np.float64(2.8517082211553935), np.float64(2.1560355569422183)]","[0, 0, 0, 0, 0, 0, 0, 0, 0, 0, 0, 0, 0, 0, 0, 0, 0, 0, 0, 0]","[0, 0, 0, 0, 0, 0, 0, 0, 0, 0, 0, 0, 0, 0, 0, 0, 0, 0, 0, 0]","[45.09972333908081, 27.099273204803467, 18.6347439289093, 18.315842390060425, 17.11542534828186, 28.475894927978516, 21.327165365219116, 16.699673414230347, 18.046529293060303, 19.39298152923584, 24.080111265182495, 17.6593074798584, 16.46936011314392, 16.2999370098114, 17.200424909591675, 34.8591845035553, 24.945472240447998, 20.97081685066223, 31.132875680923462, 36.42429161071777]"
75,65,4,2.1693228283268677,0.7127552246173686,0.16880297991306237,27.272716987133027,1.4037541867724754,2.1938161016345767,0.754909875780278,"[np.float64(1.4116869155937628), np.float64(5.502990513438497), np.float64(2.1084116823996557), np.float64(3.520366864370344), np.float64(4.096008422883494), np.float64(1.4506488969972997), 0, np.float64(1.3220897519658137), np.float64(2.6523965222223396), np.float64(1.3198654951478852), np.float64(3.735190941563511), np.float64(0.7681062377839183), np.float64(3.583040359253438), np.float64(3.0124807912057108), np.float64(0.7563024249210565), np.float64(1.9473418846672776), np.float64(0.6419291513138504), np.float64(1.2900548355501038), np.float64(1.4137175842610894), np.float64(2.8538272909983062)]","[0, np.float64(7.1188681069678434), 0, 0, np.float64(7.136236385379529), 0, 0, 0, 0, 0, 0, 0, 0, 0, 0, 0, 0, 0, 0, 0]","[0, np.float64(3.3760595982612474), 0, 0, 0, 0, 0, 0, 0, 0, 0, 0, 0, 0, 0, 0, 0, 0, 0, 0]","[24.37889790534973, 15.345240592956543, 16.64173197746277, 18.777994394302368, 24.61598300933838, 25.468963623046875, 28.1922287940979, 21.869131088256836, 24.101848125457764, 48.0188045501709, 40.01161026954651, 41.61732029914856, 58.97880530357361, 29.726683616638184, 16.61874556541443, 22.599691152572632, 16.668131589889526, 27.74012589454651, 25.576737642288208, 18.505664348602295]"
75,65,5,1.8755138163901028,0.0,0.0,20.157603216171264,0.9716721919897989,0.0,0.0,"[np.float64(2.195601426296989), np.float64(1.9246281357697648), np.float64(1.353288370927809), np.float64(2.8982617766883907), np.float64(1.3809930287863565), np.float64(2.6771861889849666), np.float64(3.928282037974348), np.float64(1.2971845817148384), np.float64(2.012030701987814), np.float64(0.663488008079927), np.float64(2.793549283075544), np.float64(1.526881303933981), np.float64(2.553128867095408), np.float64(1.2958109681597731), np.float64(1.5256471814200985), np.float64(1.4800300733120386), np.float64(1.9506193695317575), 0, np.float64(0.6153366454735806), np.float64(3.4383283785886714)]","[0, 0, 0, 0, 0, 0, 0, 0, 0, 0, 0, 0, 0, 0, 0, 0, 0, 0, 0, 0]","[0, 0, 0, 0, 0, 0, 0, 0, 0, 0, 0, 0, 0, 0, 0, 0, 0, 0, 0, 0]","[22.808515787124634, 15.684727191925049, 15.588403224945068, 15.458775758743286, 16.114115476608276, 25.712092876434326, 21.576412200927734, 16.70275640487671, 20.542552947998047, 17.710280656814575, 25.85017991065979, 22.651763200759888, 16.333332061767578, 17.142045497894287, 16.03191900253296, 23.92290472984314, 36.799947023391724, 20.15644121170044, 17.47393560409546, 18.890963554382324]"
75,65,6,1.6866688935321315,0.0,0.0,29.32739963531494,0.9670084758986635,0.0,0.0,"[np.float64(2.004554052329196), np.float64(0.6639640586959514), np.float64(1.9647054243561366), np.float64(1.377524559107602), np.float64(2.1660415273939546), np.float64(3.387869345571291), np.float64(0.7238144097401175), np.float64(3.359470048701223), np.float64(2.8721831841201277), np.float64(1.3879180612492534), np.float64(1.3694878674878017), np.float64(1.9735646049317088), 0, np.float64(3.3685671982332654), np.float64(1.4136740271795423), np.float64(1.5032291942783842), np.float64(1.4570297770134457), np.float64(1.3524841828366843), np.float64(0.662785288953284), np.float64(0.7245110584636615)]","[0, 0, 0, 0, 0, 0, 0, 0, 0, 0, 0, 0, 0, 0, 0, 0, 0, 0, 0, 0]","[0, 0, 0, 0, 0, 0, 0, 0, 0, 0, 0, 0, 0, 0, 0, 0, 0, 0, 0, 0]","[111.13077306747437, 26.414919137954712, 36.57442617416382, 16.89009428024292, 17.263432502746582, 18.60624599456787, 26.79395031929016, 40.85581135749817, 18.578766584396362, 39.010751724243164, 32.225459814071655, 22.7121684551239, 23.22817897796631, 34.57464647293091, 17.784541606903076, 17.234373569488525, 17.487542152404785, 25.711054801940918, 25.179753065109253, 18.291102647781372]"
75,70,4,1.7542990489600199,0.0,0.0,18.652869558334352,0.6502622886158588,0.0,0.0,"[np.float64(1.9420553261988247), np.float64(0.6578908121786344), np.float64(2.8538834100933013), np.float64(2.094817436614847), np.float64(1.5169327951309297), np.float64(2.751423632181368), np.float64(1.5460351840745845), np.float64(2.731705203740879), np.float64(2.2147610884673825), np.float64(0.7205887917970254), np.float64(1.253012292476675), np.float64(2.0842443122232814), np.float64(1.5690852033995875), np.float64(1.395011242289727), np.float64(1.4517774762352502), np.float64(1.2485186691146852), np.float64(1.5657578598817368), np.float64(2.7297256395831493), np.float64(1.3427430228780428), np.float64(1.4160115806404863)]","[0, 0, 0, 0, 0, 0, 0, 0, 0, 0, 0, 0, 0, 0, 0, 0, 0, 0, 0, 0]","[0, 0, 0, 0, 0, 0, 0, 0, 0, 0, 0, 0, 0, 0, 0, 0, 0, 0, 0, 0]","[14.989354133605957, 15.675378322601318, 15.734773874282837, 20.706907033920288, 16.388174057006836, 15.167422533035278, 15.808568954467773, 16.017430067062378, 21.804705381393433, 23.506355047225952, 15.573160171508789, 19.86165142059326, 16.242259979248047, 18.693057537078857, 39.99243521690369, 23.082194089889526, 17.630933046340942, 16.27341341972351, 14.866676092147827, 15.042540788650513]"
75,70,5,1.6708898096197016,0.0,0.0,20.95067181587219,0.9752865928512777,0.0,0.0,"[np.float64(1.433753930830996), np.float64(1.437120036413547), np.float64(2.786684820593267), np.float64(0.6585022783006791), np.float64(1.3842833440807127), np.float64(1.384265845306311), np.float64(2.8477375501911215), 0, np.float64(2.83819804208671), np.float64(1.411691523104112), np.float64(0.6695849097559275), np.float64(1.3737353494972828), np.float64(0.8192223254584818), np.float64(1.368589673425892), np.float64(3.2725881005592226), np.float64(2.5956421077869836), np.float64(1.446793858588781), np.float64(3.563466145738818), np.float64(1.3956188172597306), np.float64(0.7303175334154549)]","[0, 0, 0, 0, 0, 0, 0, 0, 0, 0, 0, 0, 0, 0, 0, 0, 0, 0, 0, 0]","[0, 0, 0, 0, 0, 0, 0, 0, 0, 0, 0, 0, 0, 0, 0, 0, 0, 0, 0, 0]","[20.99764585494995, 20.492591619491577, 15.448254585266113, 15.576024293899536, 15.778797149658203, 20.018919944763184, 17.51745367050171, 15.194140195846558, 15.317432880401611, 15.307208776473999, 16.741453409194946, 32.465319871902466, 48.70869421958923, 15.498309850692749, 18.826629638671875, 17.121737957000732, 22.55537486076355, 37.84243631362915, 18.721049547195435, 18.88396167755127]"
75,70,6,1.9693648398367192,0.35037590113533845,0.0,30.097771751880646,1.1381810643064172,1.566928665232725,0.0,"[0, np.float64(0.7078554990711978), np.float64(0.6440187998432971), np.float64(1.4043268325581642), np.float64(1.3488056414754015), np.float64(1.2836924230329663), np.float64(4.158365044570572), np.float64(3.356754732436497), np.float64(2.818176581579628), np.float64(2.808339589966137), np.float64(2.648704279984396), np.float64(2.6094702861801946), np.float64(2.026412392752237), np.float64(2.107578188727438), np.float64(1.2916163193946302), np.float64(0.708081935310304), np.float64(3.033192325488129), np.float64(2.243481663444558), np.float64(0.6995678873341542), np.float64(3.4888563735844813)]","[0, 0, 0, 0, 0, 0, np.float64(7.007518022706769), 0, 0, 0, 0, 0, 0, 0, 0, 0, 0, 0, 0, 0]","[0, 0, 0, 0, 0, 0, 0, 0, 0, 0, 0, 0, 0, 0, 0, 0, 0, 0, 0, 0]","[18.628862142562866, 27.892635822296143, 46.743640184402466, 19.851642847061157, 20.19036626815796, 81.61057734489441, 90.61639857292175, 31.86753511428833, 28.484782695770264, 32.25967860221863, 27.381142139434814, 21.324753046035767, 16.97958254814148, 17.42920446395874, 18.04857873916626, 25.03436279296875, 25.714946031570435, 17.178776502609253, 17.390938997268677, 17.327030181884766]"
80,60,4,1.7701515998889852,0.35441076966706286,0.0,30.689174592494965,0.9827394432310004,1.584973145867146,0.0,"[np.float64(2.058495659686997), np.float64(2.0706123020556273), np.float64(1.2946005302215633), 0, 0, np.float64(2.0238169595053592), np.float64(1.2936399753066274), np.float64(1.310314868912962), np.float64(0.633853237221255), np.float64(2.8629353320914155), np.float64(2.6666978015798333), np.float64(4.046628747651634), np.float64(1.9068033694333182), np.float64(0.6924194205888943), np.float64(1.4005359437244438), np.float64(2.1459151414360593), np.float64(2.0511629462488856), np.float64(2.033309185207559), np.float64(2.741082411012745), np.float64(2.1702081658945245)]","[0, 0, 0, 0, 0, 0, 0, 0, 0, 0, 0, np.float64(7.088215393341257), 0, 0, 0, 0, 0, 0, 0, 0]","[0, 0, 0, 0, 0, 0, 0, 0, 0, 0, 0, 0, 0, 0, 0, 0, 0, 0, 0, 0]","[24.740074634552002, 23.8443546295166, 23.716243982315063, 21.20463252067566, 22.978005170822144, 15.281415700912476, 29.260053634643555, 35.16820931434631, 15.689063310623169, 16.61953067779541, 16.516585111618042, 41.60469675064087, 36.83455204963684, 36.789735555648804, 24.186808824539185, 18.938198566436768, 139.72294902801514, 15.818447589874268, 20.406020164489746, 34.46391463279724]"
80,60,5,1.2918947185858756,0.0,0.0,19.57797236442566,0.6585748722149529,0.0,0.0,"[np.float64(1.3842115584328871), np.float64(0.6206393628327217), np.float64(1.4250252775393653), np.float64(1.357526044260677), np.float64(1.306821814051247), np.float64(1.2744835098405825), np.float64(1.3964986398881647), 0, np.float64(2.0568921428260762), np.float64(0.6933604797216653), np.float64(0.7804660126235288), 0, np.float64(1.3933479353221616), np.float64(1.3360097046112718), np.float64(1.2782577882637556), np.float64(1.3488081134987921), np.float64(2.0221767040777836), np.float64(2.1133140905006518), np.float64(1.351822449929577), np.float64(2.6982327434966016)]","[0, 0, 0, 0, 0, 0, 0, 0, 0, 0, 0, 0, 0, 0, 0, 0, 0, 0, 0, 0]","[0, 0, 0, 0, 0, 0, 0, 0, 0, 0, 0, 0, 0, 0, 0, 0, 0, 0, 0, 0]","[16.126951932907104, 15.885053396224976, 16.096566438674927, 15.864732503890991, 16.98885750770569, 23.43000817298889, 17.16845679283142, 16.577439069747925, 16.12257432937622, 27.694474458694458, 45.70614981651306, 18.02225947380066, 16.771406888961792, 16.030829906463623, 23.003147840499878, 25.490302562713623, 16.104434490203857, 15.996859073638916, 16.43251943588257, 16.046423196792603]"
80,60,6,1.5178930308628629,0.3806186585260141,0.0,24.340090918540955,1.151786458705432,1.7021783879378949,0.0,"[np.float64(2.052648431372045), np.float64(1.3295714996346868), np.float64(1.4333590382621146), 0, np.float64(0.6510901838110386), np.float64(1.365925862948768), np.float64(0.7655232289011433), np.float64(0.5775200386196562), np.float64(0.628458455595028), np.float64(0.6428130767186595), np.float64(1.2534217832288048), np.float64(2.6740022079079355), np.float64(3.4256992590933817), 0, np.float64(2.8637358045205565), np.float64(0.6438080821325524), np.float64(2.0874046862973756), np.float64(4.405625492687267), np.float64(1.9609898374440524), np.float64(1.596263648082192)]","[0, 0, 0, 0, 0, 0, 0, 0, 0, 0, 0, 0, 0, 0, 0, 0, 0, np.float64(7.612373170520282), 0, 0]","[0, 0, 0, 0, 0, 0, 0, 0, 0, 0, 0, 0, 0, 0, 0, 0, 0, 0, 0, 0]","[61.09748888015747, 18.778908014297485, 16.531477451324463, 16.37866973876953, 15.90103793144226, 25.288259744644165, 22.237067222595215, 42.57599759101868, 35.76776051521301, 21.355979204177856, 16.217473030090332, 16.853755712509155, 16.83066439628601, 16.451939344406128, 31.06590700149536, 28.760790586471558, 20.4313325881958, 17.06992530822754, 16.58702278137207, 30.620361328125]"
80,65,4,1.6675863929562122,0.0,0.0,19.96924457550049,0.9009821397597398,0.0,0.0,"[np.float64(1.9237313793042752), np.float64(1.9753706235069595), np.float64(1.4070530306352884), np.float64(1.9251309726393584), np.float64(2.826630858721656), np.float64(2.836054736828814), np.float64(1.470348596545673), 0, np.float64(2.071794777011241), np.float64(1.4228095595544576), np.float64(0.6463270153889075), np.float64(1.9548789050347168), np.float64(2.172338229682194), np.float64(0.7098266728236449), np.float64(1.3735676589167651), np.float64(1.528035709162765), np.float64(3.647299876606788), np.float64(2.0948434961808498), np.float64(1.3656857605798907), 0]","[0, 0, 0, 0, 0, 0, 0, 0, 0, 0, 0, 0, 0, 0, 0, 0, 0, 0, 0, 0]","[0, 0, 0, 0, 0, 0, 0, 0, 0, 0, 0, 0, 0, 0, 0, 0, 0, 0, 0, 0]","[23.502901315689087, 15.485390663146973, 15.438184022903442, 14.99703598022461, 15.255614995956421, 32.859400510787964, 23.69412899017334, 15.70715045928955, 16.131784915924072, 15.657188653945923, 18.82380700111389, 22.032872200012207, 16.532171726226807, 15.196598291397095, 14.876340627670288, 15.207001686096191, 18.728626489639282, 33.6842679977417, 29.28670907020569, 26.287715911865234]"
80,65,5,1.3374733684111364,0.0,0.0,20.947609317302703,0.8262240072997052,0.0,0.0,"[np.float64(1.3455327976013232), np.float64(2.0133015274485224), np.float64(1.3542262692398304), np.float64(1.415002846680384), np.float64(2.6329547766082784), np.float64(3.359479777795436), np.float64(2.7452734429472945), np.float64(0.651135936474421), np.float64(1.3100779763121384), np.float64(0.7113536716849429), np.float64(0.7456793562111931), np.float64(0.7158703519766002), np.float64(0.6583884641911544), np.float64(1.4396999565649649), np.float64(1.3150091095215592), np.float64(1.5211943525221003), np.float64(0.6654669727635805), 0, np.float64(1.4449609711115992), np.float64(0.7048588105674042)]","[0, 0, 0, 0, 0, 0, 0, 0, 0, 0, 0, 0, 0, 0, 0, 0, 0, 0, 0, 0]","[0, 0, 0, 0, 0, 0, 0, 0, 0, 0, 0, 0, 0, 0, 0, 0, 0, 0, 0, 0]","[26.21175193786621, 28.534180879592896, 22.496137857437134, 19.808341026306152, 16.642399549484253, 15.744778156280518, 24.364085912704468, 20.79827094078064, 15.8766450881958, 15.771395444869995, 15.650977611541748, 21.729588508605957, 32.406227827072144, 25.11867070198059, 18.484519958496094, 16.560674905776978, 16.288841009140015, 26.462291955947876, 24.25697350502014, 15.745433568954468]"
80,65,6,1.3433025238639495,0.0,0.0,28.22736749649048,0.9614620912683767,0.0,0.0,"[np.float64(3.6640366201948753), np.float64(0.6667692306462776), np.float64(2.04887202738521), np.float64(0.7182972619317061), np.float64(0.7269169998668887), np.float64(1.3855079446477248), np.float64(2.66340410590692), np.float64(0.6523507020875425), np.float64(0.6161458014445595), np.float64(0.660126687504104), np.float64(2.8095026512276053), np.float64(1.3313269844629385), np.float64(0.7310858507419238), np.float64(1.3026334127319763), np.float64(1.3403722032291048), 0, np.float64(0.7096071868721969), np.float64(2.766590138839891), np.float64(1.4156174950120741), np.float64(0.6568871725454735)]","[0, 0, 0, 0, 0, 0, 0, 0, 0, 0, 0, 0, 0, 0, 0, 0, 0, 0, 0, 0]","[0, 0, 0, 0, 0, 0, 0, 0, 0, 0, 0, 0, 0, 0, 0, 0, 0, 0, 0, 0]","[17.58995795249939, 17.225013494491577, 20.509570121765137, 24.03152894973755, 21.49256467819214, 17.333503007888794, 18.761362075805664, 38.91433882713318, 43.315075397491455, 40.72745633125305, 18.38876175880432, 16.026379346847534, 19.04740881919861, 21.74042010307312, 27.990360975265503, 16.96895456314087, 16.832559823989868, 112.60786128044128, 24.814451456069946, 30.22982096672058]"
80,70,4,1.5284622153087237,0.0,0.0,17.32452290058136,0.9571339962776291,0.0,0.0,"[np.float64(2.024580111126809), np.float64(2.0136361164766496), 0, np.float64(1.2191495234356848), np.float64(2.194187642512596), np.float64(3.451344043499717), np.float64(2.584450885870734), np.float64(1.355901219227482), np.float64(1.991336448652777), np.float64(1.4375110943149443), 0, 0, np.float64(0.7159927591081118), np.float64(1.402586765651286), np.float64(1.3340021262136483), np.float64(2.7406504906150655), np.float64(1.3595676473297609), np.float64(1.3437190584698635), np.float64(0.6985043000484198), np.float64(2.7021240736209267)]","[0, 0, 0, 0, 0, 0, 0, 0, 0, 0, 0, 0, 0, 0, 0, 0, 0, 0, 0, 0]","[0, 0, 0, 0, 0, 0, 0, 0, 0, 0, 0, 0, 0, 0, 0, 0, 0, 0, 0, 0]","[30.86987042427063, 21.785212993621826, 15.846773147583008, 21.11936068534851, 18.17605471611023, 15.403960704803467, 18.6246395111084, 15.03638744354248, 15.293037176132202, 18.91951036453247, 17.198159217834473, 14.737965106964111, 14.613982200622559, 14.750117301940918, 15.95890998840332, 17.488361835479736, 15.96181321144104, 14.85018277168274, 14.730961322784424, 15.125197887420654]"
80,70,5,1.4786626099844982,0.0,0.0,30.022749853134155,0.8501031154370171,0.0,0.0,"[np.float64(1.3787924224067176), np.float64(2.043538384276583), np.float64(2.1895884875399485), np.float64(3.1587768026849985), np.float64(1.954593526748134), np.float64(0.7706559735422137), 0, np.float64(0.7215022736580109), np.float64(2.0360536097567974), np.float64(1.424717302434439), np.float64(2.0538138355550193), 0, np.float64(0.5746658312773734), np.float64(2.7951796995317633), np.float64(1.4234215033293114), np.float64(2.2523353387456453), np.float64(1.3282625142531002), np.float64(0.7332558330134222), np.float64(1.365933822346336), np.float64(1.3681650385901498)]","[0, 0, 0, 0, 0, 0, 0, 0, 0, 0, 0, 0, 0, 0, 0, 0, 0, 0, 0, 0]","[0, 0, 0, 0, 0, 0, 0, 0, 0, 0, 0, 0, 0, 0, 0, 0, 0, 0, 0, 0]","[19.222301483154297, 28.44688320159912, 16.622180938720703, 20.469841957092285, 23.178916931152344, 42.66804265975952, 78.11663007736206, 65.77645230293274, 47.76966953277588, 27.788400888442993, 22.77926731109619, 47.840139627456665, 17.604589462280273, 16.611600160598755, 26.01086139678955, 25.22014856338501, 21.64857316017151, 19.482107877731323, 16.034793853759766, 17.16359567642212]"
80,70,6,1.4396047872472375,0.0,0.0,20.505093967914583,0.9461739335815456,0.0,0.0,"[np.float64(0.6731648968847339), np.float64(2.0569609132846383), np.float64(2.1618831575866992), np.float64(2.0716756056798924), np.float64(0.6086908059958565), np.float64(0.5562061824722417), np.float64(3.543608050089858), np.float64(1.3786853091176818), np.float64(0.6685584592092556), np.float64(1.541027031882017), 0, 0, np.float64(0.6511334292716333), np.float64(1.2469250084487085), np.float64(2.6279490316015366), np.float64(1.3985662489734638), np.float64(1.326841866786355), np.float64(1.3607756642053823), np.float64(2.844401984027331), np.float64(2.075042099427463)]","[0, 0, 0, 0, 0, 0, 0, 0, 0, 0, 0, 0, 0, 0, 0, 0, 0, 0, 0, 0]","[0, 0, 0, 0, 0, 0, 0, 0, 0, 0, 0, 0, 0, 0, 0, 0, 0, 0, 0, 0]","[16.53604769706726, 20.937331199645996, 17.870961666107178, 16.40651822090149, 18.481599807739258, 18.323580265045166, 29.697239875793457, 34.4353404045105, 17.265308618545532, 16.23752188682556, 16.176652431488037, 15.625530242919922, 24.475186586380005, 16.14019203186035, 17.260417699813843, 18.074679374694824, 18.350741386413574, 33.42477202415466, 27.504068851470947, 16.878189086914062]"
85,60,4,0.9440980465593947,0.0,0.0,17.066290521621703,0.5822832641624346,0.0,0.0,"[np.float64(1.360149045936623), np.float64(1.2500781639903067), 0, np.float64(0.6414571279676475), np.float64(1.3458165600330565), np.float64(0.6389988337596736), np.float64(1.4862813666957189), 0, np.float64(0.613750929363304), 0, np.float64(1.3092835285541324), np.float64(1.3406590398854041), np.float64(0.6079254164706802), np.float64(0.639525615145343), np.float64(1.9362528585126364), np.float64(1.2647576925391184), np.float64(1.2185947812989286), np.float64(0.6907320711632605), np.float64(0.6292672661898986), np.float64(1.908430633682162)]","[0, 0, 0, 0, 0, 0, 0, 0, 0, 0, 0, 0, 0, 0, 0, 0, 0, 0, 0, 0]","[0, 0, 0, 0, 0, 0, 0, 0, 0, 0, 0, 0, 0, 0, 0, 0, 0, 0, 0, 0]","[15.027900218963623, 15.757339000701904, 27.162206172943115, 23.17983865737915, 15.086415767669678, 15.263526201248169, 15.4692063331604, 15.019606590270996, 19.501806497573853, 18.973456144332886, 16.34510040283203, 15.348424434661865, 15.698976993560791, 17.838595390319824, 19.839580297470093, 15.56510591506958, 15.084388256072998, 14.995468854904175, 14.89499020576477, 15.27387809753418]"
85,60,5,1.0116919133500064,0.0,0.0,21.94237232208252,0.7018960075744985,0.0,0.0,"[0, np.float64(0.7076277189173055), np.float64(0.6591570772977593), np.float64(1.9297377035676246), np.float64(1.4071721267589), 0, np.float64(0.6570576448362258), np.float64(0.703710119045114), np.float64(1.3354644420533353), np.float64(2.716051167287499), np.float64(1.9423295140390457), np.float64(1.4547577129981553), np.float64(1.2943957315571324), np.float64(0.7177491886173191), 0, np.float64(1.3793444520488338), np.float64(1.3453422196498914), np.float64(0.6726470618668343), np.float64(0.6535020587343053), np.float64(0.657792327724846)]","[0, 0, 0, 0, 0, 0, 0, 0, 0, 0, 0, 0, 0, 0, 0, 0, 0, 0, 0, 0]","[0, 0, 0, 0, 0, 0, 0, 0, 0, 0, 0, 0, 0, 0, 0, 0, 0, 0, 0, 0]","[16.616859197616577, 15.720667600631714, 15.50186014175415, 15.180253028869629, 15.269705295562744, 17.06139826774597, 19.48504114151001, 16.399588584899902, 14.999804019927979, 15.44365119934082, 15.54728078842163, 20.147144556045532, 18.50148868560791, 16.154638051986694, 16.240227222442627, 17.405237913131714, 24.002826929092407, 19.117133378982544, 16.037559747695923, 114.01508069038391]"
85,60,6,1.1596608914409468,0.0,0.0,19.403906440734865,0.7232500636459295,0.0,0.0,"[np.float64(1.317180755450827), np.float64(2.634696758487394), np.float64(1.3140577842284336), np.float64(0.6991475391834769), 0, np.float64(1.3810135069091232), np.float64(0.6532356553431451), np.float64(0.5528076036248433), np.float64(0.6508254460063309), np.float64(1.358805672036767), np.float64(2.081045358790153), np.float64(2.0090181527523736), 0, np.float64(0.6160531320545993), np.float64(1.357452067997649), np.float64(2.070661505564358), np.float64(0.6164656094470536), np.float64(1.3432023269629654), np.float64(0.6552336234641767), np.float64(1.8823153305152658)]","[0, 0, 0, 0, 0, 0, 0, 0, 0, 0, 0, 0, 0, 0, 0, 0, 0, 0, 0, 0]","[0, 0, 0, 0, 0, 0, 0, 0, 0, 0, 0, 0, 0, 0, 0, 0, 0, 0, 0, 0]","[17.213618755340576, 17.7067973613739, 25.178956031799316, 19.22793412208557, 18.586543560028076, 17.80920100212097, 22.623064756393433, 27.61830186843872, 26.942445516586304, 18.302926063537598, 16.944730758666992, 16.261070251464844, 17.85002636909485, 21.709333181381226, 16.29870843887329, 16.888580322265625, 16.514203786849976, 16.355243921279907, 21.47724747657776, 16.56919527053833]"
85,65,4,1.2561519929359681,0.34487344401569797,0.0,16.913409221172333,0.9662864316747052,1.5423209289071373,0.0,"[np.float64(1.2104026480305332), np.float64(0.8571334720587135), 0, np.float64(2.0198593570723227), np.float64(1.9743092112952383), np.float64(2.864759910604765), np.float64(0.6644502626331089), np.float64(1.3986816479153354), np.float64(0.6412756580195924), np.float64(1.3322009711865546), np.float64(1.411946112144163), np.float64(1.377763519069174), np.float64(0.7256964630951767), 0, np.float64(0.6594550555662918), np.float64(1.3042139763338376), 0, np.float64(4.034016383061973), np.float64(1.3315233938635997), np.float64(1.3153518167689808)]","[0, 0, 0, 0, 0, 0, 0, 0, 0, 0, 0, 0, 0, 0, 0, 0, 0, np.float64(6.897468880313959), 0, 0]","[0, 0, 0, 0, 0, 0, 0, 0, 0, 0, 0, 0, 0, 0, 0, 0, 0, 0, 0, 0]","[15.072770118713379, 15.973706007003784, 15.848158121109009, 28.607221126556396, 21.594576120376587, 15.742963075637817, 14.98441195487976, 14.993231773376465, 15.35310435295105, 16.030794620513916, 22.394086599349976, 15.455023765563965, 15.081200122833252, 15.512343883514404, 15.84174656867981, 17.664650440216064, 15.88874864578247, 15.42050838470459, 15.105433940887451, 15.703504800796509]"
85,65,5,0.6432321760333406,0.0,0.0,17.506238949298858,0.5981434396140286,0.0,0.0,"[np.float64(1.3205390191015487), 0, np.float64(0.6790583850557478), 0, np.float64(0.7097992085177858), np.float64(0.7118636706011968), np.float64(2.0368610139488093), 0, np.float64(0.6219979595865596), np.float64(0.6165798865313904), np.float64(2.0153585147265205), np.float64(0.6642602458964176), 0, np.float64(0.6430190065699243), 0, np.float64(0.6895032246099507), np.float64(0.7181812443426729), np.float64(0.7322719396385069), 0, np.float64(0.7053502015397812)]","[0, 0, 0, 0, 0, 0, 0, 0, 0, 0, 0, 0, 0, 0, 0, 0, 0, 0, 0, 0]","[0, 0, 0, 0, 0, 0, 0, 0, 0, 0, 0, 0, 0, 0, 0, 0, 0, 0, 0, 0]","[18.344247579574585, 16.869455814361572, 15.929421424865723, 15.885965585708618, 16.035675525665283, 19.85241389274597, 20.187474727630615, 16.312198638916016, 15.910781145095825, 17.097565174102783, 22.50851798057556, 24.164854288101196, 16.41857409477234, 15.01152753829956, 15.174468994140625, 15.14854097366333, 20.95564317703247, 17.1249098777771, 15.920762777328491, 15.271779775619507]"
85,65,6,1.3572782860791854,0.0,0.0,25.482836544513702,0.883344859074053,0.0,0.0,"[0, np.float64(1.4685685134162478), 0, np.float64(1.3603637966557534), np.float64(1.9613167031901328), np.float64(1.4095070666820981), np.float64(2.643867615074173), np.float64(0.6274655483536175), np.float64(0.6670166979792701), np.float64(1.9150546896556535), np.float64(0.6158100671514013), np.float64(1.9257287002051233), np.float64(2.670370375865565), np.float64(1.875669452746376), np.float64(1.3368122681901082), np.float64(0.7031449729675043), np.float64(1.3422676615438802), np.float64(0.6633605318150576), np.float64(0.7077657853178632), np.float64(3.251475274773881)]","[0, 0, 0, 0, 0, 0, 0, 0, 0, 0, 0, 0, 0, 0, 0, 0, 0, 0, 0, 0]","[0, 0, 0, 0, 0, 0, 0, 0, 0, 0, 0, 0, 0, 0, 0, 0, 0, 0, 0, 0]","[17.431316137313843, 24.72067666053772, 24.622697830200195, 16.34626293182373, 15.912340879440308, 15.892292499542236, 19.991515398025513, 18.082388162612915, 15.946434020996094, 16.09478235244751, 16.215850830078125, 15.911734342575073, 31.26854372024536, 30.954185485839844, 17.145235061645508, 17.867362022399902, 20.920385599136353, 48.269755363464355, 70.46675705909729, 55.59621453285217]"
85,70,4,1.328882029494311,0.0,0.0,27.529338550567626,0.809455244862851,0.0,0.0,"[np.float64(0.678032745095894), 0, np.float64(1.347759021812415), np.float64(1.29966947558316), np.float64(2.1581075381699617), np.float64(1.339948423294315), np.float64(2.0022341373262154), np.float64(2.1119087379869312), np.float64(1.3165192316771082), np.float64(1.3419058028425808), 0, np.float64(1.964309692918526), np.float64(2.7104344566029606), np.float64(0.7859712656393735), np.float64(2.119716387184103), np.float64(0.7226844939253112), np.float64(1.9694784363847355), 0, np.float64(2.047362471758578), np.float64(0.6615982716840505)]","[0, 0, 0, 0, 0, 0, 0, 0, 0, 0, 0, 0, 0, 0, 0, 0, 0, 0, 0, 0]","[0, 0, 0, 0, 0, 0, 0, 0, 0, 0, 0, 0, 0, 0, 0, 0, 0, 0, 0, 0]","[23.90799331665039, 56.75874662399292, 84.59195899963379, 70.78677177429199, 35.68782830238342, 33.97731328010559, 24.56747817993164, 15.43834400177002, 15.809865713119507, 15.73561716079712, 15.458377122879028, 24.054224967956543, 15.919238090515137, 15.405272006988525, 15.139191389083862, 16.13782024383545, 18.276212453842163, 21.8492271900177, 15.336560010910034, 15.748730182647705]"
85,70,5,0.8763340393669357,0.0,0.0,25.586568558216094,0.5762042522253482,0.0,0.0,"[np.float64(1.3380537585448613), np.float64(0.6775058270868644), np.float64(0.6859243088732225), 0, np.float64(1.394211113155453), np.float64(1.4201922634059023), 0, np.float64(1.2894064499776305), np.float64(0.6221659003628707), np.float64(1.3081518575207947), np.float64(0.7742989239100777), np.float64(1.3649094706516665), 0, np.float64(0.6651462503628797), np.float64(0.7033611718682207), np.float64(1.3647177447740655), 0, np.float64(1.9663458968383778), np.float64(1.2855921733022828), np.float64(0.6666976767035423)]","[0, 0, 0, 0, 0, 0, 0, 0, 0, 0, 0, 0, 0, 0, 0, 0, 0, 0, 0, 0]","[0, 0, 0, 0, 0, 0, 0, 0, 0, 0, 0, 0, 0, 0, 0, 0, 0, 0, 0, 0]","[17.403769731521606, 23.558776140213013, 28.55178165435791, 18.367095947265625, 16.093402862548828, 16.07679772377014, 117.6806206703186, 29.17313265800476, 33.44637417793274, 17.401591062545776, 15.91550326347351, 16.172093868255615, 15.810396909713745, 25.29639434814453, 20.94376277923584, 15.83725881576538, 16.329206228256226, 16.50083827972412, 22.35472083091736, 28.817853212356567]"
85,70,6,1.0049637383750416,0.0,0.0,20.379769670963288,0.628437466515976,0.0,0.0,"[np.float64(1.8822505102969809), np.float64(1.289986804849175), np.float64(0.7311009173327331), np.float64(0.6449167329343101), np.float64(0.6715661500811477), np.float64(0.6560373355660544), np.float64(0.6488306449729253), np.float64(0.6619568452885324), np.float64(0.6396070157883967), 0, np.float64(0.6917076063625919), np.float64(0.6715359389841511), np.float64(0.6422193302890162), np.float64(2.552430138788048), np.float64(0.7039731350224682), np.float64(1.9109953923792828), np.float64(1.309129569502815), np.float64(0.6529501770273618), np.float64(1.97375352743898), np.float64(1.1643269945958616)]","[0, 0, 0, 0, 0, 0, 0, 0, 0, 0, 0, 0, 0, 0, 0, 0, 0, 0, 0, 0]","[0, 0, 0, 0, 0, 0, 0, 0, 0, 0, 0, 0, 0, 0, 0, 0, 0, 0, 0, 0]","[59.28739833831787, 21.716439247131348, 16.32775378227234, 17.2027006149292, 16.49330234527588, 23.793954133987427, 22.416049480438232, 16.45471501350403, 17.271838188171387, 16.75340723991394, 22.013963222503662, 19.91233539581299, 15.993651151657104, 17.128602027893066, 17.220625638961792, 19.73133683204651, 18.214686393737793, 16.6519513130188, 16.657137870788574, 16.35354518890381]"
90,60,4,0.7524379230162797,0.0,0.0,19.094567120075226,0.6418759530991497,0.0,0.0,"[0, 0, np.float64(1.2849645031589856), np.float64(0.7055667199865279), np.float64(1.36851630377322), 0, np.float64(0.6823126099523723), np.float64(0.6219619064053196), np.float64(0.6357350553942851), np.float64(1.938957143064276), np.float64(0.6553372638064174), 0, 0, np.float64(0.685221315720267), np.float64(1.9488626614043858), 0, np.float64(1.2717627530937412), np.float64(1.3218852185939005), np.float64(1.2750152946961584), np.float64(0.652659711275737)]","[0, 0, 0, 0, 0, 0, 0, 0, 0, 0, 0, 0, 0, 0, 0, 0, 0, 0, 0, 0]","[0, 0, 0, 0, 0, 0, 0, 0, 0, 0, 0, 0, 0, 0, 0, 0, 0, 0, 0, 0]","[19.060089111328125, 19.303213119506836, 15.128769397735596, 15.177008152008057, 15.442261219024658, 16.84836769104004, 20.749342441558838, 16.98274827003479, 17.828124284744263, 21.516493320465088, 39.89706254005432, 31.340182304382324, 15.853901624679565, 15.634565353393555, 15.148929357528687, 15.594284296035767, 22.46096110343933, 18.13033151626587, 14.961983680725098, 14.832723617553711]"
90,60,5,0.7173266522606107,0.0,0.0,20.37537227869034,0.7907486016377671,0.0,0.0,"[np.float64(0.6461961131356775), np.float64(1.404910524190776), 0, 0, np.float64(1.2606851411477562), 0, np.float64(0.6853350825674285), 0, np.float64(0.6986324862617675), 0, 0, 0, np.float64(1.424344221098405), np.float64(1.9994498267645495), np.float64(1.3765022073312296), np.float64(0.630580002146676), np.float64(0.7065767776760428), 0, np.float64(2.815713050155596), np.float64(0.6976076127363083)]","[0, 0, 0, 0, 0, 0, 0, 0, 0, 0, 0, 0, 0, 0, 0, 0, 0, 0, 0, 0]","[0, 0, 0, 0, 0, 0, 0, 0, 0, 0, 0, 0, 0, 0, 0, 0, 0, 0, 0, 0]","[15.630652904510498, 16.267720937728882, 30.448049783706665, 23.573113918304443, 15.793519735336304, 15.722929000854492, 15.597943305969238, 22.16335678100586, 24.127456426620483, 16.03101348876953, 16.113922357559204, 16.073540210723877, 15.8929922580719, 39.0906023979187, 28.006304025650024, 16.183245420455933, 16.26639747619629, 15.49061393737793, 21.070605754852295, 27.963465452194214]"
90,60,6,0.7641919818194675,0.0,0.0,21.904782223701478,0.7330457427301308,0.0,0.0,"[0, np.float64(0.6385645515987219), 0, 0, 0, np.float64(1.2926668478952343), np.float64(0.6793625584652699), np.float64(1.3561742194549704), np.float64(0.6551543193995206), np.float64(0.6560744440607079), np.float64(2.0681328932853096), 0, np.float64(0.6460853763639754), np.float64(1.287754889645378), np.float64(0.6506634435649948), np.float64(0.6430625092778218), np.float64(1.3060275097207052), np.float64(0.7118858759203976), 0, np.float64(2.6922301977363414)]","[0, 0, 0, 0, 0, 0, 0, 0, 0, 0, 0, 0, 0, 0, 0, 0, 0, 0, 0, 0]","[0, 0, 0, 0, 0, 0, 0, 0, 0, 0, 0, 0, 0, 0, 0, 0, 0, 0, 0, 0]","[24.106776475906372, 21.741594314575195, 25.16278839111328, 27.906505823135376, 19.894689083099365, 16.50227403640747, 16.460153341293335, 20.114177703857422, 32.53234100341797, 23.81179118156433, 19.360119342803955, 16.684710025787354, 24.04099678993225, 38.60874938964844, 16.82841944694519, 16.910311698913574, 17.899518489837646, 16.960832834243774, 23.8825786113739, 18.68631649017334]"
90,65,4,0.6860984579127151,0.0,0.0,27.472561728954314,0.6681352393435749,0.0,0.0,"[0, np.float64(1.2798251599466575), 0, 0, np.float64(0.6632469088222582), 0, np.float64(0.6562618381927959), np.float64(2.016121790292531), np.float64(0.6516634659562687), 0, 0, np.float64(0.5892268383458233), np.float64(1.284374509072458), np.float64(0.6553195946964387), np.float64(0.6190648054127239), 0, np.float64(0.6471468088288188), np.float64(2.0899948185442008), np.float64(1.2733583440436556), np.float64(1.2963642760996712)]","[0, 0, 0, 0, 0, 0, 0, 0, 0, 0, 0, 0, 0, 0, 0, 0, 0, 0, 0, 0]","[0, 0, 0, 0, 0, 0, 0, 0, 0, 0, 0, 0, 0, 0, 0, 0, 0, 0, 0, 0]","[14.967823266983032, 15.061586618423462, 15.812095165252686, 17.876421689987183, 21.481215238571167, 15.701087474822998, 18.597782850265503, 15.467536926269531, 19.470601558685303, 25.626799821853638, 18.536253213882446, 15.128466606140137, 15.164621353149414, 14.970309257507324, 16.369126558303833, 149.93307876586914, 29.71469759941101, 24.969475030899048, 28.84828281402588, 55.75397276878357]"
90,65,5,0.7551857402493354,0.0,0.0,24.1965763092041,0.4850414259894469,0.0,0.0,"[np.float64(0.5961867121466805), np.float64(0.5822311784311722), np.float64(0.6587854101495018), np.float64(0.7193710831886707), np.float64(0.6615906837255775), np.float64(1.3163506394417548), np.float64(1.9121351504709905), 0, np.float64(0.6513463866005796), np.float64(0.6263638884028994), 0, np.float64(0.6923723091158773), np.float64(0.6643909051095102), np.float64(0.6427834709640737), np.float64(1.276155547334484), np.float64(1.3888564322920056), np.float64(0.7068592882939346), 0, np.float64(0.7040641187330047), np.float64(1.3038716005859905)]","[0, 0, 0, 0, 0, 0, 0, 0, 0, 0, 0, 0, 0, 0, 0, 0, 0, 0, 0, 0]","[0, 0, 0, 0, 0, 0, 0, 0, 0, 0, 0, 0, 0, 0, 0, 0, 0, 0, 0, 0]","[70.89637541770935, 54.380287408828735, 25.478193521499634, 15.996068239212036, 15.975490093231201, 15.909656763076782, 25.32895517349243, 32.057743072509766, 16.342538118362427, 17.02613925933838, 15.175971746444702, 18.022268533706665, 25.892507076263428, 15.502480745315552, 15.45715880393982, 15.860418558120728, 15.246263027191162, 28.92682456970215, 27.916645050048828, 16.539541006088257]"
90,65,6,0.7951201848380314,0.0,0.0,17.530015695095063,0.5502064697459292,0.0,0.0,"[np.float64(0.6667292144406844), np.float64(1.327151515405971), np.float64(1.3613620899334575), 0, 0, np.float64(1.3243201232785098), np.float64(1.2740245380507167), np.float64(1.3075138603183234), np.float64(1.319820178240795), 0, np.float64(0.7202125257944928), np.float64(0.6571848151598122), np.float64(1.3768658677974928), np.float64(0.6423089024272342), np.float64(1.3782730175699975), 0, np.float64(0.7186578211596804), np.float64(0.6287577395434778), np.float64(1.199221487639983), 0]","[0, 0, 0, 0, 0, 0, 0, 0, 0, 0, 0, 0, 0, 0, 0, 0, 0, 0, 0, 0]","[0, 0, 0, 0, 0, 0, 0, 0, 0, 0, 0, 0, 0, 0, 0, 0, 0, 0, 0, 0]","[16.369436025619507, 15.980492115020752, 16.76374626159668, 19.728474617004395, 16.479949474334717, 16.022017002105713, 15.626276016235352, 15.811684846878052, 24.803340435028076, 17.116875171661377, 15.763545751571655, 15.72177529335022, 16.612675428390503, 20.634512424468994, 17.412045001983643, 16.557743072509766, 16.31518292427063, 16.92541790008545, 22.969656467437744, 16.985467672348022]"
90,70,4,0.7978381967392268,0.0,0.0,16.418933701515197,0.7341915338117507,0.0,0.0,"[np.float64(1.306968892581955), np.float64(1.3607749714626143), np.float64(0.701371429518693), np.float64(1.2692077054002708), 0, np.float64(2.0873285418724397), np.float64(0.6741068278686153), np.float64(1.3687651567036367), np.float64(1.931950674690121), 0, np.float64(1.9554815462070336), np.float64(1.331358446715658), np.float64(0.6102393275806228), np.float64(0.6860319877286677), 0, np.float64(0.6731784264542086), 0, 0, 0, 0]","[0, 0, 0, 0, 0, 0, 0, 0, 0, 0, 0, 0, 0, 0, 0, 0, 0, 0, 0, 0]","[0, 0, 0, 0, 0, 0, 0, 0, 0, 0, 0, 0, 0, 0, 0, 0, 0, 0, 0, 0]","[15.598058223724365, 14.68113899230957, 14.876003980636597, 15.831709861755371, 23.292832851409912, 15.26255989074707, 15.640854358673096, 15.388436555862427, 15.097071647644043, 19.01425290107727, 21.045693397521973, 15.512794494628906, 15.554595232009888, 15.548443794250488, 17.43179726600647, 17.667907238006592, 16.019704818725586, 15.419409036636353, 14.878259181976318, 14.61715030670166]"
90,70,5,0.9941000817216787,0.0,0.0,19.633696210384368,0.7323774014521188,0.0,0.0,"[np.float64(0.6316942374522031), np.float64(2.054425487832847), 0, np.float64(1.3251051328015975), 0, 0, np.float64(0.5975222775560616), np.float64(0.6619267461718301), np.float64(0.6587795031549405), np.float64(1.3324269920586609), np.float64(1.8870211111831956), np.float64(2.1235908372315553), np.float64(2.618854235697961), np.float64(1.3153328393528163), np.float64(0.6641062607255974), np.float64(0.7296637641711666), np.float64(0.6536802918978318), np.float64(0.6391149280996312), np.float64(1.2492751402490199), np.float64(0.7394818487966596)]","[0, 0, 0, 0, 0, 0, 0, 0, 0, 0, 0, 0, 0, 0, 0, 0, 0, 0, 0, 0]","[0, 0, 0, 0, 0, 0, 0, 0, 0, 0, 0, 0, 0, 0, 0, 0, 0, 0, 0, 0]","[19.966508865356445, 17.23985505104065, 15.927061557769775, 15.337990283966064, 15.893482446670532, 16.42036485671997, 19.38523840904236, 17.68698024749756, 15.632696628570557, 15.469635725021362, 16.421645641326904, 39.594929218292236, 21.433945178985596, 20.03911328315735, 23.501585006713867, 34.396438121795654, 19.57724928855896, 18.412177085876465, 15.26863408088684, 15.068393230438232]"
90,70,6,0.5638394346776914,0.0,0.0,18.445508539676666,0.5804669606283455,0.0,0.0,"[np.float64(0.6605536430181101), 0, np.float64(0.6349097482423599), np.float64(0.6915458009087497), 0, np.float64(1.3578047957543016), 0, 0, np.float64(0.6140105362185453), np.float64(1.992586425380533), np.float64(1.283150844366383), 0, np.float64(0.6367573182147667), 0, np.float64(1.3162086043817107), 0, np.float64(0.6677193847257832), 0, np.float64(0.7845714265389033), np.float64(0.6369701658036814)]","[0, 0, 0, 0, 0, 0, 0, 0, 0, 0, 0, 0, 0, 0, 0, 0, 0, 0, 0, 0]","[0, 0, 0, 0, 0, 0, 0, 0, 0, 0, 0, 0, 0, 0, 0, 0, 0, 0, 0, 0]","[15.624123334884644, 18.59963083267212, 31.758087635040283, 16.080947875976562, 17.745489597320557, 16.17215895652771, 16.150531768798828, 22.65913963317871, 18.23687219619751, 16.122617483139038, 16.044211864471436, 16.258857011795044, 19.5227530002594, 17.47443199157715, 15.709250688552856, 15.888505697250366, 16.150092840194702, 20.41349148750305, 26.191644430160522, 16.107332468032837]"
95,60,4,0.15722486287166862,0.0,0.0,21.375083112716673,0.2795720621923372,0.0,0.0,"[0, 0, 0, np.float64(0.6319237930559297), 0, np.float64(0.6478586475960465), 0, 0, 0, 0, 0, np.float64(0.5923358324862106), np.float64(0.6307587679317495), np.float64(0.6416202163634361), 0, 0, 0, 0, 0, 0]","[0, 0, 0, 0, 0, 0, 0, 0, 0, 0, 0, 0, 0, 0, 0, 0, 0, 0, 0, 0]","[0, 0, 0, 0, 0, 0, 0, 0, 0, 0, 0, 0, 0, 0, 0, 0, 0, 0, 0, 0]","[14.899180889129639, 14.959432125091553, 15.595108270645142, 22.35310697555542, 15.934234857559204, 15.204176902770996, 14.416039228439331, 123.43598651885986, 23.649937629699707, 15.649130821228027, 14.923219680786133, 14.695677042007446, 14.512927055358887, 16.990586757659912, 15.014598846435547, 14.8526029586792, 15.219375371932983, 15.29508352279663, 15.108376264572144, 14.792880535125732]"
95,60,5,0.428589571680723,0.0,0.0,16.18270832300186,0.49989382297840557,0.0,0.0,"[np.float64(0.6574929900467305), 0, np.float64(0.6518825318805145), np.float64(1.2936822430832728), np.float64(0.6641860464350441), np.float64(0.6411203064283548), 0, np.float64(1.359912779559893), 0, 0, 0, 0, 0, np.float64(0.6582282384869788), 0, 0, np.float64(0.642143238526664), np.float64(1.4123373548296954), 0, np.float64(0.5908057043373119)]","[0, 0, 0, 0, 0, 0, 0, 0, 0, 0, 0, 0, 0, 0, 0, 0, 0, 0, 0, 0]","[0, 0, 0, 0, 0, 0, 0, 0, 0, 0, 0, 0, 0, 0, 0, 0, 0, 0, 0, 0]","[15.623357772827148, 15.736780643463135, 15.458592891693115, 15.604339122772217, 16.019279956817627, 15.62475037574768, 15.401528358459473, 16.067203760147095, 15.754372358322144, 16.78819990158081, 16.972672700881958, 15.591578960418701, 16.16374444961548, 17.54451036453247, 17.658145904541016, 15.304746627807617, 16.13839602470398, 15.703097343444824, 17.180459022521973, 17.31840991973877]"
95,60,6,0.4552122540151401,0.0,0.0,16.7942636013031,0.46918008807611356,0.0,0.0,"[np.float64(1.2795995364871846), 0, 0, 0, 0, np.float64(0.6317737173440403), 0, np.float64(1.2645732737501951), 0, np.float64(0.6307083314846055), 0, np.float64(1.2426756088092394), np.float64(0.6827760437517365), np.float64(0.6428173649422964), np.float64(0.669205386563248), np.float64(0.6491267294372266), 0, np.float64(0.6550213838423882), 0, np.float64(0.7559677038906407)]","[0, 0, 0, 0, 0, 0, 0, 0, 0, 0, 0, 0, 0, 0, 0, 0, 0, 0, 0, 0]","[0, 0, 0, 0, 0, 0, 0, 0, 0, 0, 0, 0, 0, 0, 0, 0, 0, 0, 0, 0]","[16.55239772796631, 17.104828119277954, 16.773051500320435, 16.932462453842163, 16.467355728149414, 16.869307041168213, 16.84125852584839, 16.37201476097107, 16.294018268585205, 16.113507986068726, 17.780876398086548, 16.755868434906006, 16.609339237213135, 16.93703603744507, 16.33194375038147, 15.963261604309082, 16.6832275390625, 16.978430032730103, 16.78088402748108, 18.744202852249146]"
95,65,4,0.294874948368966,0.0,0.0,16.176797139644624,0.4488936632708217,0.0,0.0,"[0, 0, np.float64(0.6038592896369146), np.float64(0.6823505588469992), 0, 0, np.float64(0.6417948495912058), 0, np.float64(0.7043655954339337), np.float64(0.6597088499875269), 0, np.float64(1.2989845155591533), 0, 0, 0, 0, np.float64(1.3064353083235858), 0, 0, 0]","[0, 0, 0, 0, 0, 0, 0, 0, 0, 0, 0, 0, 0, 0, 0, 0, 0, 0, 0, 0]","[0, 0, 0, 0, 0, 0, 0, 0, 0, 0, 0, 0, 0, 0, 0, 0, 0, 0, 0, 0]","[16.98263931274414, 20.732199907302856, 20.518261432647705, 17.03085422515869, 17.96638250350952, 15.652855157852173, 15.303430795669556, 17.307576179504395, 15.682830572128296, 15.825850486755371, 14.990520715713501, 14.881916999816895, 15.147415161132812, 15.17065715789795, 14.914883613586426, 14.834566593170166, 15.142117261886597, 15.188894748687744, 15.385940074920654, 14.876149892807007]"
95,65,5,0.32017545983020446,0.0,0.0,24.382578635215758,0.3862839563563679,0.0,0.0,"[0, 0, np.float64(0.6420888506410113), np.float64(0.6505546278423235), np.float64(0.7230329004215909), np.float64(0.6568813839976321), np.float64(0.6209401169543268), np.float64(1.2453138735002007), 0, 0, 0, 0, 0, 0, np.float64(0.6319206152335286), 0, np.float64(0.6154742086951246), np.float64(0.6173026193183507), 0, 0]","[0, 0, 0, 0, 0, 0, 0, 0, 0, 0, 0, 0, 0, 0, 0, 0, 0, 0, 0, 0]","[0, 0, 0, 0, 0, 0, 0, 0, 0, 0, 0, 0, 0, 0, 0, 0, 0, 0, 0, 0]","[15.323936939239502, 15.799938440322876, 15.484682559967041, 16.176401615142822, 24.10891628265381, 59.174537658691406, 39.09037518501282, 15.460649013519287, 50.5647132396698, 27.44677972793579, 36.485384464263916, 29.67987084388733, 22.001682996749878, 16.16573429107666, 16.206450939178467, 15.792261362075806, 18.139896869659424, 21.70926594734192, 15.997288703918457, 16.84280562400818]"
95,65,6,0.16386658212650534,0.0,0.0,19.20152622461319,0.2915710331896453,0.0,0.0,"[0, np.float64(0.6439402069978448), 0, np.float64(0.6321813966954345), 0, 0, 0, 0, 0, 0, 0, 0, np.float64(0.7115714947928623), 0, 0, 0, 0, np.float64(0.6387066863646658), np.float64(0.6509318576792996), 0]","[0, 0, 0, 0, 0, 0, 0, 0, 0, 0, 0, 0, 0, 0, 0, 0, 0, 0, 0, 0]","[0, 0, 0, 0, 0, 0, 0, 0, 0, 0, 0, 0, 0, 0, 0, 0, 0, 0, 0, 0]","[17.439345836639404, 16.602594137191772, 26.61603808403015, 18.408287048339844, 16.50642442703247, 16.26336932182312, 16.082822561264038, 29.68956422805786, 18.46560025215149, 16.230720043182373, 15.744251489639282, 15.900884628295898, 24.173271656036377, 29.186588287353516, 17.263926029205322, 16.612218618392944, 16.258761167526245, 20.152284383773804, 20.469091176986694, 15.964481115341187]"
95,70,4,0.4501799785501475,0.0,0.0,22.35607147216797,0.5936167062791692,0.0,0.0,"[np.float64(0.629957935772618), np.float64(0.6621243491931806), 0, 0, np.float64(0.6481484255710698), np.float64(1.2906779636948793), np.float64(0.6517478464370955), np.float64(1.2167512836158545), np.float64(0.6434708465528233), 0, np.float64(1.3206754801498752), np.float64(1.940045440015554), 0, 0, 0, 0, 0, 0, 0, 0]","[0, 0, 0, 0, 0, 0, 0, 0, 0, 0, 0, 0, 0, 0, 0, 0, 0, 0, 0, 0]","[0, 0, 0, 0, 0, 0, 0, 0, 0, 0, 0, 0, 0, 0, 0, 0, 0, 0, 0, 0]","[14.678665399551392, 14.592652320861816, 15.838725090026855, 131.56469869613647, 15.007574796676636, 15.41971492767334, 15.14985728263855, 14.84368085861206, 20.424805879592896, 16.842975854873657, 14.836740493774414, 18.753199338912964, 14.498360633850098, 14.656389951705933, 20.62710976600647, 29.85082221031189, 14.94896912574768, 14.861013889312744, 14.804039716720581, 14.921433210372925]"
95,70,5,0.15521413572285842,0.0,0.0,17.581100344657898,0.2778855351714506,0.0,0.0,"[0, 0, 0, np.float64(0.7086533432616984), 0, 0, 0, 0, 0, 0, 0, 0, 0, 0, np.float64(0.5053669809614182), 0, 0, np.float64(0.6224682420510661), np.float64(0.6463978990468322), np.float64(0.6213962491361535)]","[0, 0, 0, 0, 0, 0, 0, 0, 0, 0, 0, 0, 0, 0, 0, 0, 0, 0, 0, 0]","[0, 0, 0, 0, 0, 0, 0, 0, 0, 0, 0, 0, 0, 0, 0, 0, 0, 0, 0, 0]","[24.197930097579956, 20.097402572631836, 15.338622808456421, 16.555574655532837, 17.38279366493225, 22.31462812423706, 21.331255435943604, 15.558347702026367, 15.400052785873413, 15.314445495605469, 16.679529428482056, 21.714701175689697, 15.89905333518982, 15.35507583618164, 15.477635622024536, 15.465735673904419, 18.230336904525757, 17.90322470664978, 15.992982625961304, 15.412678241729736]"
95,70,6,0.45047849122483863,0.0,0.0,18.459899616241454,0.5203981765644503,0.0,0.0,"[np.float64(1.2647322425541168), np.float64(1.2658711709559505), 0, np.float64(0.6391083858578965), np.float64(0.6486033998108502), np.float64(1.2915811708983476), np.float64(1.3882204530627276), np.float64(0.6368042424524878), 0, np.float64(0.6198122405535912), np.float64(0.6452071390084848), 0, 0, 0, np.float64(0.6096293793423201), 0, 0, 0, 0, 0]","[0, 0, 0, 0, 0, 0, 0, 0, 0, 0, 0, 0, 0, 0, 0, 0, 0, 0, 0, 0]","[0, 0, 0, 0, 0, 0, 0, 0, 0, 0, 0, 0, 0, 0, 0, 0, 0, 0, 0, 0]","[16.08791446685791, 24.289893627166748, 27.27800726890564, 15.663097858428955, 16.053416967391968, 16.96546959877014, 18.38381576538086, 17.029879808425903, 16.086859226226807, 15.719196081161499, 16.43378520011902, 18.50245499610901, 23.781006813049316, 16.504546880722046, 22.916625261306763, 16.22990918159485, 19.982630729675293, 18.410126209259033, 15.864370107650757, 17.014986276626587]"
100,60,4,0.0,0.0,0.0,20.579240095615386,0.0,0.0,0.0,"[0, 0, 0, 0, 0, 0, 0, 0, 0, 0, 0, 0, 0, 0, 0, 0, 0, 0, 0, 0]","[0, 0, 0, 0, 0, 0, 0, 0, 0, 0, 0, 0, 0, 0, 0, 0, 0, 0, 0, 0]","[0, 0, 0, 0, 0, 0, 0, 0, 0, 0, 0, 0, 0, 0, 0, 0, 0, 0, 0, 0]","[15.097432374954224, 20.25163459777832, 21.887795448303223, 14.98652458190918, 15.106679439544678, 16.59316110610962, 15.608371496200562, 33.139273166656494, 23.632768154144287, 17.432337284088135, 16.28326654434204, 16.257484197616577, 15.635866165161133, 46.29174733161926, 25.203830003738403, 15.021422386169434, 15.489364624023438, 18.228940963745117, 24.117172479629517, 25.319729566574097]"
100,60,5,0.0,0.0,0.0,19.83278081417084,0.0,0.0,0.0,"[0, 0, 0, 0, 0, 0, 0, 0, 0, 0, 0, 0, 0, 0, 0, 0, 0, 0, 0, 0]","[0, 0, 0, 0, 0, 0, 0, 0, 0, 0, 0, 0, 0, 0, 0, 0, 0, 0, 0, 0]","[0, 0, 0, 0, 0, 0, 0, 0, 0, 0, 0, 0, 0, 0, 0, 0, 0, 0, 0, 0]","[15.764907360076904, 16.258880376815796, 16.108110427856445, 15.64818286895752, 19.035001039505005, 16.012234926223755, 15.629757404327393, 18.2036030292511, 20.53781270980835, 28.657718658447266, 28.67191243171692, 18.237339973449707, 15.673558473587036, 16.5271053314209, 16.197611093521118, 27.81155037879944, 19.87061858177185, 24.744155406951904, 20.80228281021118, 26.263273000717163]"
100,60,6,0.0,0.0,0.0,28.43545491695404,0.0,0.0,0.0,"[0, 0, 0, 0, 0, 0, 0, 0, 0, 0, 0, 0, 0, 0, 0, 0, 0, 0, 0, 0]","[0, 0, 0, 0, 0, 0, 0, 0, 0, 0, 0, 0, 0, 0, 0, 0, 0, 0, 0, 0]","[0, 0, 0, 0, 0, 0, 0, 0, 0, 0, 0, 0, 0, 0, 0, 0, 0, 0, 0, 0]","[37.08414554595947, 54.16326093673706, 66.75448060035706, 59.65472102165222, 38.43905854225159, 28.17348051071167, 18.739169120788574, 15.638157367706299, 25.824559211730957, 28.7960307598114, 15.737844944000244, 15.656116008758545, 15.730135679244995, 15.578482866287231, 18.14042568206787, 35.65979886054993, 16.034705877304077, 16.679685354232788, 16.82065176963806, 29.40418767929077]"
100,65,4,0.0,0.0,0.0,22.10720592737198,0.0,0.0,0.0,"[0, 0, 0, 0, 0, 0, 0, 0, 0, 0, 0, 0, 0, 0, 0, 0, 0, 0, 0, 0]","[0, 0, 0, 0, 0, 0, 0, 0, 0, 0, 0, 0, 0, 0, 0, 0, 0, 0, 0, 0]","[0, 0, 0, 0, 0, 0, 0, 0, 0, 0, 0, 0, 0, 0, 0, 0, 0, 0, 0, 0]","[16.407191038131714, 14.902996301651001, 123.75424981117249, 15.226088047027588, 23.017351627349854, 15.59114408493042, 15.464752912521362, 14.9076669216156, 15.005492925643921, 22.541549682617188, 20.40825390815735, 14.937870025634766, 14.885907649993896, 14.441287994384766, 17.87975287437439, 23.872661113739014, 14.956241130828857, 14.569334983825684, 14.724573850631714, 14.649751663208008]"
100,65,5,0.0,0.0,0.0,19.9242396235466,0.0,0.0,0.0,"[0, 0, 0, 0, 0, 0, 0, 0, 0, 0, 0, 0, 0, 0, 0, 0, 0, 0, 0, 0]","[0, 0, 0, 0, 0, 0, 0, 0, 0, 0, 0, 0, 0, 0, 0, 0, 0, 0, 0, 0]","[0, 0, 0, 0, 0, 0, 0, 0, 0, 0, 0, 0, 0, 0, 0, 0, 0, 0, 0, 0]","[24.244038581848145, 18.275041818618774, 16.919046878814697, 18.25624942779541, 19.496326684951782, 19.603412866592407, 23.801242351531982, 15.788093090057373, 17.164151191711426, 16.690662384033203, 17.469493627548218, 20.787745714187622, 22.04775857925415, 18.217042207717896, 26.01173758506775, 32.92511343955994, 23.531474590301514, 15.989684581756592, 15.960852146148682, 15.305624723434448]"
100,65,6,0.0,0.0,0.0,22.653262293338777,0.0,0.0,0.0,"[0, 0, 0, 0, 0, 0, 0, 0, 0, 0, 0, 0, 0, 0, 0, 0, 0, 0, 0, 0]","[0, 0, 0, 0, 0, 0, 0, 0, 0, 0, 0, 0, 0, 0, 0, 0, 0, 0, 0, 0]","[0, 0, 0, 0, 0, 0, 0, 0, 0, 0, 0, 0, 0, 0, 0, 0, 0, 0, 0, 0]","[16.838046073913574, 19.85868811607361, 16.57892417907715, 18.38406014442444, 29.967963695526123, 58.792561769485474, 33.9368622303009, 21.659390211105347, 19.516153812408447, 19.7554349899292, 23.91675114631653, 26.415769338607788, 21.94930624961853, 16.51306962966919, 16.1257061958313, 16.034512758255005, 19.224165201187134, 23.71585726737976, 17.053935289382935, 16.82808756828308]"
100,70,4,0.0,0.0,0.0,15.912346649169923,0.0,0.0,0.0,"[0, 0, 0, 0, 0, 0, 0, 0, 0, 0, 0, 0, 0, 0, 0, 0, 0, 0, 0, 0]","[0, 0, 0, 0, 0, 0, 0, 0, 0, 0, 0, 0, 0, 0, 0, 0, 0, 0, 0, 0]","[0, 0, 0, 0, 0, 0, 0, 0, 0, 0, 0, 0, 0, 0, 0, 0, 0, 0, 0, 0]","[15.249623775482178, 17.44245958328247, 17.515721082687378, 14.638213634490967, 14.569269180297852, 14.719118118286133, 14.755616903305054, 18.456305503845215, 17.46306014060974, 16.012677431106567, 17.466797351837158, 14.202309370040894, 15.024741649627686, 17.80094599723816, 15.04541277885437, 14.820146560668945, 15.02726411819458, 14.759219408035278, 16.66890549659729, 16.609124898910522]"
100,70,5,0.0,0.0,0.0,16.631328809261323,0.0,0.0,0.0,"[0, 0, 0, 0, 0, 0, 0, 0, 0, 0, 0, 0, 0, 0, 0, 0, 0, 0, 0, 0]","[0, 0, 0, 0, 0, 0, 0, 0, 0, 0, 0, 0, 0, 0, 0, 0, 0, 0, 0, 0]","[0, 0, 0, 0, 0, 0, 0, 0, 0, 0, 0, 0, 0, 0, 0, 0, 0, 0, 0, 0]","[15.106588125228882, 16.138176679611206, 15.65073013305664, 16.504194498062134, 20.490960359573364, 17.088496208190918, 16.341588020324707, 16.041850328445435, 15.88232421875, 19.426570653915405, 16.602965831756592, 15.96282696723938, 15.695930242538452, 16.317969799041748, 20.370487689971924, 16.07177495956421, 16.292072772979736, 15.502139806747437, 15.503039836883545, 15.635889053344727]"
100,70,6,0.0,0.0,0.0,16.308123457431794,0.0,0.0,0.0,"[0, 0, 0, 0, 0, 0, 0, 0, 0, 0, 0, 0, 0, 0, 0, 0, 0, 0, 0, 0]","[0, 0, 0, 0, 0, 0, 0, 0, 0, 0, 0, 0, 0, 0, 0, 0, 0, 0, 0, 0]","[0, 0, 0, 0, 0, 0, 0, 0, 0, 0, 0, 0, 0, 0, 0, 0, 0, 0, 0, 0]","[17.38282036781311, 16.33792495727539, 15.774617195129395, 15.943217992782593, 15.85224962234497, 16.56200408935547, 15.812865972518921, 16.318135261535645, 15.962374925613403, 17.528924226760864, 17.590683221817017, 16.172292232513428, 15.861847162246704, 16.08758854866028, 15.865396738052368, 17.406845569610596, 15.746165037155151, 15.948457956314087, 15.946795225143433, 16.061262845993042]"
