corrupt_mixes,threshold,n_hops,mean_entropy,median_entropy,q25_entropy,simulation_time,std_mean,std_median,std_q25,raw_means,raw_medians,raw_q25s,raw_times
10,60,4,9.726270566820004,10.11682307233959,9.839689425105611,21.854710471630096,0.5346890048548109,0.1799353123056756,0.23717678563900269,"[np.float64(10.104109368945004), np.float64(10.183516488096982), np.float64(10.26083484731353), np.float64(9.156519376997151), np.float64(10.180120625125404), np.float64(9.146801066624377), np.float64(10.18778349755339), np.float64(10.130681686158555), np.float64(10.145605388497918), np.float64(8.959186514121496), np.float64(8.958967144698798), np.float64(9.14085428728846), np.float64(9.060696289272771), np.float64(10.045580717040707), np.float64(9.128785545448276), np.float64(10.07914895633826), np.float64(10.236847156401513), np.float64(9.20182601947112), np.float64(10.087529648258883), np.float64(10.130016712747484)]","[np.float64(10.3389388533857), np.float64(10.218829246423011), np.float64(10.293082034625952), np.float64(10.138815947892779), np.float64(10.182578355772431), np.float64(9.974994390077784), np.float64(10.26182745051948), np.float64(10.198598076924386), np.float64(10.151132258986749), np.float64(9.682351670278758), np.float64(9.716673952285761), np.float64(10.072418087229327), np.float64(9.90868391477383), np.float64(10.05491699315979), np.float64(10.065458327532811), np.float64(10.144494873066073), np.float64(10.288559042804776), np.float64(10.199311062179326), np.float64(10.294964499772716), np.float64(10.149832409100384)]","[np.float64(9.753130621461196), np.float64(9.975004207174047), np.float64(10.090347695927266), np.float64(9.765947875689342), np.float64(10.087870189742018), np.float64(9.638839110014239), np.float64(10.087573951325263), np.float64(10.05688561041222), np.float64(10.04206659543528), np.float64(9.384067176764244), np.float64(9.4485418626383), np.float64(9.642237932235155), np.float64(9.524607201713648), np.float64(9.98734494556588), np.float64(9.527765242522037), np.float64(10.049237923892317), np.float64(9.895708283299328), np.float64(9.825312801795267), np.float64(10.04392553356986), np.float64(9.967373740935333)]","[22.385664701461792, 22.114470958709717, 21.966966152191162, 21.79766035079956, 22.090445518493652, 22.185724020004272, 21.78477931022644, 22.52785849571228, 22.13766312599182, 22.14180850982666, 21.28378915786743, 20.86570382118225, 21.386913299560547, 21.8828067779541, 22.076486349105835, 21.50439143180847, 21.193732500076294, 21.520256519317627, 22.255895853042603, 21.99119257926941]"
10,60,5,10.351281068079905,10.628043622953713,10.379093875547124,23.669901537895203,0.5280379349769674,0.11758736850001614,0.16186903742957082,"[np.float64(10.750593515628212), np.float64(10.665000648248096), np.float64(10.612877717745048), np.float64(10.74650068435485), np.float64(10.44374751585144), np.float64(10.476635385220039), np.float64(8.737469712425549), np.float64(10.700105812400041), np.float64(10.611593583472889), np.float64(10.42831628460586), np.float64(10.57187316496952), np.float64(10.611625434089135), np.float64(9.696785337843124), np.float64(10.549686260429212), np.float64(10.76042048151669), np.float64(10.431097669073068), np.float64(10.426837487556766), np.float64(10.618329988358692), np.float64(9.536588671808417), np.float64(9.649536006001446)]","[np.float64(10.752334760135833), np.float64(10.727320520496002), np.float64(10.6947855074285), np.float64(10.757821435357762), np.float64(10.498167794864573), np.float64(10.483973834032986), np.float64(10.469853494255695), np.float64(10.716181591228217), np.float64(10.645809618827256), np.float64(10.553657837084952), np.float64(10.65878196797829), np.float64(10.514569596313235), np.float64(10.638200575621564), np.float64(10.790685142440546), np.float64(10.803591956360707), np.float64(10.466177095094434), np.float64(10.557714027337951), np.float64(10.745011597005504), np.float64(10.474576933976305), np.float64(10.61165717323397)]","[np.float64(10.649168187729282), np.float64(10.452869159998361), np.float64(10.411606970686993), np.float64(10.643383838882635), np.float64(10.236850888036797), np.float64(10.40330673073254), np.float64(10.174735748598442), np.float64(10.539663495135569), np.float64(10.430265430990652), np.float64(10.161727220204375), np.float64(10.342501368531627), np.float64(10.341904763453652), np.float64(10.432040302974475), np.float64(10.380765675893532), np.float64(10.63403258967681), np.float64(10.101731591038728), np.float64(10.239960832824222), np.float64(10.271047110569636), np.float64(10.241576857066415), np.float64(10.492738747917752)]","[23.114192962646484, 23.611340522766113, 25.42916250228882, 22.635560274124146, 24.059343099594116, 23.84289526939392, 23.872531175613403, 22.646469354629517, 24.112824201583862, 24.04276156425476, 22.487521409988403, 24.39810538291931, 22.42989754676819, 24.044169664382935, 24.438993215560913, 23.172393560409546, 22.580575227737427, 25.113991260528564, 22.626717805862427, 24.738584756851196]"
10,60,6,10.752337483482068,10.914936054592928,10.652784657331122,25.79775599241257,0.33907096728956504,0.12740796157207301,0.13777466466538515,"[np.float64(9.90575116561101), np.float64(10.916604170310192), np.float64(10.808949535633538), np.float64(10.754754983059492), np.float64(9.984065575261015), np.float64(10.814182980119542), np.float64(10.904675431491972), np.float64(10.810337272096517), np.float64(10.902245775312936), np.float64(10.792965536860617), np.float64(10.072632299828364), np.float64(10.885429292228684), np.float64(10.97414642844994), np.float64(10.874913839202646), np.float64(10.925247886864678), np.float64(10.809851519347573), np.float64(10.891923205448826), np.float64(11.048990647888344), np.float64(10.97264249956463), np.float64(10.99643962506083)]","[np.float64(10.784170897904767), np.float64(10.960065668396856), np.float64(10.723241079413487), np.float64(10.798904739049812), np.float64(10.858216551880004), np.float64(10.814569277147175), np.float64(11.120213363188888), np.float64(10.791910660633269), np.float64(10.853482021929176), np.float64(10.759588588968976), np.float64(11.088065710401803), np.float64(10.940505257710136), np.float64(10.955816118576855), np.float64(10.895798553964301), np.float64(10.883781230040018), np.float64(11.01891162195452), np.float64(10.880884347177616), np.float64(11.178429005426597), np.float64(10.917349148349178), np.float64(11.07481724974513)]","[np.float64(10.617358358113442), np.float64(10.75114519649146), np.float64(10.510895708927322), np.float64(10.519915095582776), np.float64(10.703424379660722), np.float64(10.568800827202292), np.float64(10.578348423075617), np.float64(10.542340446672544), np.float64(10.641804436232768), np.float64(10.66055849234928), np.float64(10.90358163549444), np.float64(10.585510051179755), np.float64(10.769279291916334), np.float64(10.54497046581616), np.float64(10.733552796222028), np.float64(10.320234893568639), np.float64(10.69339268732187), np.float64(10.857774527909548), np.float64(10.761639389189884), np.float64(10.79116604369555)]","[24.07460856437683, 26.62629222869873, 24.494299173355103, 26.947471857070923, 24.691102027893066, 26.9579074382782, 24.76688551902771, 24.516149282455444, 27.904829502105713, 25.88757848739624, 26.739403247833252, 25.108562231063843, 26.359288692474365, 27.718065977096558, 25.15027904510498, 27.015815019607544, 24.446157455444336, 24.487109184265137, 27.566174507141113, 24.497140407562256]"
10,65,4,10.067195103661895,10.269454535578184,9.99437118290908,21.751286792755128,0.38307982336568736,0.11489345616099307,0.16565981199183957,"[np.float64(10.247186359459489), np.float64(9.25649467614472), np.float64(10.123252405666847), np.float64(10.270624801957986), np.float64(10.318125387052246), np.float64(10.435527715673196), np.float64(10.30545048005211), np.float64(10.129802993763326), np.float64(10.197186621315131), np.float64(10.342110734382196), np.float64(10.207759378868047), np.float64(10.094813540087051), np.float64(10.273829845478513), np.float64(9.128387220547575), np.float64(10.217059049428359), np.float64(10.066044769283964), np.float64(10.109978712067761), np.float64(10.10759701093251), np.float64(9.237428751293892), np.float64(10.27524161978299)]","[np.float64(10.3075972769217), np.float64(10.215994851104071), np.float64(10.247800512842526), np.float64(10.352909164954935), np.float64(10.447899258977909), np.float64(10.350885364145231), np.float64(10.266811716604007), np.float64(10.310033377402661), np.float64(10.127720747581554), np.float64(10.466444555225083), np.float64(10.297864815357391), np.float64(10.192774535201268), np.float64(10.344912828304112), np.float64(9.969529413233174), np.float64(10.242048451674787), np.float64(10.1878844249792), np.float64(10.299376019148792), np.float64(10.322075596312523), np.float64(10.11534245577285), np.float64(10.323185345819914)]","[np.float64(10.206781039959388), np.float64(9.857903141607974), np.float64(10.00938162953436), np.float64(10.179040933246831), np.float64(10.028429922832768), np.float64(10.299764439523488), np.float64(10.192437597244489), np.float64(9.865667359223714), np.float64(9.803340831663297), np.float64(10.132352858439802), np.float64(10.02861868674485), np.float64(9.946461714677623), np.float64(10.135942025387308), np.float64(9.780078334616789), np.float64(10.056317150272823), np.float64(9.765796874044806), np.float64(9.988588095760079), np.float64(9.70167796809504), np.float64(9.91449116969245), np.float64(9.99435188561375)]","[20.83987808227539, 23.918418645858765, 21.169185638427734, 20.869287252426147, 20.789150953292847, 24.24342632293701, 20.621249198913574, 20.88647961616516, 24.5150945186615, 20.68712306022644, 20.83594560623169, 20.549981832504272, 24.817628383636475, 20.81606364250183, 20.800451278686523, 20.92800283432007, 25.143203258514404, 20.806877374649048, 20.823825120925903, 20.964463233947754]"
10,65,5,10.379740711485645,10.738060360822322,10.421838419709491,24.106244480609895,0.5513007119688708,0.1475130429025821,0.2604627368563562,"[np.float64(10.59645155533046), np.float64(10.569742838500796), np.float64(10.767946143121355), np.float64(9.661185619500152), np.float64(10.587805562059676), np.float64(10.412617679615733), np.float64(10.682768963043602), np.float64(10.822147489270456), np.float64(10.328701744085887), np.float64(10.726290651259061), np.float64(10.546710408490863), np.float64(10.732200172108376), np.float64(10.756909712712416), np.float64(9.657574557735726), np.float64(8.807769205029562), np.float64(10.92914698161803), np.float64(9.929446653229206), np.float64(9.644527079714722), np.float64(10.787421401261385), np.float64(10.647449812025426)]","[np.float64(10.746959015342819), np.float64(10.700379162781514), np.float64(10.8599655119581), np.float64(10.738413250429367), np.float64(10.722018059096131), np.float64(10.582269098712942), np.float64(10.66616860861693), np.float64(10.884536602362825), np.float64(10.248828022075342), np.float64(10.792193904402938), np.float64(10.664997637097901), np.float64(10.743302934195711), np.float64(10.80585552684225), np.float64(10.642257123709483), np.float64(10.757842142399861), np.float64(10.902719616342397), np.float64(10.94509214482298), np.float64(10.736289669539016), np.float64(10.853159176715996), np.float64(10.767960009001957)]","[np.float64(10.147388585777755), np.float64(10.200865751123882), np.float64(10.709820356125675), np.float64(10.203798398445453), np.float64(10.478849200839221), np.float64(10.101089699747247), np.float64(10.520169858397983), np.float64(10.736928792704916), np.float64(10.15450237942324), np.float64(10.486843664796778), np.float64(10.10287210321437), np.float64(10.589340274443012), np.float64(10.698741310572064), np.float64(10.018700268256215), np.float64(10.489070509656504), np.float64(10.81380004024148), np.float64(10.690048618082269), np.float64(10.170739817884527), np.float64(10.7071577974021), np.float64(10.416040967055132)]","[26.321448802947998, 23.031721591949463, 22.560646295547485, 22.4224374294281, 26.528197288513184, 22.772563934326172, 22.700529098510742, 22.90567708015442, 27.28251886367798, 23.369279146194458, 23.5005943775177, 23.86872386932373, 22.892613410949707, 27.099242448806763, 22.85630750656128, 23.03589129447937, 23.07555055618286, 28.542949676513672, 24.204352140426636, 23.153644800186157]"
10,65,6,10.917329667185463,11.021199586840037,10.70918990816639,25.856995570659638,0.25529388374293144,0.16128315180553737,0.17851735083089884,"[np.float64(10.863944513509432), np.float64(10.90197662063158), np.float64(10.859233597766705), np.float64(11.134360117336968), np.float64(10.947684426530712), np.float64(11.1525893501278), np.float64(10.977026887827417), np.float64(10.800897175184415), np.float64(10.6819854583837), np.float64(11.005102498750567), np.float64(11.064119603407624), np.float64(10.835832409712351), np.float64(10.949040800002411), np.float64(11.022185590648938), np.float64(10.98769489997501), np.float64(9.95433815280615), np.float64(11.057231068453122), np.float64(11.070677659300811), np.float64(11.075256965710361), np.float64(11.005415547643196)]","[np.float64(10.98429275508833), np.float64(11.104623238062542), np.float64(10.88243413265195), np.float64(11.230165635540526), np.float64(10.942507182505874), np.float64(11.284221130072638), np.float64(10.943909609551136), np.float64(10.77948809575659), np.float64(10.623770403330463), np.float64(11.047970383022891), np.float64(11.057899106526003), np.float64(10.953064100843616), np.float64(11.005728060232615), np.float64(10.97945906224661), np.float64(11.069798798224143), np.float64(10.988548710503673), np.float64(11.097812738832763), np.float64(11.247552060153522), np.float64(11.247869130472894), np.float64(10.952877403181963)]","[np.float64(10.351717465579242), np.float64(10.599611234022372), np.float64(10.535835412108906), np.float64(10.886466680517419), np.float64(10.746988860220632), np.float64(10.881026878086542), np.float64(10.843292092411533), np.float64(10.612229416300272), np.float64(10.37544683779603), np.float64(10.88882860898413), np.float64(10.918126216959536), np.float64(10.518132822733502), np.float64(10.795403149823642), np.float64(10.746092013000524), np.float64(10.567002817999155), np.float64(10.695813026058573), np.float64(11.000945538182204), np.float64(10.795581787690955), np.float64(10.700896283060974), np.float64(10.724361021791676)]","[24.643049955368042, 24.432239055633545, 29.881092071533203, 24.546469926834106, 25.055070877075195, 24.83513379096985, 30.303147315979004, 25.4916889667511, 25.52662229537964, 24.643314123153687, 24.652918100357056, 30.027497053146362, 24.747788429260254, 26.362956285476685, 24.676151752471924, 24.28910183906555, 29.53018808364868, 24.54968571662903, 24.45040488243103, 24.49539089202881]"
10,70,4,9.875083494289726,10.311333414604825,9.768262527469101,23.061940681934356,0.6736332085070794,0.10098322478817237,1.1632723976455572,"[np.float64(9.483136444108528), np.float64(10.065059547106362), np.float64(10.284361123434648), np.float64(10.226837989287127), np.float64(10.154617701104186), np.float64(10.16488795390389), np.float64(9.52538962625728), np.float64(10.225131167897153), np.float64(7.477664638018433), np.float64(9.339073623765934), np.float64(10.230851286899748), np.float64(10.183409759981988), np.float64(9.335556843511727), np.float64(9.320202616685973), np.float64(10.07127372577496), np.float64(10.336196388652729), np.float64(10.306043976672717), np.float64(10.216620727616116), np.float64(10.297157877316899), np.float64(10.258196867798118)]","[np.float64(10.418436747542538), np.float64(10.105144321354485), np.float64(10.37659341324152), np.float64(10.343891134359515), np.float64(10.262829867124877), np.float64(10.275474872355144), np.float64(10.417107102518068), np.float64(10.414686476944102), np.float64(10.164717719707363), np.float64(10.23920514199029), np.float64(10.37937509522274), np.float64(10.231948804072092), np.float64(10.311054794612586), np.float64(10.369383889690614), np.float64(10.129279397780717), np.float64(10.435392233385166), np.float64(10.447057914488958), np.float64(10.311493194014991), np.float64(10.280002528031638), np.float64(10.3135936436591)]","[np.float64(10.220724121859448), np.float64(9.636111728794694), np.float64(10.083352256945474), np.float64(10.106621741928802), np.float64(10.014400443064499), np.float64(10.026402310433943), np.float64(10.19467743247119), np.float64(10.127075656522639), np.float64(4.875099873794484), np.float64(9.894714607693068), np.float64(10.121823551821759), np.float64(10.077731090089799), np.float64(9.962089561939107), np.float64(9.717392547729776), np.float64(9.718198879983305), np.float64(10.16487769267152), np.float64(10.114513472427088), np.float64(10.087132901505946), np.float64(10.093724388130111), np.float64(10.128586289575383)]","[21.501200675964355, 26.64670991897583, 21.09103012084961, 20.982287168502808, 20.872231245040894, 21.31777024269104, 20.83504843711853, 26.477595329284668, 20.43111228942871, 20.54915428161621, 20.662193298339844, 20.642449140548706, 21.223384857177734, 29.736868381500244, 24.490440130233765, 24.36299777030945, 22.410170078277588, 22.76517105102539, 29.92387080192566, 24.3171284198761]"
10,70,5,10.373291839446146,10.752597599866606,10.49084497637398,27.286660313606262,0.586265465837501,0.10625355482249343,0.17660626068542873,"[np.float64(10.650918456029265), np.float64(10.889295105046797), np.float64(10.892138139579243), np.float64(8.748746713988707), np.float64(10.815693796514976), np.float64(9.707379465648463), np.float64(9.650144403488314), np.float64(10.784578792877014), np.float64(9.7137654533643), np.float64(10.791972379086134), np.float64(10.640882377489573), np.float64(10.668898752293115), np.float64(10.575973635559746), np.float64(10.627311719014015), np.float64(10.694117016860575), np.float64(9.990524763936826), np.float64(10.753156542520564), np.float64(10.664747745742206), np.float64(9.629714110964317), np.float64(10.575877418918767)]","[np.float64(10.677098226018865), np.float64(10.892015495412325), np.float64(10.885881576316741), np.float64(10.615951732840456), np.float64(10.916885118722774), np.float64(10.631693798273592), np.float64(10.574837901211916), np.float64(10.667776824910415), np.float64(10.70969209157006), np.float64(10.870657555474983), np.float64(10.800846561927207), np.float64(10.841651659622608), np.float64(10.695098399597404), np.float64(10.71130515841863), np.float64(10.721089943308227), np.float64(10.927519089199462), np.float64(10.752523879090937), np.float64(10.786464348436132), np.float64(10.685400386645824), np.float64(10.687562250333551)]","[np.float64(10.442678494376187), np.float64(10.736687136926022), np.float64(10.741825038621784), np.float64(10.413920228220038), np.float64(10.715017671961043), np.float64(10.353807299576385), np.float64(10.29924312100615), np.float64(10.554179505007742), np.float64(10.405251738137103), np.float64(10.657659712783332), np.float64(10.59550325128982), np.float64(10.338822082774701), np.float64(10.518351746397347), np.float64(10.190756203419106), np.float64(10.483035153703867), np.float64(10.765632310719873), np.float64(10.577978875621898), np.float64(10.263298903629522), np.float64(10.2544255564984), np.float64(10.508825496809276)]","[25.786264896392822, 25.08239197731018, 25.830591917037964, 29.25619888305664, 29.86680579185486, 25.653218269348145, 27.425042629241943, 24.55703592300415, 25.080808401107788, 25.053489685058594, 31.826327085494995, 26.600748777389526, 27.115339040756226, 27.303500175476074, 26.318240880966187, 34.208977460861206, 26.72099757194519, 25.88440251350403, 27.974863052368164, 28.18796133995056]"
10,70,6,10.845570714076125,11.047855961004599,10.707524302393672,25.715835392475128,0.3720419678427244,0.16200234034747513,0.13947130443055555,"[np.float64(10.906500841251928), np.float64(10.970053715054425), np.float64(10.023333821851388), np.float64(10.864772143553736), np.float64(11.173824394813275), np.float64(11.089141549118251), np.float64(11.003898178032138), np.float64(11.100823659118767), np.float64(11.058925796432446), np.float64(10.850578779083099), np.float64(10.945917754391076), np.float64(9.937633658854669), np.float64(10.997581985256442), np.float64(11.041643870103838), np.float64(11.061325193979497), np.float64(10.908845479580831), np.float64(11.085618163871688), np.float64(10.981102988497643), np.float64(10.844627012590047), np.float64(10.06526529608731)]","[np.float64(11.075805887533082), np.float64(11.081208288421582), np.float64(11.127124245989314), np.float64(11.095180875088905), np.float64(11.213959826744908), np.float64(11.131382234975858), np.float64(11.002723715635195), np.float64(11.258346253857432), np.float64(11.062619468731356), np.float64(10.679261381714323), np.float64(10.769069726171232), np.float64(10.835072683654628), np.float64(11.192560138143527), np.float64(11.043760456654532), np.float64(10.992289540830399), np.float64(10.922794823999254), np.float64(11.323961393287982), np.float64(11.021708530668116), np.float64(10.939420073255613), np.float64(11.18886967473475)]","[np.float64(10.65690593846433), np.float64(10.638949332033068), np.float64(10.59758617169055), np.float64(10.488506500574836), np.float64(11.030155997547235), np.float64(10.95061010630846), np.float64(10.833671441279463), np.float64(10.725593524655519), np.float64(10.832591706704513), np.float64(10.64656084877836), np.float64(10.709267651589194), np.float64(10.684786088272677), np.float64(10.702058874940084), np.float64(10.785869999990426), np.float64(10.851480242269382), np.float64(10.636113908762947), np.float64(10.50740131780027), np.float64(10.705986987498466), np.float64(10.58047547012935), np.float64(10.585913938584326)]","[28.71676540374756, 26.35533618927002, 35.16884803771973, 24.343607425689697, 24.13909387588501, 23.90508460998535, 24.263393878936768, 23.82725191116333, 31.17265272140503, 24.364346742630005, 24.072935104370117, 24.07684874534607, 23.5076162815094, 24.192498922348022, 24.613503217697144, 31.583698987960815, 24.152446031570435, 23.722323656082153, 23.967694997787476, 24.170761108398438]"
15,60,4,9.886546948422687,9.918642182838886,9.76543809060758,22.23452491760254,0.22646980754369983,0.1079576476129873,0.1066866519095085,"[np.float64(9.999496848561106), np.float64(9.923889074993555), np.float64(9.863356154762554), np.float64(9.958073551926041), np.float64(10.062728950687678), np.float64(9.977205457716762), np.float64(8.956242999777878), np.float64(9.985544617378308), np.float64(9.852566419634444), np.float64(9.96491280510535), np.float64(9.917838264840235), np.float64(9.950140321663888), np.float64(9.871656675019933), np.float64(9.840262089813244), np.float64(9.885670999200155), np.float64(9.991006804038628), np.float64(9.932416750631633), np.float64(9.996130670156383), np.float64(9.89693374603519), np.float64(9.904865766510781)]","[np.float64(10.068983222169805), np.float64(9.86707330379719), np.float64(9.889311240899124), np.float64(10.05635824382767), np.float64(10.067858121962928), np.float64(9.969909724249405), np.float64(9.819498749376077), np.float64(9.907528041344678), np.float64(9.790401376460034), np.float64(9.980996692651816), np.float64(9.87502181103293), np.float64(9.946575418375755), np.float64(9.698968296341707), np.float64(9.805820214154291), np.float64(9.81821435047517), np.float64(10.131403738075102), np.float64(9.934151533177294), np.float64(9.94709173027784), np.float64(9.886228719610708), np.float64(9.911449128518194)]","[np.float64(9.850633127478842), np.float64(9.724793797615611), np.float64(9.69668758941901), np.float64(9.596710374934716), np.float64(9.894281849537698), np.float64(9.92092806855229), np.float64(9.57577423386206), np.float64(9.802554780075814), np.float64(9.634162233946688), np.float64(9.88048231230351), np.float64(9.816899555689657), np.float64(9.818584033393472), np.float64(9.625014864931641), np.float64(9.720528872818244), np.float64(9.679702590553223), np.float64(9.803520744838618), np.float64(9.864279738503525), np.float64(9.90374934651949), np.float64(9.75853106829353), np.float64(9.740942628883957)]","[21.70228672027588, 21.538460969924927, 29.051891803741455, 21.280200004577637, 21.283745288848877, 20.825310707092285, 20.391014337539673, 21.05759358406067, 21.982236862182617, 28.715225219726562, 21.16737651824951, 20.638792991638184, 20.50337243080139, 20.840807676315308, 21.20777988433838, 20.458547353744507, 20.908157110214233, 28.351593494415283, 21.157161951065063, 21.62894344329834]"
15,60,5,10.376977553509276,10.503598441128217,10.353945452578564,23.671074748039246,0.47159088763765233,0.09507372433397436,0.11810952075822022,"[np.float64(10.496753519526544), np.float64(10.55655597523267), np.float64(9.656050392646904), np.float64(10.477532393085928), np.float64(10.493757442872647), np.float64(10.430393783333319), np.float64(10.550333918795564), np.float64(10.585119635796696), np.float64(10.566067098019603), np.float64(10.470128006952466), np.float64(10.485841529252646), np.float64(10.44574178227547), np.float64(10.495149070571118), np.float64(10.567274543134902), np.float64(10.61689510707081), np.float64(10.46251897633329), np.float64(10.527921501005899), np.float64(10.56889717077975), np.float64(8.560058790562923), np.float64(10.526560432936376)]","[np.float64(10.345817396469256), np.float64(10.45692573876152), np.float64(10.538822963135775), np.float64(10.438790727301528), np.float64(10.519873555653415), np.float64(10.539381781462872), np.float64(10.57197124916628), np.float64(10.638267893748424), np.float64(10.617472003069075), np.float64(10.42537402346666), np.float64(10.519920481702734), np.float64(10.368989017859683), np.float64(10.525069583302868), np.float64(10.490951727751714), np.float64(10.704540965703965), np.float64(10.420082897530998), np.float64(10.426015064467297), np.float64(10.59005955620236), np.float64(10.385502848522835), np.float64(10.548139347285074)]","[np.float64(10.2755829234255), np.float64(10.347523945705573), np.float64(10.28687223431261), np.float64(10.375106133570105), np.float64(10.313939041616973), np.float64(10.364659727937134), np.float64(10.451005532886303), np.float64(10.389511981044514), np.float64(10.469860743628232), np.float64(10.326409272342362), np.float64(10.368392417646284), np.float64(10.289467827661156), np.float64(10.409995576150244), np.float64(10.441348562816488), np.float64(10.523011040281787), np.float64(10.345549693179583), np.float64(10.372954267031584), np.float64(10.448810635180804), np.float64(9.936785936910276), np.float64(10.342121558243788)]","[22.75718092918396, 22.957065105438232, 22.50872564315796, 22.45931649208069, 22.423399209976196, 31.396826028823853, 22.681807279586792, 22.89399027824402, 22.47565484046936, 23.860799551010132, 22.699552059173584, 22.805988311767578, 23.259643077850342, 32.00094509124756, 22.32159447669983, 22.824294805526733, 22.934954166412354, 22.674264192581177, 22.525883436203003, 22.959609985351562]"
15,60,6,10.79160207682596,10.89731785989554,10.721248381558269,25.768151819705963,0.3099475051629867,0.09393557732470965,0.10267470298170839,"[np.float64(11.00209668593594), np.float64(10.986767270949372), np.float64(10.840506851123301), np.float64(10.978528443699796), np.float64(10.782860530413538), np.float64(10.918422384702506), np.float64(9.976856715564137), np.float64(10.764260677664756), np.float64(10.914309610699876), np.float64(10.866205930926467), np.float64(10.874333540713225), np.float64(11.082645135904595), np.float64(10.777552276275657), np.float64(10.892587991947734), np.float64(10.852458624579986), np.float64(10.912983325929776), np.float64(10.831114837626501), np.float64(9.857325058194109), np.float64(10.858444772808575), np.float64(10.861780870859365)]","[np.float64(11.064109989752819), np.float64(10.967982740661819), np.float64(10.789238214065477), np.float64(11.036476685615245), np.float64(10.819686972608892), np.float64(10.87778977334215), np.float64(10.845704528259951), np.float64(10.773887176517597), np.float64(10.87303017283236), np.float64(10.863836189496984), np.float64(10.95872109045946), np.float64(11.124647408522431), np.float64(10.788778885600967), np.float64(10.91727476087662), np.float64(10.868561333732117), np.float64(10.918522711514456), np.float64(10.812801452932186), np.float64(10.898377579988164), np.float64(10.85629195243256), np.float64(10.890637578698543)]","[np.float64(10.858045363517043), np.float64(10.939436927244541), np.float64(10.659790894810005), np.float64(10.779774445772661), np.float64(10.52291862297591), np.float64(10.776536123779163), np.float64(10.825030773798204), np.float64(10.56118812133657), np.float64(10.693558760772934), np.float64(10.698493463236211), np.float64(10.726387377241164), np.float64(10.82343744905582), np.float64(10.619501422414842), np.float64(10.707455454419692), np.float64(10.62634915507649), np.float64(10.788576243709443), np.float64(10.718313395159775), np.float64(10.701050032011608), np.float64(10.626063475423798), np.float64(10.773060129409515)]","[24.74748182296753, 33.12644648551941, 24.422731637954712, 24.26628279685974, 24.80351424217224, 24.24419593811035, 24.378778219223022, 24.076343536376953, 25.279141426086426, 32.84882640838623, 24.07998275756836, 25.751784086227417, 24.09630560874939, 24.053064584732056, 24.60893177986145, 24.226069450378418, 24.0566086769104, 24.49475073814392, 33.281100034713745, 24.52069616317749]"
15,65,4,9.853316270280294,10.033192909927038,9.866818367416265,22.14041312932968,0.5139047755435033,0.11660260265277789,0.14171360222023333,"[np.float64(10.069276987034453), np.float64(9.181434653965656), np.float64(10.063298520118055), np.float64(10.06503408858524), np.float64(10.121712322390936), np.float64(9.990619575044015), np.float64(10.185671714401847), np.float64(10.035924199079796), np.float64(9.900103175836328), np.float64(9.06415480160237), np.float64(10.113565767295228), np.float64(10.104448818864709), np.float64(10.112962899232286), np.float64(9.976863815671747), np.float64(8.075270711136916), np.float64(10.193821121227803), np.float64(9.955541752610499), np.float64(9.8044523372388), np.float64(10.088620493983086), np.float64(9.963547650286115)]","[np.float64(10.066938016580586), np.float64(10.118033008684845), np.float64(10.0906418975198), np.float64(10.117201915820646), np.float64(10.060339585216855), np.float64(10.026063928308167), np.float64(10.173921311533883), np.float64(10.028777643350166), np.float64(9.78272584236373), np.float64(9.908861863554712), np.float64(10.103192378970594), np.float64(10.224469658444388), np.float64(10.115574697946734), np.float64(9.887334044345645), np.float64(9.940249568299375), np.float64(10.163687589320654), np.float64(9.975134206420911), np.float64(9.8643778767448), np.float64(10.087196382603683), np.float64(9.929136782510605)]","[np.float64(9.852921633537802), np.float64(9.910144345088689), np.float64(10.040811022060716), np.float64(9.928873891327905), np.float64(9.986590351655009), np.float64(9.797260430942487), np.float64(10.056808450761256), np.float64(9.92277217754409), np.float64(9.66268111430972), np.float64(9.79843278985555), np.float64(9.871450566972523), np.float64(9.899241826896603), np.float64(10.031002084975093), np.float64(9.839173539702358), np.float64(9.488443050386667), np.float64(10.030539717982975), np.float64(9.859585572589609), np.float64(9.669594197853865), np.float64(9.87626478358266), np.float64(9.813775800299707)]","[20.880481004714966, 21.157952547073364, 21.137859106063843, 21.191412448883057, 21.0553081035614, 20.958975553512573, 21.115668773651123, 20.5975341796875, 32.05123233795166, 20.97193217277527, 21.210052728652954, 20.78440570831299, 20.84932518005371, 20.9072208404541, 22.201143264770508, 20.880859375, 21.038877248764038, 20.79675531387329, 20.730013847351074, 32.291252851486206]"
15,65,5,10.429388581037115,10.566261950065535,10.395935768412306,23.399197852611543,0.33509761198990085,0.07101388210497483,0.06681059820238487,"[np.float64(10.53654317559398), np.float64(10.522438091707945), np.float64(10.573657438397772), np.float64(9.696574155290039), np.float64(10.516758315953087), np.float64(10.612768690922868), np.float64(10.535022899681078), np.float64(10.55522889692222), np.float64(10.623072726611095), np.float64(10.51578960372021), np.float64(10.54030316606967), np.float64(9.67621062751156), np.float64(10.63755806953844), np.float64(10.530539947648407), np.float64(10.591098414852167), np.float64(9.60559787876496), np.float64(10.631819000065462), np.float64(10.486143924427578), np.float64(10.570749977974714), np.float64(10.629896619089054)]","[np.float64(10.64657492336738), np.float64(10.523935620917278), np.float64(10.649433175785017), np.float64(10.52660687797602), np.float64(10.487615523369273), np.float64(10.54499612757473), np.float64(10.54969812351122), np.float64(10.542551752614623), np.float64(10.628037821870143), np.float64(10.494211218105129), np.float64(10.498768127782107), np.float64(10.665583876137791), np.float64(10.629419069867089), np.float64(10.464876956946494), np.float64(10.579819293430573), np.float64(10.523479334474336), np.float64(10.546975757429003), np.float64(10.543337846369562), np.float64(10.539086981735018), np.float64(10.7402305920479)]","[np.float64(10.319074274091879), np.float64(10.316949168225642), np.float64(10.475754296794495), np.float64(10.41829592742969), np.float64(10.296606487115593), np.float64(10.418677484918163), np.float64(10.472482837682866), np.float64(10.409557669348604), np.float64(10.30930980031173), np.float64(10.290547763146506), np.float64(10.421979876565576), np.float64(10.4488105789806), np.float64(10.380401284403781), np.float64(10.38923353360325), np.float64(10.530940008758375), np.float64(10.336481235935713), np.float64(10.463490281558682), np.float64(10.395437062172487), np.float64(10.404305179187066), np.float64(10.42038061801541)]","[22.652608633041382, 22.88552188873291, 22.62130641937256, 22.257231950759888, 22.762054204940796, 23.279783725738525, 22.218872547149658, 23.01443076133728, 23.25814700126648, 22.85579824447632, 23.07386016845703, 36.17695951461792, 22.62804913520813, 22.423649549484253, 23.298410177230835, 22.393905639648438, 22.69945740699768, 22.43588399887085, 22.132109880447388, 22.915916204452515]"
15,65,6,10.74556106726626,10.943798322839895,10.771001289925136,25.77380210161209,0.4344476384420413,0.11791563350055904,0.12433879238201255,"[np.float64(10.889157060685848), np.float64(10.971348599703557), np.float64(11.000134307968906), np.float64(11.013676031539699), np.float64(11.020426304329314), np.float64(10.853840259906049), np.float64(10.832199363748954), np.float64(10.958631450516684), np.float64(10.940259066994505), np.float64(9.873285475175846), np.float64(10.025710722286368), np.float64(9.754309255718173), np.float64(11.001264138066823), np.float64(11.016040482493384), np.float64(10.000865945613823), np.float64(11.068596936745964), np.float64(10.874682632112242), np.float64(10.965679608675078), np.float64(10.852234182012658), np.float64(10.998879521031327)]","[np.float64(10.908485206753486), np.float64(11.012454513680167), np.float64(11.026846831765715), np.float64(11.070747383995085), np.float64(11.003618774714498), np.float64(10.882529174633278), np.float64(10.96769341702685), np.float64(11.006263684036394), np.float64(10.980628522667132), np.float64(10.792814178406418), np.float64(10.995426731204596), np.float64(10.603270635865723), np.float64(11.043271835068282), np.float64(10.860080495435161), np.float64(10.964203985822342), np.float64(11.064386294612882), np.float64(10.791232391142747), np.float64(10.94141871922554), np.float64(10.873494104415222), np.float64(11.087099576326377)]","[np.float64(10.699930459659328), np.float64(10.8212543183176), np.float64(10.857667796025408), np.float64(10.870908227937402), np.float64(10.944837013617455), np.float64(10.737368798355426), np.float64(10.660220648300221), np.float64(10.940065006277774), np.float64(10.712618812853862), np.float64(10.628318040106667), np.float64(10.788570435681251), np.float64(10.451820153203354), np.float64(10.787527926484831), np.float64(10.837547689166005), np.float64(10.677733114100818), np.float64(10.975571057109837), np.float64(10.678998118294047), np.float64(10.817398793299414), np.float64(10.717894751910663), np.float64(10.813774637801352)]","[24.263906717300415, 24.498452186584473, 24.742332458496094, 23.954527378082275, 37.9209361076355, 24.27554678916931, 23.8104407787323, 24.154287338256836, 24.310880422592163, 23.926198482513428, 24.406662225723267, 23.84222388267517, 24.070568323135376, 24.56510305404663, 24.306042432785034, 24.784263849258423, 39.97090029716492, 24.648824453353882, 24.26565432548523, 24.7582905292511]"
15,70,4,10.04741943712676,10.113922898185436,9.939088406825308,21.352610802650453,0.24738010809339897,0.1005197033314793,0.12232214556670375,"[np.float64(10.149544272230687), np.float64(9.033190720348374), np.float64(10.106057333061079), np.float64(10.1420803514299), np.float64(10.211623443999274), np.float64(10.122222164707303), np.float64(10.02229529343584), np.float64(10.125808157360824), np.float64(10.116049059375904), np.float64(10.091835759242683), np.float64(10.01550157146765), np.float64(10.062161749099594), np.float64(10.014197413053095), np.float64(10.02745304339053), np.float64(10.145142441318088), np.float64(10.051732263081426), np.float64(10.117206559913495), np.float64(9.99999881869917), np.float64(10.219222964406617), np.float64(10.175065362913639)]","[np.float64(10.140862652664255), np.float64(9.949506143422274), np.float64(10.33370008992672), np.float64(10.172275217444193), np.float64(10.19187038753445), np.float64(10.140975451877807), np.float64(9.972703789799608), np.float64(10.161089999931882), np.float64(9.966056332589675), np.float64(10.243220089072818), np.float64(10.047930131104312), np.float64(10.133027527228114), np.float64(9.95132809744836), np.float64(10.140859092523026), np.float64(10.134409543071355), np.float64(10.08624372605122), np.float64(10.086872946821588), np.float64(10.075538405455035), np.float64(10.2083400860983), np.float64(10.141648253643725)]","[np.float64(9.83638679613479), np.float64(9.67299503721479), np.float64(10.214422191810144), np.float64(10.011778599297585), np.float64(10.08680228579594), np.float64(9.979172015732507), np.float64(9.815434503617853), np.float64(10.048282502112496), np.float64(9.885501994156531), np.float64(9.975105569439005), np.float64(9.897409078937518), np.float64(9.847533046248135), np.float64(9.89119494663149), np.float64(9.852334868790031), np.float64(10.022406002966685), np.float64(9.831625641009758), np.float64(9.948780800457708), np.float64(9.86934208235014), np.float64(10.041055418500354), np.float64(10.054204755302706)]","[20.12644362449646, 20.728699922561646, 20.65655779838562, 20.396596670150757, 20.749647855758667, 20.643638610839844, 20.798787355422974, 20.363080978393555, 20.352661848068237, 20.451693296432495, 35.524827003479004, 20.61241054534912, 20.465165376663208, 20.280842781066895, 20.636470317840576, 20.417858123779297, 20.934249877929688, 21.664345741271973, 20.712655067443848, 20.53558325767517]"
15,70,5,10.62553834971686,10.63914746955571,10.480814770551065,23.881678879261017,0.07329388077788676,0.06861593304435425,0.06989339081850146,"[np.float64(10.653298620858642), np.float64(10.639459477179148), np.float64(10.49966215428505), np.float64(10.740056341874178), np.float64(10.598526322290141), np.float64(10.668154756924535), np.float64(10.535151531845742), np.float64(10.521562385193699), np.float64(10.61894540085621), np.float64(10.65829091077901), np.float64(10.641582140804585), np.float64(10.743223073256722), np.float64(10.735457912860234), np.float64(10.668249537315392), np.float64(10.627508676258916), np.float64(10.514781825622416), np.float64(10.535351365378935), np.float64(10.616329360299225), np.float64(10.651199108359446), np.float64(10.643976092094984)]","[np.float64(10.714080026258424), np.float64(10.62279365282756), np.float64(10.598374207698797), np.float64(10.749525915211636), np.float64(10.610381844197985), np.float64(10.603713392914408), np.float64(10.537050605873203), np.float64(10.506827931373488), np.float64(10.690069274164006), np.float64(10.600108953767602), np.float64(10.691197717969064), np.float64(10.709928494522776), np.float64(10.73518001762463), np.float64(10.683850890934778), np.float64(10.653528539807), np.float64(10.612379240719433), np.float64(10.523167678483345), np.float64(10.612210958504928), np.float64(10.65225013287541), np.float64(10.676329915385715)]","[np.float64(10.47615723900726), np.float64(10.490071486580497), np.float64(10.462033766436658), np.float64(10.489058556986663), np.float64(10.402559022922105), np.float64(10.494413780768674), np.float64(10.353682966113134), np.float64(10.42770962583025), np.float64(10.56479092719647), np.float64(10.546326837181073), np.float64(10.446732582054928), np.float64(10.619131238553452), np.float64(10.61037337069305), np.float64(10.512390500337563), np.float64(10.44099365645969), np.float64(10.385247585636531), np.float64(10.405175198890145), np.float64(10.489110947392081), np.float64(10.487526472065973), np.float64(10.512809649915095)]","[22.600849866867065, 22.808073043823242, 22.29514718055725, 22.32337760925293, 36.98637366294861, 22.4732666015625, 21.870789051055908, 22.46700954437256, 22.001404762268066, 22.415600299835205, 22.417723655700684, 22.42746114730835, 22.869098901748657, 22.90672016143799, 23.188050270080566, 22.127702474594116, 21.98136615753174, 22.760382652282715, 36.44459843635559, 22.268582105636597]"
15,70,6,10.83067472652693,11.006858626699653,10.7849384434519,24.980674457550048,0.3585215009803581,0.11848383834306725,0.124135350018686,"[np.float64(11.056846943881375), np.float64(10.883777669775393), np.float64(10.897227726094856), np.float64(10.980602268590294), np.float64(11.04563166325506), np.float64(11.03910815230227), np.float64(10.030160026277898), np.float64(10.903032591820105), np.float64(11.125425849045042), np.float64(10.096741597951878), np.float64(10.936431862533405), np.float64(11.050929444080323), np.float64(10.98759969537914), np.float64(10.923454982883392), np.float64(9.93002702974385), np.float64(10.807127381823214), np.float64(11.03876106996875), np.float64(10.971012748625174), np.float64(10.983336609200627), np.float64(10.926259217306535)]","[np.float64(11.054205188232352), np.float64(10.932968483158936), np.float64(10.903558601879276), np.float64(10.89475241147821), np.float64(11.039289146266102), np.float64(11.1188148628331), np.float64(11.025720958240651), np.float64(10.914319864408967), np.float64(11.223322866838242), np.float64(11.248303134414304), np.float64(10.917139949972686), np.float64(11.04966394497591), np.float64(10.959300298751085), np.float64(11.060275560084664), np.float64(10.925347532124771), np.float64(10.765962794011559), np.float64(11.101752242024657), np.float64(10.950084068075235), np.float64(11.114186054755715), np.float64(10.938204571466636)]","[np.float64(10.811616713638035), np.float64(10.658305571845926), np.float64(10.867426973456418), np.float64(10.788407745794672), np.float64(10.935033529581808), np.float64(10.88356165246402), np.float64(10.751444940767833), np.float64(10.668600959235894), np.float64(10.928448568606555), np.float64(10.677443132466212), np.float64(10.773951174499707), np.float64(10.868599328492484), np.float64(10.832368659315836), np.float64(10.732507147451852), np.float64(10.642914482802684), np.float64(10.46282764800247), np.float64(10.986884237963697), np.float64(10.875987512543906), np.float64(10.825654431125141), np.float64(10.72678445898285)]","[23.979372262954712, 23.858864545822144, 23.75034499168396, 23.81724977493286, 24.03334093093872, 24.208436250686646, 24.44937038421631, 23.844921350479126, 23.82648777961731, 24.115230321884155, 23.986456155776978, 23.809715747833252, 39.57713031768799, 24.165844202041626, 24.17007803916931, 24.75204300880432, 25.668889045715332, 24.73196530342102, 24.961342334747314, 23.90640640258789]"
20,60,4,9.495161484045578,9.84770496058384,9.587174718608814,21.727798748016358,0.5729675939014698,0.17252577976442965,0.1970684969075317,"[np.float64(9.037144171914814), np.float64(9.70624979020692), np.float64(9.732096357893958), np.float64(9.690117109020404), np.float64(9.890102542277061), np.float64(9.855413196129454), np.float64(10.047014024017532), np.float64(8.009585400680022), np.float64(10.017603261696303), np.float64(9.838740231992634), np.float64(9.945955464508907), np.float64(8.837444334311), np.float64(8.837863943761947), np.float64(8.909183753266968), np.float64(9.911440187146988), np.float64(9.981713325993868), np.float64(9.730428075213437), np.float64(8.965847650962628), np.float64(8.958303989401443), np.float64(10.000982870515283)]","[np.float64(9.997002190962714), np.float64(9.522289294459013), np.float64(9.679851516943671), np.float64(9.79945027493756), np.float64(10.046513416582727), np.float64(9.817961349057352), np.float64(10.155436057521696), np.float64(9.738076939330075), np.float64(10.10399776359222), np.float64(9.842936712248296), np.float64(9.872222837749815), np.float64(9.533922569818035), np.float64(9.74196357755218), np.float64(9.772733197348186), np.float64(10.019726454475231), np.float64(9.953238644277135), np.float64(9.708603296476042), np.float64(9.82291700271599), np.float64(9.845436249677771), np.float64(9.97981986595111)]","[np.float64(9.628731446757989), np.float64(9.477745037180945), np.float64(9.523218070718983), np.float64(9.148455435946666), np.float64(9.602031934532974), np.float64(9.568295999589605), np.float64(9.85563694435808), np.float64(9.25901146843307), np.float64(9.935733781686665), np.float64(9.545180481183623), np.float64(9.66184523293664), np.float64(9.460574235160063), np.float64(9.418574815113512), np.float64(9.596889781362371), np.float64(9.79100124429202), np.float64(9.863458351342892), np.float64(9.57603030035054), np.float64(9.48470150271217), np.float64(9.549503437621683), np.float64(9.796874870895795)]","[20.674973964691162, 20.8368079662323, 20.901991844177246, 20.730552196502686, 20.563523769378662, 20.77942442893982, 20.649970054626465, 21.165375232696533, 38.12990760803223, 20.716878414154053, 20.984118938446045, 21.530218601226807, 21.010441541671753, 20.69643235206604, 20.86178731918335, 20.616032123565674, 21.091253519058228, 21.028167724609375, 20.59586215019226, 20.992255210876465]"
20,60,5,9.907980367988465,10.387938090399283,10.077584714672971,23.429819416999816,0.6250052128301897,0.12423945732074512,0.16840732633435385,"[np.float64(9.376007119416014), np.float64(8.373890198129304), np.float64(10.288400413829772), np.float64(9.422128649206885), np.float64(10.12508161083499), np.float64(9.518176038759723), np.float64(10.390191084730425), np.float64(10.272760664055697), np.float64(10.346825847140273), np.float64(10.255334428291867), np.float64(10.4115708473459), np.float64(10.25326972032636), np.float64(10.561841597681688), np.float64(10.189272292999418), np.float64(10.25514734263161), np.float64(9.473014211483624), np.float64(10.398513586413877), np.float64(8.545209794931042), np.float64(10.193194145700245), np.float64(9.509777765860571)]","[np.float64(10.32704817581923), np.float64(10.259020365906203), np.float64(10.307209902884875), np.float64(10.361458375884517), np.float64(10.112465183329201), np.float64(10.517033273584667), np.float64(10.498881664023703), np.float64(10.343231329212387), np.float64(10.380913956900196), np.float64(10.365851837174493), np.float64(10.465896716936209), np.float64(10.374858719378928), np.float64(10.638859340945222), np.float64(10.289772410892349), np.float64(10.287104614715325), np.float64(10.595037796631209), np.float64(10.405172636289938), np.float64(10.309557245890176), np.float64(10.390088386251225), np.float64(10.529299875335598)]","[np.float64(9.99988368890547), np.float64(9.757679085590723), np.float64(10.04796000219619), np.float64(10.228466651654012), np.float64(9.84150146744317), np.float64(10.068189341287646), np.float64(10.153841751283192), np.float64(10.09658036596509), np.float64(10.214461714312158), np.float64(10.0136329039222), np.float64(10.288639040242096), np.float64(10.004990275990165), np.float64(10.39629389515172), np.float64(9.910516722487042), np.float64(9.985603554925486), np.float64(10.10277635989176), np.float64(10.174164506811847), np.float64(10.114531933168221), np.float64(9.828078571463422), np.float64(10.323902460767826)]","[22.35043478012085, 22.384814023971558, 22.651450634002686, 22.660786867141724, 39.79590082168579, 22.515185594558716, 22.628100872039795, 23.08824133872986, 22.230259895324707, 22.445878267288208, 23.613569498062134, 22.48056435585022, 22.603360652923584, 22.339518785476685, 22.890207529067993, 22.135476112365723, 22.197129249572754, 22.2639639377594, 22.747288465499878, 22.574256658554077]"
20,60,6,10.496877912595634,10.738729265679341,10.436622872163795,26.228662431240082,0.42329783958429923,0.1253265711290238,0.21305781257492393,"[np.float64(10.672895848692393), np.float64(10.56800051034623), np.float64(10.556956823792957), np.float64(10.74564585950916), np.float64(10.746316231042936), np.float64(10.49398109503755), np.float64(9.753612451591492), np.float64(10.762562692059731), np.float64(10.734134607502451), np.float64(10.601660551458776), np.float64(10.828519345997641), np.float64(10.69635590481688), np.float64(9.621007612022488), np.float64(10.733726517707233), np.float64(10.726764010739574), np.float64(10.790122524579747), np.float64(10.877296114713015), np.float64(9.763084053812443), np.float64(10.627298821809138), np.float64(9.637616674680851)]","[np.float64(10.57457964896395), np.float64(10.603918795374778), np.float64(10.614922456118647), np.float64(10.846343665495123), np.float64(10.731458356115716), np.float64(10.614747810958498), np.float64(10.597293820151517), np.float64(10.918687276409026), np.float64(10.90750523186586), np.float64(10.817413194076401), np.float64(10.790920479368042), np.float64(10.743048927992062), np.float64(10.682256266931942), np.float64(10.754278617007648), np.float64(10.867969785739223), np.float64(10.784692874269837), np.float64(10.960886298951092), np.float64(10.584415824590236), np.float64(10.58731927308855), np.float64(10.791926710118673)]","[np.float64(10.554477087067644), np.float64(10.37780609427521), np.float64(10.328207804446848), np.float64(10.526039070949196), np.float64(10.55018966799139), np.float64(10.116121838918746), np.float64(10.473600010492039), np.float64(10.424168552002685), np.float64(10.483112718956907), np.float64(10.417594427980639), np.float64(10.724565924042398), np.float64(10.479543512393494), np.float64(10.031883747931865), np.float64(10.410972980592554), np.float64(10.625608375011392), np.float64(10.608004814654656), np.float64(10.8685234821797), np.float64(10.432724531488859), np.float64(10.291345419622022), np.float64(10.007967382277647)]","[23.987565994262695, 25.4535915851593, 43.668663024902344, 24.359962940216064, 24.475776195526123, 24.013036489486694, 24.24466896057129, 24.270537853240967, 24.72934317588806, 24.058906316757202, 24.263047456741333, 24.459803819656372, 24.2378032207489, 24.114604949951172, 24.256476640701294, 24.67337942123413, 24.245547771453857, 24.133793115615845, 24.2410945892334, 42.68564510345459]"
20,65,4,9.282815980654295,9.956435536912,9.659469923578577,21.899336779117583,0.6287227449638783,0.19970867725270022,0.2129799830915843,"[np.float64(9.916272429050464), np.float64(8.050428975018702), np.float64(9.717817604028612), np.float64(9.882367524962199), np.float64(9.035924880588839), np.float64(8.920335179135575), np.float64(9.18211485442592), np.float64(10.105793792023189), np.float64(9.0837596923342), np.float64(9.532889152695025), np.float64(9.28062591693181), np.float64(9.100496270278393), np.float64(9.94510433739894), np.float64(9.211683396031086), np.float64(10.03783792791607), np.float64(8.176569985795997), np.float64(10.067252503024944), np.float64(8.24304319432291), np.float64(9.003032206867053), np.float64(9.162969790255975)]","[np.float64(9.882930459560932), np.float64(9.708102957822966), np.float64(9.749805731687793), np.float64(9.782725964248664), np.float64(9.753853577831034), np.float64(9.69649404044629), np.float64(10.08120310759637), np.float64(10.140338570230359), np.float64(9.944807628243263), np.float64(9.560866438485503), np.float64(10.181524796521023), np.float64(10.026962004034711), np.float64(10.06709076012596), np.float64(10.088821952210399), np.float64(10.08113537382546), np.float64(9.96503123955595), np.float64(10.14469899614513), np.float64(10.173578665706607), np.float64(9.823164982457804), np.float64(10.275573491503788)]","[np.float64(9.719845634110921), np.float64(9.295614355655811), np.float64(9.519683573016342), np.float64(9.734538369416333), np.float64(9.651231524338026), np.float64(9.427399581337998), np.float64(9.709125369308659), np.float64(10.037926090114325), np.float64(9.677777078406749), np.float64(9.392982271253508), np.float64(9.906901687077895), np.float64(9.593014000020395), np.float64(9.642923489860632), np.float64(9.983243173220322), np.float64(9.656116192180395), np.float64(9.360435083962495), np.float64(9.886306607347418), np.float64(9.746114916759117), np.float64(9.391698945287917), np.float64(9.856520528896278)]","[20.77386236190796, 20.748213291168213, 20.665699243545532, 20.778064012527466, 20.91853404045105, 20.787233352661133, 20.653605461120605, 20.688441276550293, 20.73241424560547, 20.719526290893555, 20.800957918167114, 20.766521692276, 20.656977653503418, 20.873210906982422, 21.511604070663452, 21.057430744171143, 20.815836191177368, 20.55984115600586, 20.48042631149292, 42.99833536148071]"
20,65,5,10.210997111319799,10.434089689725292,10.128245924856275,23.62011536359787,0.388380624236501,0.17226116583668108,0.1872774360260369,"[np.float64(9.38121471747195), np.float64(10.281511145968027), np.float64(10.429789824259087), np.float64(10.425416273049901), np.float64(9.552127186939845), np.float64(10.340174257727206), np.float64(10.467225098498204), np.float64(10.544169863069284), np.float64(10.42453059300003), np.float64(10.211480795383862), np.float64(10.179025958402383), np.float64(10.431408345824957), np.float64(9.419097945083479), np.float64(10.456748440999398), np.float64(10.397602262541138), np.float64(10.534731240697866), np.float64(9.600188467701468), np.float64(10.167550696374764), np.float64(10.502283607951666), np.float64(10.473665505451462)]","[np.float64(10.305836240322183), np.float64(10.293737279827063), np.float64(10.398827153061415), np.float64(10.579272662104573), np.float64(10.553362699151812), np.float64(10.22799929422327), np.float64(10.425764780198957), np.float64(10.579405765862473), np.float64(10.46257333633698), np.float64(10.181405365381865), np.float64(10.078556579435054), np.float64(10.568819909731719), np.float64(10.294153300553168), np.float64(10.413372844752264), np.float64(10.382042658692109), np.float64(10.791708721696706), np.float64(10.612295988357292), np.float64(10.408740370176169), np.float64(10.597454865742371), np.float64(10.526463978898384)]","[np.float64(9.971529957744966), np.float64(9.993562238265088), np.float64(10.259038385983523), np.float64(10.042470106724508), np.float64(10.382073640385666), np.float64(10.076524565848986), np.float64(10.143297950705096), np.float64(10.47473757099748), np.float64(10.16105052777596), np.float64(9.869111500345017), np.float64(9.736088324990813), np.float64(10.020196929885495), np.float64(9.923310486585908), np.float64(10.197431607938036), np.float64(10.216442343860948), np.float64(10.166866364940804), np.float64(10.261706154441459), np.float64(10.021530866026836), np.float64(10.414169180152655), np.float64(10.23377979352625)]","[22.278119325637817, 22.55536913871765, 22.656492710113525, 22.202245473861694, 22.157227039337158, 22.510101556777954, 22.9183030128479, 22.392982959747314, 22.50480628013611, 22.159261465072632, 22.83855891227722, 22.42026448249817, 22.705211639404297, 22.209171295166016, 22.244450092315674, 22.134759187698364, 22.970142126083374, 22.4791898727417, 22.21467113494873, 45.8509795665741]"
20,65,6,10.50303101626904,10.803766040632047,10.576223065420075,25.372018814086914,0.45974057581910405,0.13716374313245924,0.14706806176086232,"[np.float64(9.930385544603213), np.float64(9.693494187096341), np.float64(10.830590338084496), np.float64(10.694241091897805), np.float64(9.785856655646283), np.float64(10.965191235980315), np.float64(9.855597844616474), np.float64(10.75662622581355), np.float64(10.562524715004393), np.float64(10.79751255509181), np.float64(9.95689609603384), np.float64(10.76503065359567), np.float64(10.69306961707156), np.float64(10.771592676161672), np.float64(10.84551400669457), np.float64(10.778401082058584), np.float64(10.902385403836165), np.float64(9.783566395538605), np.float64(10.902326812827082), np.float64(10.789817187728351)]","[np.float64(10.86159890818179), np.float64(10.653858525182029), np.float64(10.93817643645736), np.float64(10.649943710057029), np.float64(10.617731858004065), np.float64(10.936456163139864), np.float64(10.812438335391606), np.float64(10.871489741335385), np.float64(10.495885296744381), np.float64(10.871343594305145), np.float64(10.881041333637922), np.float64(10.736125185361034), np.float64(10.8014778978253), np.float64(10.750487711807319), np.float64(10.887696849601857), np.float64(10.79601503602711), np.float64(10.957076055102313), np.float64(10.623444920651792), np.float64(10.920718090682167), np.float64(11.012315163145447)]","[np.float64(10.77200551550198), np.float64(10.330613050863171), np.float64(10.619045648537774), np.float64(10.527721990824688), np.float64(10.467313109066549), np.float64(10.80090500638579), np.float64(10.705728653926187), np.float64(10.419574441059662), np.float64(10.341019860241213), np.float64(10.722915944151385), np.float64(10.63877311676983), np.float64(10.581102314061088), np.float64(10.419702478166748), np.float64(10.569582206347615), np.float64(10.657155619398454), np.float64(10.397937990703909), np.float64(10.685466769767771), np.float64(10.470053758049524), np.float64(10.760102113935838), np.float64(10.637741720642325)]","[23.802030563354492, 24.164833545684814, 24.381129026412964, 24.156941413879395, 24.52294921875, 24.378271102905273, 23.906941413879395, 24.137438535690308, 24.39058518409729, 24.08033800125122, 24.250324010849, 24.466983556747437, 24.275022268295288, 24.54626965522766, 23.866998195648193, 24.044983863830566, 24.66234302520752, 24.315682649612427, 24.26094675064087, 46.82936429977417]"
20,70,4,9.5167690314737,9.97663476941367,9.500396378790997,20.64077498912811,0.8237408780690718,0.1698908889491456,1.1330936922324997,"[np.float64(10.034684141203208), np.float64(7.182219397252501), np.float64(10.070693957312422), np.float64(9.898777496749453), np.float64(9.201877319037163), np.float64(9.85336959938329), np.float64(8.184375589085375), np.float64(9.157145020841092), np.float64(9.95673438906876), np.float64(9.085396895410925), np.float64(9.967319573801262), np.float64(10.107596996564467), np.float64(10.031323748830035), np.float64(10.037606699570665), np.float64(10.214158006358518), np.float64(8.145197134733019), np.float64(9.96775474738625), np.float64(9.995113133765095), np.float64(9.225425647509631), np.float64(10.018611135610866)]","[np.float64(10.001523895540709), np.float64(9.571036524047996), np.float64(10.14134260657444), np.float64(9.949726479658256), np.float64(10.097076163111405), np.float64(9.8420314326911), np.float64(9.941362533571072), np.float64(10.14999463960934), np.float64(10.018973910039055), np.float64(9.900911775955633), np.float64(9.902734821013865), np.float64(10.17169369666654), np.float64(9.999689108163038), np.float64(9.988547256747841), np.float64(10.217167400662737), np.float64(9.631738506686212), np.float64(9.789880775789557), np.float64(10.05366158662625), np.float64(10.086416749489297), np.float64(10.077185525629057)]","[np.float64(9.825164365561022), np.float64(4.741393475846703), np.float64(9.970842370967766), np.float64(9.658442397108306), np.float64(9.854029661210133), np.float64(9.647828815108308), np.float64(9.246610232361208), np.float64(9.774926690622179), np.float64(9.814441242244271), np.float64(9.70656513414477), np.float64(9.778663638002516), np.float64(9.91368494446758), np.float64(9.800251308029125), np.float64(9.744288865546611), np.float64(9.943812286419721), np.float64(9.449390480154905), np.float64(9.687265089356664), np.float64(9.66817402732712), np.float64(9.864993994581706), np.float64(9.917158556759318)]","[20.55865979194641, 20.806448698043823, 20.44345784187317, 20.34624195098877, 20.7629337310791, 20.987406730651855, 20.7533175945282, 20.441712856292725, 20.726479530334473, 20.512548685073853, 20.347184658050537, 20.84732675552368, 20.43192958831787, 20.72118353843689, 20.152384757995605, 20.839545011520386, 20.55275869369507, 20.820183515548706, 20.84149479866028, 20.922301054000854]"
20,70,5,10.107782373412105,10.515097380823153,10.233315746371973,23.697542226314546,0.6688301153538729,0.16242789410342118,0.18959569208556676,"[np.float64(10.601517589384033), np.float64(10.672820068408608), np.float64(10.29979670425077), np.float64(10.487915396525354), np.float64(10.636745948865077), np.float64(10.496816207007873), np.float64(10.530297268070676), np.float64(9.563507125458454), np.float64(10.580706943258589), np.float64(8.496987332535136), np.float64(10.470187693776388), np.float64(9.698116170474252), np.float64(10.462156777540624), np.float64(9.47099036729219), np.float64(9.553656135332275), np.float64(10.538590638793272), np.float64(10.348222624436717), np.float64(10.324679371133929), np.float64(8.521231201108684), np.float64(10.400705904589199)]","[np.float64(10.719795365624933), np.float64(10.726280473100212), np.float64(10.177909943145643), np.float64(10.377956225679412), np.float64(10.745124834908339), np.float64(10.656074195159515), np.float64(10.570044369925844), np.float64(10.483071796671858), np.float64(10.678781323702216), np.float64(10.351452167393713), np.float64(10.471486794877212), np.float64(10.62087314906449), np.float64(10.506935255360109), np.float64(10.37048282340637), np.float64(10.420303417410294), np.float64(10.708055501105449), np.float64(10.56358996134998), np.float64(10.374539665287458), np.float64(10.294810817300695), np.float64(10.484379535989314)]","[np.float64(10.590849606142232), np.float64(10.378636611862778), np.float64(10.105238179801136), np.float64(10.282817359560486), np.float64(10.385622700128746), np.float64(10.144152496525896), np.float64(10.357412620651216), np.float64(10.250025328226506), np.float64(10.253906993370641), np.float64(9.799814757174033), np.float64(10.21709602050198), np.float64(10.480330949127097), np.float64(10.165375600827208), np.float64(10.222961537240387), np.float64(10.190532347033848), np.float64(10.549724927947786), np.float64(10.05537696857973), np.float64(10.02404768131839), np.float64(10.05990741868212), np.float64(10.152484822737243)]","[23.28316569328308, 22.547775983810425, 47.41618227958679, 23.11629033088684, 22.280827522277832, 22.390183210372925, 22.213432550430298, 22.224523782730103, 23.006675004959106, 22.255220651626587, 22.323627710342407, 22.31763529777527, 22.83859872817993, 22.211701154708862, 22.078377723693848, 22.49411630630493, 22.118250846862793, 22.762882947921753, 21.91301441192627, 22.15836238861084]"
20,70,6,10.661523619014414,10.838570338116364,10.564456866595135,25.181863045692445,0.4140623066654519,0.1488272869339163,0.17332675104671963,"[np.float64(10.732741853457416), np.float64(10.944493401412625), np.float64(10.853293256214489), np.float64(10.862139666059358), np.float64(10.783185588273627), np.float64(10.878170180128087), np.float64(9.685794702109758), np.float64(10.733166882936395), np.float64(10.701193346188504), np.float64(10.729268886238877), np.float64(10.93222526690139), np.float64(10.736001883234485), np.float64(9.754119322201483), np.float64(10.933738793423553), np.float64(10.948985670851606), np.float64(9.725409052166311), np.float64(10.96784263054285), np.float64(10.80939807199503), np.float64(10.764463522410024), np.float64(10.754840403542424)]","[np.float64(10.741144328689801), np.float64(10.939219243839547), np.float64(11.012524803492928), np.float64(10.927973367408946), np.float64(10.726333062791127), np.float64(11.081975851568238), np.float64(10.697089804815876), np.float64(10.790916657085361), np.float64(10.706242562914792), np.float64(10.622972995910928), np.float64(11.086733147526736), np.float64(10.671755712360785), np.float64(10.690785422204948), np.float64(10.96971366462592), np.float64(10.996785329080307), np.float64(10.668861968588402), np.float64(10.981321139155062), np.float64(10.808491786598188), np.float64(10.803797226234293), np.float64(10.846768687435095)]","[np.float64(10.480642594827716), np.float64(10.837891704049934), np.float64(10.490096579815026), np.float64(10.760149710682995), np.float64(10.53778642471914), np.float64(10.523965932950071), np.float64(10.401983166297466), np.float64(10.339732165747165), np.float64(10.357483192355021), np.float64(10.534403446569696), np.float64(10.66301800059894), np.float64(10.566224349167854), np.float64(10.394583912161508), np.float64(10.749716443235151), np.float64(10.881494805725893), np.float64(10.298486174788891), np.float64(10.810748094722706), np.float64(10.649187054391035), np.float64(10.546503883036419), np.float64(10.46503969606006)]","[24.215951204299927, 24.471928358078003, 23.91199231147766, 23.856619834899902, 23.848124742507935, 49.705047369003296, 24.10344624519348, 23.981992721557617, 23.996585369110107, 23.624997854232788, 23.853846073150635, 23.35743236541748, 23.904423713684082, 23.908409118652344, 24.08167600631714, 23.864224195480347, 24.043141841888428, 23.85312795639038, 23.52239990234375, 23.531893730163574]"
25,60,4,9.735087752484228,9.775920133551589,9.627424411673394,22.11243678331375,0.2333654571470411,0.1193521197567925,0.092037067616244,"[np.float64(9.653780773512691), np.float64(9.836484355838774), np.float64(9.864242159472791), np.float64(9.8705146618488), np.float64(9.78376295076011), np.float64(9.751573121607818), np.float64(9.719573603883875), np.float64(9.708381055307443), np.float64(9.749617370614748), np.float64(9.638067360113268), np.float64(9.896506933810171), np.float64(8.805900956571227), np.float64(9.771797064116743), np.float64(9.755745210234458), np.float64(9.76988306093504), np.float64(9.688606756667747), np.float64(9.835968229239054), np.float64(9.812025621720307), np.float64(9.831483715088181), np.float64(9.957840088341312)]","[np.float64(9.580108243593765), np.float64(10.022790737535134), np.float64(9.868270457435896), np.float64(9.922254885232325), np.float64(9.739994240058637), np.float64(9.766875696565702), np.float64(9.812082907801514), np.float64(9.672204016634877), np.float64(9.710981075884987), np.float64(9.576928945076132), np.float64(9.849980394617367), np.float64(9.622314421593838), np.float64(9.77735662789476), np.float64(9.867449944120626), np.float64(9.748991977719877), np.float64(9.662882169865489), np.float64(9.829381927056433), np.float64(9.74296433789618), np.float64(9.799187183899374), np.float64(9.945402480548877)]","[np.float64(9.51923555272866), np.float64(9.606409931872232), np.float64(9.734030915384416), np.float64(9.709370708330653), np.float64(9.637584068088008), np.float64(9.60962726416017), np.float64(9.592532526607378), np.float64(9.607924330305966), np.float64(9.538716809674003), np.float64(9.49416360626974), np.float64(9.737738731670358), np.float64(9.522969551524039), np.float64(9.691097778326673), np.float64(9.570233710859874), np.float64(9.685012433194835), np.float64(9.502799531790057), np.float64(9.74315778261344), np.float64(9.569939169570223), np.float64(9.658345440815339), np.float64(9.817598389681816)]","[20.78769564628601, 20.691995859146118, 20.721511840820312, 20.8740131855011, 20.701472997665405, 20.663920640945435, 20.7441565990448, 20.979528427124023, 20.612070083618164, 46.87578535079956, 20.80168628692627, 20.65061068534851, 21.040415287017822, 20.831336736679077, 21.04665184020996, 20.787290334701538, 20.80618929862976, 21.079111099243164, 21.07616686820984, 20.477126598358154]"
25,60,5,10.249630278426075,10.396777452965258,10.213650339400028,23.80463809967041,0.35110839788652815,0.10655373359222915,0.09448480311073947,"[np.float64(10.314657953040664), np.float64(9.495906579592686), np.float64(9.424242407790098), np.float64(10.295909817613778), np.float64(10.462642934521835), np.float64(10.275945748593243), np.float64(10.306658868472555), np.float64(10.504235501757114), np.float64(10.338587020463503), np.float64(10.335546518120266), np.float64(10.473986282502874), np.float64(10.504148983351426), np.float64(10.469018433412257), np.float64(10.39948031938726), np.float64(10.409567924538525), np.float64(10.267960450757817), np.float64(10.484481113725801), np.float64(9.443887591067341), np.float64(10.398475502392493), np.float64(10.387265617419978)]","[np.float64(10.420772602810842), np.float64(10.489305057352658), np.float64(10.272179994134639), np.float64(10.303932743500106), np.float64(10.51134950242853), np.float64(10.303794798627141), np.float64(10.231274263691239), np.float64(10.549452031623277), np.float64(10.371480646153383), np.float64(10.272001181079903), np.float64(10.52241547813453), np.float64(10.47995302392065), np.float64(10.436456112248754), np.float64(10.53466071660267), np.float64(10.367523886098576), np.float64(10.22456376473868), np.float64(10.47815091134631), np.float64(10.420648307379368), np.float64(10.44902003141348), np.float64(10.296614006020432)]","[np.float64(10.227433666248526), np.float64(10.166604814228316), np.float64(10.154699384370984), np.float64(10.165909082455865), np.float64(10.291105684294656), np.float64(10.104765105693396), np.float64(10.13450890815912), np.float64(10.312981311405112), np.float64(10.00075783592991), np.float64(10.16535388358445), np.float64(10.319199617049376), np.float64(10.294940020832085), np.float64(10.35516381242172), np.float64(10.294748059699582), np.float64(10.224910072810346), np.float64(10.088587416362351), np.float64(10.344526740342957), np.float64(10.245429859900629), np.float64(10.174730765151015), np.float64(10.206650747060149)]","[23.43288826942444, 22.345910787582397, 22.341652393341064, 22.527756214141846, 22.471831560134888, 22.834751844406128, 22.789339303970337, 22.60913372039795, 22.29444146156311, 22.144033432006836, 22.22092294692993, 22.358174324035645, 22.069527864456177, 22.51004385948181, 49.20237922668457, 22.09497857093811, 22.527621507644653, 22.233879327774048, 22.891958236694336, 22.191537141799927]"
25,60,6,10.766942887250133,10.84093057226162,10.63916685973407,25.618640697002412,0.25367069125735425,0.12092585971963586,0.11289693348409846,"[np.float64(10.914313115201287), np.float64(10.945413217256315), np.float64(10.65375203615601), np.float64(10.901699493718201), np.float64(10.730289646211713), np.float64(10.692546430827603), np.float64(10.878893966794832), np.float64(10.828695740737034), np.float64(10.867291927625677), np.float64(10.947867234980697), np.float64(10.840853638474531), np.float64(10.805910381283494), np.float64(10.843224934546505), np.float64(10.909699741166234), np.float64(10.822916272478267), np.float64(9.753656815825146), np.float64(10.722775385075236), np.float64(10.80330689214958), np.float64(10.692965767540294), np.float64(10.782785106954016)]","[np.float64(10.834230187962804), np.float64(10.989670213403542), np.float64(10.642550228299429), np.float64(10.965138799992072), np.float64(10.633533529991686), np.float64(10.728019200862693), np.float64(10.731585052700378), np.float64(10.847866567370136), np.float64(11.09454270590461), np.float64(10.99099184765526), np.float64(10.858456027841356), np.float64(10.742921143434039), np.float64(10.88843040757912), np.float64(10.931364581940157), np.float64(10.92553153163955), np.float64(10.74778096055773), np.float64(10.878024786680935), np.float64(10.834805416811797), np.float64(10.762324227229417), np.float64(10.790844027375677)]","[np.float64(10.76535723533674), np.float64(10.850526882351343), np.float64(10.60194871105146), np.float64(10.751320131004206), np.float64(10.380049273005195), np.float64(10.53823446487807), np.float64(10.686818804291494), np.float64(10.6628248435825), np.float64(10.538170345446918), np.float64(10.707882769845467), np.float64(10.679108919170478), np.float64(10.669145257119249), np.float64(10.610474079659607), np.float64(10.813249948016654), np.float64(10.636730699743637), np.float64(10.556543664897898), np.float64(10.500879356126436), np.float64(10.652100397433664), np.float64(10.52719773325052), np.float64(10.654773678469864)]","[23.607436895370483, 23.98397445678711, 24.24381446838379, 24.355536699295044, 24.32613754272461, 24.34734296798706, 24.085362911224365, 24.390499591827393, 24.51922917366028, 24.35231852531433, 24.339308738708496, 24.38558030128479, 24.16340184211731, 24.35590696334839, 24.072394371032715, 24.010193347930908, 24.30643367767334, 24.55261516571045, 23.597644805908203, 52.377681493759155]"
25,65,4,9.701176614288856,9.896383043424207,9.73824993272638,20.735387599468233,0.3608088247082747,0.0961274003686567,0.08861029384394603,"[np.float64(9.839453099302936), np.float64(9.794802640817773), np.float64(9.811919503280953), np.float64(9.948899104079276), np.float64(9.866153233150577), np.float64(10.006814241264077), np.float64(9.830759227720906), np.float64(10.047936806490002), np.float64(8.990512712070997), np.float64(9.027834751410477), np.float64(9.952145193163634), np.float64(8.976303861618845), np.float64(9.067910380930359), np.float64(9.844471029603863), np.float64(9.779958498908124), np.float64(9.866420926432129), np.float64(9.940180947131335), np.float64(9.698130255964601), np.float64(9.849240338035834), np.float64(9.883685534400435)]","[np.float64(9.964042399407036), np.float64(9.792959114449085), np.float64(9.764795348299677), np.float64(9.99821939194123), np.float64(9.858213418809086), np.float64(10.02765827399791), np.float64(9.83526296850029), np.float64(10.025112372144338), np.float64(9.911485356916176), np.float64(9.963988874019407), np.float64(9.978302591286308), np.float64(9.883355046935861), np.float64(10.067190228323023), np.float64(9.81489652308901), np.float64(9.815459381590829), np.float64(9.818696860500813), np.float64(9.953520297426326), np.float64(9.74922197930595), np.float64(9.803723037560069), np.float64(9.901557403981695)]","[np.float64(9.630280971783748), np.float64(9.714496968818835), np.float64(9.737624884508188), np.float64(9.792328688609524), np.float64(9.659796323699165), np.float64(9.892778651574176), np.float64(9.736697567557748), np.float64(9.82949786250286), np.float64(9.644388296046937), np.float64(9.715709292808778), np.float64(9.857717002922495), np.float64(9.771566239328333), np.float64(9.77041739365458), np.float64(9.725938308074038), np.float64(9.755252749839498), np.float64(9.755222295859106), np.float64(9.821948445227708), np.float64(9.519820161447136), np.float64(9.634386869016982), np.float64(9.799129681247766)]","[20.854725122451782, 20.922673225402832, 20.618560075759888, 20.752683401107788, 20.420547246932983, 20.73493790626526, 20.52118730545044, 20.793555736541748, 21.473774194717407, 20.68494987487793, 20.35583186149597, 20.693583965301514, 20.61801314353943, 21.380550146102905, 20.770538568496704, 20.41890287399292, 20.718379735946655, 20.882744550704956, 20.766895294189453, 20.32471776008606]"
25,65,5,10.307727214815335,10.441245377432676,10.283963830475138,24.003140234947203,0.3664233718316921,0.10873220243144403,0.13226669650619205,"[np.float64(9.495813947581052), np.float64(10.567102197525328), np.float64(10.346212524200572), np.float64(10.603980566209101), np.float64(10.49743405953921), np.float64(10.539503311263518), np.float64(10.475344868396952), np.float64(10.419397136594258), np.float64(10.572450360525055), np.float64(10.528896320940019), np.float64(10.448089897293118), np.float64(10.454416816096506), np.float64(9.505383208121483), np.float64(10.401634997266997), np.float64(10.451256065864458), np.float64(10.193680272147786), np.float64(10.500405179644982), np.float64(10.27691543768055), np.float64(10.411416491173611), np.float64(9.465210638242134)]","[np.float64(10.425439840058775), np.float64(10.47529078095387), np.float64(10.254785838404139), np.float64(10.665567352279767), np.float64(10.5533621004795), np.float64(10.623169357889058), np.float64(10.513038139879976), np.float64(10.384381809866106), np.float64(10.531473144525737), np.float64(10.437560353319684), np.float64(10.408529043188413), np.float64(10.499385586312028), np.float64(10.339014323578802), np.float64(10.30879121215071), np.float64(10.402494992819774), np.float64(10.400261948129332), np.float64(10.545837732747778), np.float64(10.358807940467885), np.float64(10.401262391243895), np.float64(10.296453660358292)]","[np.float64(10.070609786744487), np.float64(10.410094524761913), np.float64(10.102833910493803), np.float64(10.461218507190665), np.float64(10.32344285584627), np.float64(10.56979988056592), np.float64(10.275391405638219), np.float64(10.218787537864323), np.float64(10.42637061436562), np.float64(10.355584831810145), np.float64(10.242540861307328), np.float64(10.33618559246649), np.float64(10.295042556420212), np.float64(10.225144185813924), np.float64(10.263483021655974), np.float64(10.044815770748084), np.float64(10.370276377209713), np.float64(10.144458295804839), np.float64(10.292730953461412), np.float64(10.250465139333425)]","[22.480792760849, 22.45844864845276, 22.59290099143982, 22.74521255493164, 22.42257595062256, 22.332410097122192, 22.35778260231018, 23.402791023254395, 51.945271253585815, 22.620368480682373, 22.62771964073181, 22.48271369934082, 22.450270652770996, 22.513677835464478, 22.092601776123047, 22.4883713722229, 22.514427423477173, 22.5736346244812, 22.696306467056274, 22.264526844024658]"
25,65,6,10.624969840414199,10.863927895813891,10.672731980760371,25.762111592292786,0.4657846838669859,0.10791510765237815,0.12405287360219956,"[np.float64(10.713234277225373), np.float64(10.79541200545553), np.float64(9.778994154702847), np.float64(9.772338938130849), np.float64(10.885362523714049), np.float64(10.87087852608847), np.float64(10.955894075321385), np.float64(10.94356487697509), np.float64(10.884482906839143), np.float64(9.991863544578969), np.float64(9.850397440073383), np.float64(10.983638105937478), np.float64(10.916666640461044), np.float64(10.909268686373526), np.float64(10.893859315711115), np.float64(10.865091323847222), np.float64(9.852297801632373), np.float64(10.762899933714396), np.float64(10.950997792886277), np.float64(10.922253938615448)]","[np.float64(10.666434833011278), np.float64(10.726390363135321), np.float64(10.820269654409165), np.float64(10.723371726988757), np.float64(10.89668031982025), np.float64(11.010376190183885), np.float64(10.954367727305996), np.float64(10.924685112114037), np.float64(10.950189051374466), np.float64(10.970930808706482), np.float64(10.775085845379648), np.float64(11.025764533680343), np.float64(10.919060126175033), np.float64(10.94962793058093), np.float64(10.795371644640197), np.float64(10.845013490352091), np.float64(10.777563062662322), np.float64(10.709657128645114), np.float64(10.947013341648324), np.float64(10.89070502546418)]","[np.float64(10.522168912452834), np.float64(10.638049350461635), np.float64(10.435131065057421), np.float64(10.454802117156797), np.float64(10.707837634197114), np.float64(10.641942632058115), np.float64(10.815892984215001), np.float64(10.69809986754891), np.float64(10.640862480095507), np.float64(10.807175910329791), np.float64(10.65150795354146), np.float64(10.876712778495556), np.float64(10.830737702071236), np.float64(10.71218653791156), np.float64(10.635792995652238), np.float64(10.800162346489316), np.float64(10.551099434457553), np.float64(10.561085657635942), np.float64(10.720302552949564), np.float64(10.753088702429869)]","[24.74885058403015, 24.399118661880493, 24.322726726531982, 24.264958381652832, 23.98062753677368, 24.019556283950806, 24.38661551475525, 24.443862199783325, 24.06268835067749, 24.10464859008789, 24.41640067100525, 24.207327365875244, 24.51940655708313, 24.349807024002075, 24.157752513885498, 54.014538288116455, 24.042327880859375, 24.379874229431152, 24.525044679641724, 23.89609980583191]"
25,70,4,9.766147987120897,9.88891764110365,9.727717075833086,20.57261950969696,0.3290460672605487,0.07145702337924686,0.09171915728564824,"[np.float64(9.906754938465049), np.float64(9.935655046349455), np.float64(9.933862205595748), np.float64(9.865053995669575), np.float64(9.796822480835191), np.float64(9.860635457700612), np.float64(9.89620905752249), np.float64(9.914789893553069), np.float64(9.883732907081958), np.float64(9.087872817280207), np.float64(9.962695704252212), np.float64(9.010478076543988), np.float64(9.909344233477158), np.float64(8.940068493525699), np.float64(9.952552796915677), np.float64(9.923807164343193), np.float64(9.767410675574846), np.float64(9.921546128865337), np.float64(9.92846025773094), np.float64(9.925207411135535)]","[np.float64(9.908941993859504), np.float64(9.953703651976326), np.float64(9.932543212911199), np.float64(9.924164172632983), np.float64(9.73718620582892), np.float64(9.84851978292308), np.float64(9.869857709571518), np.float64(9.942985965996067), np.float64(9.88904456400033), np.float64(9.894488403599393), np.float64(9.87630057323251), np.float64(9.860357284447506), np.float64(9.987551256690674), np.float64(9.800054846586473), np.float64(9.94750318748937), np.float64(9.91690429349249), np.float64(9.710973062909181), np.float64(9.936602770022558), np.float64(9.884471661005557), np.float64(9.956198222897337)]","[np.float64(9.716040952063), np.float64(9.852920251945758), np.float64(9.671158397461717), np.float64(9.773444756421227), np.float64(9.491575284115378), np.float64(9.677670076434861), np.float64(9.802393960290349), np.float64(9.85064573877817), np.float64(9.689024754900014), np.float64(9.743336658867278), np.float64(9.766281105512975), np.float64(9.724053775232072), np.float64(9.805084922822026), np.float64(9.620069644326545), np.float64(9.798475303559123), np.float64(9.735007500488052), np.float64(9.610704035729578), np.float64(9.784481886825933), np.float64(9.812903757685831), np.float64(9.629068753201832)]","[20.393802881240845, 20.58749485015869, 20.565420866012573, 20.43811345100403, 20.857836723327637, 20.36858344078064, 20.376208543777466, 20.51201367378235, 20.64737033843994, 20.638853311538696, 20.786500215530396, 20.528899431228638, 20.884758710861206, 20.464948415756226, 20.530142545700073, 20.37974786758423, 20.581798553466797, 20.7075035572052, 20.896566152572632, 20.305826663970947]"
25,70,5,10.362080473734988,10.508463179002602,10.331316654434083,23.77411960363388,0.3502913411496887,0.10817021545226185,0.10457207104619638,"[np.float64(9.679063996368896), np.float64(10.638019959449444), np.float64(9.520433271190317), np.float64(10.453234813206116), np.float64(10.537820957407718), np.float64(10.576977579385332), np.float64(10.55697861731562), np.float64(10.440634534513178), np.float64(10.387198405585671), np.float64(10.407148772485947), np.float64(9.497324683789527), np.float64(10.486304014716687), np.float64(10.523242173689484), np.float64(10.551088564079535), np.float64(10.543633113932474), np.float64(10.492262670122306), np.float64(10.460736124635373), np.float64(10.454424536934148), np.float64(10.45956232306671), np.float64(10.575520362825289)]","[np.float64(10.669243894602602), np.float64(10.664412256100011), np.float64(10.370332670210745), np.float64(10.486127558834031), np.float64(10.618629978293567), np.float64(10.542514901891222), np.float64(10.372635510665651), np.float64(10.383041939083034), np.float64(10.464660373029222), np.float64(10.385058406913284), np.float64(10.396686233384573), np.float64(10.5786205092258), np.float64(10.5132400285022), np.float64(10.658001842099313), np.float64(10.474526765934801), np.float64(10.496966015262657), np.float64(10.446405359385553), np.float64(10.392288241156846), np.float64(10.605996772504778), np.float64(10.649874322972156)]","[np.float64(10.450207239069687), np.float64(10.565106643589113), np.float64(10.08833266216272), np.float64(10.294427138403998), np.float64(10.371265105406142), np.float64(10.391904329724696), np.float64(10.345128877414098), np.float64(10.279628741290171), np.float64(10.272810892152107), np.float64(10.134562532833227), np.float64(10.328428182897433), np.float64(10.355494528167238), np.float64(10.341366108978432), np.float64(10.378572475091982), np.float64(10.448133824459601), np.float64(10.279078264594288), np.float64(10.344379405538193), np.float64(10.246564094727235), np.float64(10.339828643799994), np.float64(10.371113398381299)]","[22.631675958633423, 22.364409923553467, 22.3158016204834, 21.93509578704834, 22.18224859237671, 53.37464118003845, 22.555830717086792, 22.206825494766235, 22.679852724075317, 22.566558837890625, 22.027055263519287, 21.712788105010986, 22.11596369743347, 22.254997968673706, 22.264305353164673, 22.21906805038452, 22.213406801223755, 22.364070892333984, 21.76589822769165, 21.73189687728882]"
25,70,6,10.726775355189863,10.941887299648814,10.736271662191903,25.584086966514587,0.40969769085603147,0.10071834480928474,0.09415906813378196,"[np.float64(9.975594100092659), np.float64(10.937481913928716), np.float64(10.988636002319776), np.float64(10.930080946867214), np.float64(11.026502841069147), np.float64(10.968287144242943), np.float64(11.05671369460891), np.float64(9.961849948717806), np.float64(10.965809446502403), np.float64(10.83511095297807), np.float64(10.781282291225567), np.float64(10.940795399305125), np.float64(10.982484406983923), np.float64(10.867869450036094), np.float64(10.884436566950779), np.float64(11.042926802668207), np.float64(9.952941446253531), np.float64(10.700443912633794), np.float64(10.839279611010232), np.float64(9.896980225402382)]","[np.float64(10.946656950423424), np.float64(10.986481958479768), np.float64(11.014418433645359), np.float64(10.87587079822743), np.float64(10.996571275984627), np.float64(11.000611805525676), np.float64(11.159549947209122), np.float64(10.94024961419769), np.float64(11.003599967259923), np.float64(10.911934707244384), np.float64(10.787771767742013), np.float64(10.979433418884295), np.float64(10.914257155871084), np.float64(10.92755610934855), np.float64(10.937670785716454), np.float64(11.129192127104904), np.float64(10.803846671640887), np.float64(10.754335301472883), np.float64(10.897843783959162), np.float64(10.869893413038634)]","[np.float64(10.65357721307792), np.float64(10.674369856904416), np.float64(10.664952603793122), np.float64(10.67614933035364), np.float64(10.899021539106077), np.float64(10.713754344070562), np.float64(10.85733986032616), np.float64(10.748962082079236), np.float64(10.852056648450176), np.float64(10.716294674169863), np.float64(10.669328669315643), np.float64(10.768551825544424), np.float64(10.778903328179844), np.float64(10.79497230316452), np.float64(10.711877023065593), np.float64(10.917160868100694), np.float64(10.657767451687384), np.float64(10.531015004984807), np.float64(10.735771245475032), np.float64(10.703607371988962)]","[23.930267095565796, 24.070676565170288, 24.004000425338745, 24.296828985214233, 23.620527029037476, 24.112863302230835, 24.066638469696045, 23.92779850959778, 24.166194677352905, 23.61479902267456, 23.93596577644348, 23.95417881011963, 24.237332344055176, 24.164427042007446, 23.90270233154297, 56.12912082672119, 24.12169337272644, 23.840189218521118, 23.697528839111328, 23.888006687164307]"
30,60,4,9.608736586756903,9.650503678444498,9.492595689581496,20.86067063808441,0.20574453558923286,0.10120950855244161,0.11233809746728753,"[np.float64(9.65785790037831), np.float64(9.598828085824664), np.float64(9.642730443957163), np.float64(9.701867030321598), np.float64(9.766594277096782), np.float64(9.636434396188605), np.float64(9.706538306462003), np.float64(9.529058311139913), np.float64(8.814900920419378), np.float64(9.558156428428669), np.float64(9.75224175769599), np.float64(9.551945955832949), np.float64(9.583278509093482), np.float64(9.623350070110455), np.float64(9.642661931723849), np.float64(9.840180011015502), np.float64(9.780323847504816), np.float64(9.638750593303069), np.float64(9.521935803130004), np.float64(9.627097155510846)]","[np.float64(9.643381222321707), np.float64(9.541348760379547), np.float64(9.682270312025162), np.float64(9.718243643175935), np.float64(9.798118545863968), np.float64(9.705387954510755), np.float64(9.668560560634958), np.float64(9.6400961856226), np.float64(9.714518294863629), np.float64(9.544349037891575), np.float64(9.690818555956465), np.float64(9.518218032703814), np.float64(9.549961895857988), np.float64(9.727742582370155), np.float64(9.645413477387732), np.float64(9.85901093478739), np.float64(9.718346298911605), np.float64(9.55409051054337), np.float64(9.441084049061297), np.float64(9.649112714020303)]","[np.float64(9.53007312915993), np.float64(9.378923498548469), np.float64(9.461869554060995), np.float64(9.602536769763606), np.float64(9.584745528928796), np.float64(9.445090078455191), np.float64(9.519400691556106), np.float64(9.260232284399848), np.float64(9.482941860222606), np.float64(9.299380230883287), np.float64(9.625950886947713), np.float64(9.430774750329093), np.float64(9.474387049742933), np.float64(9.485411678249779), np.float64(9.53682321773502), np.float64(9.699447283818659), np.float64(9.64503647288327), np.float64(9.482185012413503), np.float64(9.362864269581674), np.float64(9.543839543949451)]","[20.653419971466064, 20.48590898513794, 20.311830520629883, 20.92153286933899, 20.410749435424805, 20.66082787513733, 20.65950632095337, 20.675637245178223, 21.085471630096436, 21.263920545578003, 21.1451678276062, 20.598323583602905, 20.872300386428833, 21.127627849578857, 21.067441940307617, 20.97675085067749, 21.608124256134033, 20.879210233688354, 20.849205493927002, 20.9604549407959]"
30,60,5,10.189933746127503,10.334529569347843,10.18326729722093,24.26695920228958,0.3723375925648463,0.13897107782523818,0.1270039074008215,"[np.float64(10.164133396546703), np.float64(10.214245380470619), np.float64(10.442149200775974), np.float64(10.461731713057771), np.float64(10.423541564212917), np.float64(10.317835157333706), np.float64(9.313423592759726), np.float64(10.20477078694335), np.float64(10.406549563900072), np.float64(9.412213837567535), np.float64(10.312715162658417), np.float64(10.442888434578157), np.float64(10.268246299981776), np.float64(10.5226355507578), np.float64(10.276243250079942), np.float64(10.24485702329978), np.float64(10.298110128929839), np.float64(10.493222143735766), np.float64(10.221746856811349), np.float64(9.357415878148847)]","[np.float64(10.106981866634994), np.float64(10.251034132215318), np.float64(10.504622551724387), np.float64(10.493657674584979), np.float64(10.441032269233991), np.float64(10.353513779677966), np.float64(10.174391831021177), np.float64(10.24140123336191), np.float64(10.326226610287756), np.float64(10.332761164675038), np.float64(10.364425226200728), np.float64(10.532482935064538), np.float64(10.219976160354653), np.float64(10.522925451188803), np.float64(10.121365580400342), np.float64(10.20995287122536), np.float64(10.291905884295982), np.float64(10.559151729962322), np.float64(10.268565985084788), np.float64(10.37421644976185)]","[np.float64(10.01900447972647), np.float64(10.127704542295902), np.float64(10.342613825066973), np.float64(10.382563838539205), np.float64(10.279788419415429), np.float64(10.09342779383819), np.float64(10.035303313774172), np.float64(10.132951949182592), np.float64(10.253963030196907), np.float64(10.168574088363545), np.float64(10.166118844627725), np.float64(10.268678166637354), np.float64(10.138244725044984), np.float64(10.327655965855197), np.float64(10.079154285216283), np.float64(10.077669535263418), np.float64(10.17027678687506), np.float64(10.47056250564872), np.float64(10.091857521391992), np.float64(10.039232327458457)]","[22.096885681152344, 22.228436946868896, 22.974578380584717, 22.56092619895935, 22.46213459968567, 22.609588384628296, 22.203732013702393, 22.390721321105957, 57.68178200721741, 22.746535062789917, 22.774975538253784, 22.824456453323364, 22.362186670303345, 22.56156039237976, 22.263338565826416, 22.12576675415039, 22.35803771018982, 22.93384027481079, 22.564181327819824, 22.615519762039185]"
30,60,6,10.666249864885163,10.751797958332286,10.608375014147747,24.11622153520584,0.31001549656172234,0.09574683186361509,0.09638741261192699,"[np.float64(10.715115290604443), np.float64(10.896468056663947), np.float64(9.796815108174343), np.float64(10.73427953700983), np.float64(10.777260381747878), np.float64(10.784169495192685), np.float64(10.705215044578154), np.float64(10.67051711225102), np.float64(9.79080516635709), np.float64(10.672127189720747), np.float64(10.736742503303761), np.float64(10.630665110673586), np.float64(10.979138568346066), np.float64(10.800513998609775), np.float64(10.830300598186238), np.float64(10.849363431583152), np.float64(10.727732558135456), np.float64(10.7560718738901), np.float64(10.659017856181382), np.float64(10.812678416493622)]","[np.float64(10.730161471704482), np.float64(10.893535167252592), np.float64(10.590335344770146), np.float64(10.7923238064254), np.float64(10.800533529506902), np.float64(10.852457860956768), np.float64(10.733459378746483), np.float64(10.591423350891413), np.float64(10.726117892313027), np.float64(10.631277256876961), np.float64(10.729863388541585), np.float64(10.648150029585082), np.float64(10.952424137603698), np.float64(10.77719253747405), np.float64(10.773626301698522), np.float64(10.795398852056314), np.float64(10.78533441625781), np.float64(10.747887787803522), np.float64(10.651833221421045), np.float64(10.832623434759908)]","[np.float64(10.594702314335228), np.float64(10.745463048002335), np.float64(10.537915200700025), np.float64(10.532351950286753), np.float64(10.636717236090371), np.float64(10.670885664651564), np.float64(10.6339026437668), np.float64(10.513502046226495), np.float64(10.421333616423087), np.float64(10.52438227961393), np.float64(10.534109221636506), np.float64(10.535103537333706), np.float64(10.792498262549634), np.float64(10.659579411834027), np.float64(10.667389942837616), np.float64(10.745497562881871), np.float64(10.662747706791876), np.float64(10.67873473496077), np.float64(10.498290232636009), np.float64(10.582393669396325)]","[24.217169523239136, 23.954453468322754, 24.444442987442017, 24.280988454818726, 24.092827320098877, 24.196052074432373, 24.229305267333984, 23.64803171157837, 23.83910894393921, 23.805522918701172, 24.600633144378662, 24.02450442314148, 24.473530292510986, 23.962434768676758, 24.215285778045654, 24.049516677856445, 24.308298587799072, 24.185409784317017, 23.991164445877075, 23.805750131607056]"
30,65,4,9.546510643470985,9.74510458755653,9.56801101244027,22.62867683172226,0.36478909461889586,0.09177269041358961,0.11848009391894282,"[np.float64(9.556908657066732), np.float64(8.816196710510333), np.float64(9.644934239588425), np.float64(9.741665567303526), np.float64(9.768310271949813), np.float64(9.679436793243417), np.float64(8.822046009208032), np.float64(9.685636329297932), np.float64(8.842777757672968), np.float64(9.76876689330294), np.float64(9.771322294114492), np.float64(9.720685512136017), np.float64(9.766807594760907), np.float64(9.733961053428335), np.float64(9.606183381016029), np.float64(9.798614735234729), np.float64(9.716901645852708), np.float64(8.9119835011892), np.float64(9.714611237004728), np.float64(9.86246268553844)]","[np.float64(9.544005986576051), np.float64(9.699772980231513), np.float64(9.569397686454963), np.float64(9.730181622134518), np.float64(9.829719385981624), np.float64(9.734122755096394), np.float64(9.759465195832847), np.float64(9.745710191148783), np.float64(9.751962819809926), np.float64(9.7847476454674), np.float64(9.767503020013493), np.float64(9.659457811254288), np.float64(9.87576759471906), np.float64(9.785231114757249), np.float64(9.623269960086972), np.float64(9.873078176604135), np.float64(9.776262423896698), np.float64(9.827529193551081), np.float64(9.715258430283606), np.float64(9.849647757229974)]","[np.float64(9.40880184654866), np.float64(9.498242158231172), np.float64(9.460241421201856), np.float64(9.668130046015841), np.float64(9.655629778183927), np.float64(9.606871812603352), np.float64(9.5091823958555), np.float64(9.4781272244117), np.float64(9.52442325063862), np.float64(9.765915338329528), np.float64(9.583922552551988), np.float64(9.548960002376628), np.float64(9.580327216991162), np.float64(9.581776532602923), np.float64(9.421918165043405), np.float64(9.7524669274905), np.float64(9.445450445608936), np.float64(9.557124653534132), np.float64(9.474704056804256), np.float64(9.838004423781292)]","[20.2712459564209, 20.46261191368103, 59.2848961353302, 20.800861358642578, 20.94225788116455, 20.867615461349487, 20.20318913459778, 20.939578533172607, 20.65334391593933, 20.49600911140442, 21.019864082336426, 20.721795082092285, 20.650047540664673, 20.727837085723877, 20.846192598342896, 20.68453621864319, 20.94305443763733, 20.29209017753601, 20.883464336395264, 20.88304567337036]"
30,65,5,10.39135647824189,10.409538262135209,10.26231631453634,24.30712436437607,0.08410786256727316,0.0904324479725888,0.09146924865327978,"[np.float64(10.367178020759878), np.float64(10.379638538588663), np.float64(10.469543780308213), np.float64(10.47348319697815), np.float64(10.245316059506301), np.float64(10.483431091203913), np.float64(10.400730779756504), np.float64(10.231561413194264), np.float64(10.408258223527898), np.float64(10.340727821661467), np.float64(10.32218110255739), np.float64(10.436471402728186), np.float64(10.46419700128615), np.float64(10.404353862851286), np.float64(10.344014440782699), np.float64(10.306666918957236), np.float64(10.318418339684188), np.float64(10.565635696462078), np.float64(10.462136032334676), np.float64(10.403185841708682)]","[np.float64(10.377387800406881), np.float64(10.399361074611686), np.float64(10.58861778755898), np.float64(10.542959234340422), np.float64(10.302306053935348), np.float64(10.451312870698581), np.float64(10.49026944347457), np.float64(10.268377961856174), np.float64(10.406986129617458), np.float64(10.319164880835254), np.float64(10.331500851905496), np.float64(10.43896216433519), np.float64(10.461102334975015), np.float64(10.420379154554007), np.float64(10.304123661906132), np.float64(10.340612504785744), np.float64(10.306273978364397), np.float64(10.538290686157078), np.float64(10.442043553333802), np.float64(10.46073311505195)]","[np.float64(10.189122099164514), np.float64(10.220962096418585), np.float64(10.408039852685597), np.float64(10.368213609355218), np.float64(10.144776794745233), np.float64(10.385279709725754), np.float64(10.243709257060443), np.float64(10.184355412474101), np.float64(10.279959931212872), np.float64(10.270969333365855), np.float64(10.13580466255138), np.float64(10.251326353181629), np.float64(10.40377881768), np.float64(10.260695880748855), np.float64(10.241455501860642), np.float64(10.219971592557867), np.float64(10.11906819206434), np.float64(10.41583546166645), np.float64(10.229003428021851), np.float64(10.273998304185628)]","[22.037734270095825, 22.355852365493774, 22.42866826057434, 22.57409405708313, 22.424797296524048, 22.227195024490356, 22.278599739074707, 22.212066888809204, 22.18845558166504, 22.453193187713623, 22.450716018676758, 22.026541709899902, 22.61122155189514, 22.150827169418335, 22.568763971328735, 22.089675903320312, 22.66666579246521, 22.18340802192688, 22.414260387420654, 61.799750089645386]"
30,65,6,10.670531331839143,10.805407348768693,10.642982480972737,24.139493227005005,0.3846661811198985,0.10369574996550379,0.09959968205153016,"[np.float64(10.862491596936904), np.float64(10.782646074429381), np.float64(9.750409856569867), np.float64(10.964926643547209), np.float64(10.824220961194042), np.float64(10.817047554092987), np.float64(10.876137843186624), np.float64(10.739022065107525), np.float64(10.929386013574915), np.float64(9.71567163137689), np.float64(10.848182451666519), np.float64(10.711282554634117), np.float64(9.922775476037579), np.float64(10.907444571104897), np.float64(10.90482337891484), np.float64(10.792545561172737), np.float64(10.783261397657515), np.float64(10.750832175343628), np.float64(10.802878955352835), np.float64(10.724639874881843)]","[np.float64(10.880585186519113), np.float64(10.751392197730276), np.float64(10.601935633419076), np.float64(10.870470518387465), np.float64(10.867867485222806), np.float64(10.769423923228349), np.float64(10.875982252709372), np.float64(10.746273977963746), np.float64(11.068335424590547), np.float64(10.641726796491668), np.float64(10.731703740231543), np.float64(10.721004546255433), np.float64(10.81496461728376), np.float64(10.91632474919432), np.float64(10.82291781361803), np.float64(10.871951901880596), np.float64(10.8157704545286), np.float64(10.839901406462689), np.float64(10.790667098648212), np.float64(10.708947251008238)]","[np.float64(10.654706850436366), np.float64(10.586424232749007), np.float64(10.499847496846334), np.float64(10.7865715196209), np.float64(10.638118165243231), np.float64(10.671433191720222), np.float64(10.71516612074506), np.float64(10.612511478435287), np.float64(10.679898413316362), np.float64(10.545001478165386), np.float64(10.70006489546625), np.float64(10.516470838196435), np.float64(10.750935271894704), np.float64(10.762201820068487), np.float64(10.80140399629569), np.float64(10.673622459428527), np.float64(10.62052088757046), np.float64(10.589205551885794), np.float64(10.639564619688748), np.float64(10.415980331681492)]","[24.015580415725708, 23.86258101463318, 24.30145502090454, 24.553125619888306, 24.59845733642578, 23.94459867477417, 24.272149085998535, 23.80463719367981, 24.319403409957886, 23.96226954460144, 24.145744800567627, 24.243579864501953, 23.79211449623108, 23.921085596084595, 24.082209587097168, 24.07683515548706, 24.210458040237427, 23.88797426223755, 24.725853443145752, 24.069751977920532]"
30,70,4,9.529088561721872,9.830525336222415,9.587670978947138,22.5267662525177,0.5750743399447623,0.08878151462713438,0.09257851582693992,"[np.float64(9.74705254094454), np.float64(8.906922078833825), np.float64(9.846878188613799), np.float64(9.80282677473587), np.float64(8.05727280767053), np.float64(9.715317080913167), np.float64(9.74911185871447), np.float64(9.885919240075374), np.float64(9.637809797550105), np.float64(8.054811412767288), np.float64(9.790804609871275), np.float64(9.736189971374156), np.float64(9.83127387324361), np.float64(9.912671665406746), np.float64(9.763938890279649), np.float64(9.82252155900165), np.float64(8.910338239685034), np.float64(9.829444913656241), np.float64(9.862248626219225), np.float64(9.7184171048809)]","[np.float64(9.831533294826896), np.float64(9.796007973665839), np.float64(9.804133316777273), np.float64(9.871530006205612), np.float64(9.868249780759248), np.float64(9.685675512191777), np.float64(9.803760213329497), np.float64(10.049503426913706), np.float64(9.679345426712258), np.float64(9.78937335340096), np.float64(9.899734802543543), np.float64(9.736622380472712), np.float64(9.908045359159557), np.float64(9.986877178475323), np.float64(9.850437929305569), np.float64(9.848162208337179), np.float64(9.781767927298722), np.float64(9.783540360084377), np.float64(9.83937915721057), np.float64(9.796827116777683)]","[np.float64(9.571482904402254), np.float64(9.415444917576712), np.float64(9.564347644195468), np.float64(9.561659564821465), np.float64(9.427820867597804), np.float64(9.55348171118469), np.float64(9.653768581746963), np.float64(9.595842391437978), np.float64(9.485312323824521), np.float64(9.60444530021647), np.float64(9.617958517003812), np.float64(9.635467171282475), np.float64(9.593524536654176), np.float64(9.793202903936333), np.float64(9.67027524704686), np.float64(9.682973182500152), np.float64(9.586327781297612), np.float64(9.662480158611952), np.float64(9.633736390078592), np.float64(9.443867483526452)]","[20.460083484649658, 20.283854007720947, 20.384057760238647, 20.614510774612427, 20.080708742141724, 21.915910005569458, 20.183255434036255, 20.63477087020874, 20.386817932128906, 20.36597490310669, 20.524582862854004, 20.503446578979492, 20.889932870864868, 20.763827323913574, 20.479095935821533, 60.8447368144989, 20.041497230529785, 20.340643644332886, 20.572068452835083, 20.265549421310425]"
30,70,5,10.28700771108607,10.420089999583341,10.27756577636911,22.158271396160124,0.3580803734545407,0.09760625339753828,0.10056183120299811,"[np.float64(10.499072716802178), np.float64(10.422251703002171), np.float64(10.598260856379003), np.float64(10.477109702149683), np.float64(10.391299829518273), np.float64(10.427808035677419), np.float64(10.417290793531725), np.float64(10.438037570525706), np.float64(10.28926690816189), np.float64(10.448759503288931), np.float64(10.263918005794483), np.float64(9.44077530574248), np.float64(10.41315112563133), np.float64(10.513379847990434), np.float64(9.569260945587978), np.float64(10.298676645698642), np.float64(10.475543250451919), np.float64(9.424299414497897), np.float64(10.478147353016247), np.float64(10.453844708272992)]","[np.float64(10.541062238354638), np.float64(10.420078723101135), np.float64(10.605949218832974), np.float64(10.536840528547943), np.float64(10.422780803325978), np.float64(10.45073812559754), np.float64(10.398930067912532), np.float64(10.439627554703206), np.float64(10.131387459523452), np.float64(10.491872871427837), np.float64(10.368186025601359), np.float64(10.34936706386002), np.float64(10.406946797222991), np.float64(10.413721822793248), np.float64(10.426022307345722), np.float64(10.339500642274189), np.float64(10.480997604626772), np.float64(10.372487834136942), np.float64(10.46140168897019), np.float64(10.34390061350815)]","[np.float64(10.38262624396394), np.float64(10.30578489546457), np.float64(10.406446486481235), np.float64(10.288047683859851), np.float64(10.241467037309818), np.float64(10.27339275154835), np.float64(10.316484289005967), np.float64(10.301696023415207), np.float64(10.062504350123184), np.float64(10.24683756887024), np.float64(10.005641769767028), np.float64(10.290184122364838), np.float64(10.33700638266619), np.float64(10.35844689432167), np.float64(10.305971725719733), np.float64(10.178227124035281), np.float64(10.402393880549534), np.float64(10.27857116243602), np.float64(10.319680396108591), np.float64(10.24990473937096)]","[22.134100675582886, 22.176887273788452, 22.051038026809692, 21.73504948616028, 22.29689908027649, 22.21811079978943, 21.938344478607178, 21.989490032196045, 22.22135853767395, 22.488471269607544, 22.336243391036987, 22.585208892822266, 22.017078161239624, 22.334135055541992, 22.045263051986694, 21.984105348587036, 22.14647889137268, 22.102603912353516, 22.053940773010254, 22.31062078475952]"
30,70,6,10.629026800392454,10.87954722205607,10.673818811867338,26.0073704123497,0.5193571689804329,0.09811352737391936,0.12192476339419119,"[np.float64(10.932943047689948), np.float64(10.767693142813984), np.float64(9.964652220218762), np.float64(10.913732174072395), np.float64(10.053593125551602), np.float64(10.894223176745236), np.float64(10.784654972917851), np.float64(10.892585230063666), np.float64(10.872022031193444), np.float64(10.82257632608315), np.float64(10.809294583741229), np.float64(10.827923054475884), np.float64(10.911396593412592), np.float64(9.966334706657172), np.float64(10.895142243111591), np.float64(10.880286854398905), np.float64(10.87202709179851), np.float64(8.885695111621404), np.float64(10.764506532383974), np.float64(10.869253788897794)]","[np.float64(10.95698626545987), np.float64(10.73509064810875), np.float64(10.931250710936151), np.float64(10.885602080246581), np.float64(10.969472072837789), np.float64(10.969125296973248), np.float64(10.748658904658681), np.float64(10.912411936779783), np.float64(10.89518170244573), np.float64(10.670537905579005), np.float64(10.838569450965283), np.float64(10.893653849559533), np.float64(10.976419468332452), np.float64(10.95023023799936), np.float64(10.993842892770626), np.float64(10.994722977393442), np.float64(10.91526448145941), np.float64(10.781851900623796), np.float64(10.831732703187633), np.float64(10.740338954804278)]","[np.float64(10.67331057656084), np.float64(10.592310617608167), np.float64(10.770373096935932), np.float64(10.74102262813873), np.float64(10.857996440712629), np.float64(10.661135095188179), np.float64(10.559998413149101), np.float64(10.733062057248842), np.float64(10.623557301299194), np.float64(10.502520385481589), np.float64(10.73429111266762), np.float64(10.538996896386017), np.float64(10.931015521124507), np.float64(10.714974354288994), np.float64(10.731654784728594), np.float64(10.799254245740363), np.float64(10.694848901098998), np.float64(10.436839038433812), np.float64(10.587837603164626), np.float64(10.591377167390046)]","[23.984175443649292, 23.91815972328186, 24.23183846473694, 24.131484031677246, 23.81726312637329, 24.062300443649292, 23.54739475250244, 23.77885866165161, 23.650243520736694, 23.707916498184204, 23.934624433517456, 23.987224817276, 23.895587921142578, 23.995141744613647, 66.59084010124207, 24.363107919692993, 23.67397689819336, 23.575534105300903, 23.741201877593994, 23.56053376197815]"
35,60,4,8.574484888592151,9.078527917250018,8.806349976761682,20.533359503746034,0.6739183757744712,0.2406441328371049,0.1389259198867805,"[np.float64(7.585482244105399), np.float64(9.119091908314715), np.float64(8.444366650913661), np.float64(7.534333092907332), np.float64(8.511663965645415), np.float64(9.483839542653923), np.float64(9.042175970829527), np.float64(9.239344371285544), np.float64(9.260748726178162), np.float64(8.718708792483156), np.float64(7.639359998141828), np.float64(8.452458371243583), np.float64(8.667285501984498), np.float64(8.407718651926087), np.float64(9.425747283350056), np.float64(8.23254951054459), np.float64(7.5995591235517574), np.float64(9.277779252158387), np.float64(7.711601002221013), np.float64(9.135883811404373)]","[np.float64(8.945896606536431), np.float64(8.909915932439443), np.float64(8.84096637997812), np.float64(8.923569025556073), np.float64(9.102506249122154), np.float64(9.46510723848572), np.float64(9.026717073089245), np.float64(8.98275306803116), np.float64(8.948893159938248), np.float64(9.762855995027419), np.float64(8.886108162697381), np.float64(9.053211495475182), np.float64(9.48619993595481), np.float64(8.97957571606869), np.float64(9.253486927205984), np.float64(8.911965116216082), np.float64(8.912421618910395), np.float64(9.179141281134507), np.float64(9.047886613041968), np.float64(8.951380750091326)]","[np.float64(8.774540435030096), np.float64(8.818880222772883), np.float64(8.728534063689798), np.float64(8.895696107037612), np.float64(8.795820150307804), np.float64(9.045978969667859), np.float64(8.875546500728515), np.float64(8.843976793382822), np.float64(8.781575920676762), np.float64(8.990551264276842), np.float64(8.52079324663043), np.float64(8.737869794426633), np.float64(8.840251640306416), np.float64(8.704211536597805), np.float64(9.08214176446711), np.float64(8.642684715352544), np.float64(8.629835244400628), np.float64(8.907498615782703), np.float64(8.700718887446929), np.float64(8.809893662251465)]","[20.282582759857178, 20.330073833465576, 20.180474758148193, 20.39336347579956, 20.42008900642395, 20.73482036590576, 20.782472610473633, 20.76668882369995, 20.633815050125122, 20.40298342704773, 20.725319385528564, 20.2220938205719, 20.36791491508484, 20.599068641662598, 20.621339559555054, 20.828619956970215, 21.318297624588013, 20.598034381866455, 20.32477307319641, 20.13436460494995]"
35,60,5,9.676724124431868,9.855758380212002,9.597605454377506,24.491927516460418,0.43619400466060215,0.23187049594991357,0.1903680990488257,"[np.float64(8.830816455961576), np.float64(10.079630678277233), np.float64(10.072913213848715), np.float64(9.71090501817123), np.float64(9.820006315075553), np.float64(8.971559172240676), np.float64(9.982921813021473), np.float64(9.801784070388958), np.float64(9.907483172114254), np.float64(10.15780122326257), np.float64(9.644037613066864), np.float64(9.81709499341812), np.float64(8.981108927589034), np.float64(9.948414937511954), np.float64(9.021851639051631), np.float64(9.730770800867164), np.float64(9.839534314591544), np.float64(10.26309644063297), np.float64(9.155224995368552), np.float64(9.79752669417727)]","[np.float64(9.70411878131244), np.float64(10.0944887975309), np.float64(10.003998358011433), np.float64(9.67235128126814), np.float64(9.742663633315523), np.float64(9.780251530726822), np.float64(9.723764535540663), np.float64(9.833558264944962), np.float64(9.805789940462228), np.float64(10.47230569566477), np.float64(9.682024267314999), np.float64(9.810249873890635), np.float64(9.822364940610907), np.float64(9.84529821792475), np.float64(9.764683986710425), np.float64(9.643673342423202), np.float64(9.660480665292871), np.float64(10.42931963167571), np.float64(9.879610570972815), np.float64(9.744171288645834)]","[np.float64(9.375066708983367), np.float64(9.88160815348821), np.float64(9.863225211108734), np.float64(9.47456138483259), np.float64(9.498861955123271), np.float64(9.520988090883378), np.float64(9.554271052627705), np.float64(9.61219324434839), np.float64(9.76035656312828), np.float64(9.798752099006197), np.float64(9.147884466772705), np.float64(9.425530433082322), np.float64(9.576039100397454), np.float64(9.674542182083329), np.float64(9.513628720447795), np.float64(9.48113357819789), np.float64(9.549405307518459), np.float64(9.946262384553574), np.float64(9.645857200167928), np.float64(9.65194125079855)]","[22.136698007583618, 21.933902502059937, 21.979358673095703, 22.096686840057373, 22.856382846832275, 22.501173973083496, 22.576508283615112, 22.595310926437378, 22.533072471618652, 22.51848292350769, 22.2191641330719, 22.36441469192505, 22.35618019104004, 22.152662992477417, 65.5073025226593, 22.375972747802734, 22.65131902694702, 22.130188941955566, 22.154693603515625, 22.199074029922485]"
35,60,6,10.127743291630901,10.321186849645805,10.11729199272846,24.039122569561005,0.4680390047583714,0.11348617480747455,0.14085432982981136,"[np.float64(10.376319581280729), np.float64(9.161464924285548), np.float64(10.241162312384237), np.float64(10.488696414330512), np.float64(10.298601224670358), np.float64(9.441943384187258), np.float64(10.322321443936554), np.float64(10.366761575114971), np.float64(10.409143784124417), np.float64(10.534600333483375), np.float64(10.483897285891238), np.float64(10.392953599924478), np.float64(10.354343016653576), np.float64(10.247397509102957), np.float64(10.360941441877536), np.float64(10.267230619652857), np.float64(10.616951988367362), np.float64(9.454471818627674), np.float64(9.37311960242733), np.float64(9.36254397229506)]","[np.float64(10.31570058650028), np.float64(10.17185826357988), np.float64(10.299899029599636), np.float64(10.423142136849773), np.float64(10.325803549432843), np.float64(10.319111304379488), np.float64(10.289535810143759), np.float64(10.31666673731591), np.float64(10.169070032238473), np.float64(10.488567236326567), np.float64(10.487373675325957), np.float64(10.278467912143267), np.float64(10.23492406667), np.float64(10.255621617831771), np.float64(10.419684978001396), np.float64(10.296272390479709), np.float64(10.592963856704747), np.float64(10.334747338173951), np.float64(10.254301844731453), np.float64(10.150024626487228)]","[np.float64(10.218584985244476), np.float64(9.803433686518016), np.float64(10.101102063943978), np.float64(10.223214693336855), np.float64(10.024036626233867), np.float64(10.149057959062684), np.float64(10.014731910988601), np.float64(10.172660469022691), np.float64(10.109272790713407), np.float64(10.265587423848947), np.float64(10.38067080555626), np.float64(10.159404696895523), np.float64(10.043735886424201), np.float64(10.161875600623638), np.float64(10.136165888966854), np.float64(9.953208855684142), np.float64(10.318205797174894), np.float64(10.17890221257494), np.float64(10.054311565626403), np.float64(9.87767593612882)]","[23.62636661529541, 23.700631618499756, 24.249807596206665, 23.919636487960815, 23.817806720733643, 23.946803092956543, 24.02706217765808, 23.776393175125122, 24.01058292388916, 23.905141353607178, 24.365168571472168, 24.116246938705444, 24.196746826171875, 24.29952597618103, 24.493388891220093, 24.148985624313354, 23.731675386428833, 24.174192190170288, 24.176894187927246, 24.099395036697388]"
35,65,4,8.780685593526975,9.253024487855111,8.725185054577452,22.862380349636076,0.8172088999736135,0.28353582881292666,1.047011050160096,"[np.float64(9.346895634655336), np.float64(9.32473176379048), np.float64(6.841660157389392), np.float64(8.433969204936325), np.float64(9.32023674589595), np.float64(8.726746908801381), np.float64(7.648171043834885), np.float64(9.42237735506341), np.float64(9.807986256485586), np.float64(8.818504320642326), np.float64(9.375442220739627), np.float64(9.654488242018424), np.float64(9.522219219443562), np.float64(8.378064068992026), np.float64(7.605720081621595), np.float64(8.516397696029367), np.float64(7.62916686644761), np.float64(9.295264940214187), np.float64(9.291222404090837), np.float64(8.654446739447208)]","[np.float64(9.303099717957142), np.float64(9.098399180363161), np.float64(8.984893723514537), np.float64(9.078350417060536), np.float64(9.180401857428391), np.float64(9.486629181225693), np.float64(9.054933545070968), np.float64(9.24240779827372), np.float64(9.978313692221773), np.float64(9.929916122667318), np.float64(9.210905250450999), np.float64(9.584591208643031), np.float64(9.040079953226522), np.float64(9.023243700539359), np.float64(9.037072846823431), np.float64(9.182075611293852), np.float64(9.122012484136075), np.float64(9.152808422501819), np.float64(9.09224025946368), np.float64(9.27811478424022)]","[np.float64(9.079388927499082), np.float64(8.967580344056906), np.float64(4.358732846095377), np.float64(8.848504689571659), np.float64(8.972937352599281), np.float64(8.947574471054825), np.float64(8.865065150744325), np.float64(9.020403428354754), np.float64(9.605063565087942), np.float64(8.998320028874751), np.float64(9.038141786872561), np.float64(9.108327229012762), np.float64(8.893928132019223), np.float64(8.952095504155157), np.float64(8.613574504315352), np.float64(8.860181560930704), np.float64(8.628643237391465), np.float64(8.886550526770918), np.float64(8.822970807327035), np.float64(9.035716998814937)]","[20.636000394821167, 20.760125160217285, 20.520670175552368, 20.851313591003418, 20.381715059280396, 20.26429796218872, 20.610342979431152, 20.801960706710815, 20.853983640670776, 20.580215454101562, 20.886870622634888, 20.594614505767822, 20.664323091506958, 20.58394169807434, 20.462244510650635, 20.58487296104431, 65.34596967697144, 20.728700399398804, 20.51703453063965, 20.618409872055054]"
35,65,5,9.569367309019558,9.929011780096799,9.661551256261422,22.401439952850343,0.5391330300622852,0.20628635345525637,0.14117966307972782,"[np.float64(10.147182303098925), np.float64(8.973914200982183), np.float64(10.223623227217338), np.float64(10.008017745231083), np.float64(9.322574320787353), np.float64(10.08131590549356), np.float64(9.138971165794404), np.float64(9.924990869279245), np.float64(9.185499528040632), np.float64(9.968164704297884), np.float64(9.967240558653883), np.float64(10.16225480424559), np.float64(8.962974914190314), np.float64(9.838249800795142), np.float64(9.792475589657037), np.float64(9.20894963975076), np.float64(9.108919829782144), np.float64(9.9871526953291), np.float64(9.02300315799377), np.float64(8.361871219770812)]","[np.float64(9.851778020213732), np.float64(9.69856135555385), np.float64(10.124063838408969), np.float64(9.940984082650886), np.float64(10.366955398186727), np.float64(10.099692275485436), np.float64(9.723694838199696), np.float64(9.856485198304846), np.float64(10.080380018812715), np.float64(9.82797636583833), np.float64(10.105982339129877), np.float64(10.160208844809237), np.float64(9.641016997761689), np.float64(9.732577360592865), np.float64(9.68750134114334), np.float64(10.204896012491481), np.float64(9.794059325837004), np.float64(9.799189709182322), np.float64(9.81239138791395), np.float64(10.071840891419024)]","[np.float64(9.745767060315362), np.float64(9.39611107668637), np.float64(10.021382674884789), np.float64(9.787178614845878), np.float64(9.604904723108916), np.float64(9.783017227288799), np.float64(9.587384870567645), np.float64(9.65069562609905), np.float64(9.53765533612017), np.float64(9.65552913189673), np.float64(9.608906702392458), np.float64(9.746961837387499), np.float64(9.476781884411196), np.float64(9.572065311350574), np.float64(9.530609551371782), np.float64(9.776467065601166), np.float64(9.602517639649417), np.float64(9.704293029569136), np.float64(9.616797471538677), np.float64(9.825998290142838)]","[21.987834692001343, 22.24579167366028, 22.21886134147644, 21.95519471168518, 22.130184173583984, 22.256871700286865, 22.264200925827026, 22.67401385307312, 22.69700288772583, 23.117500066757202, 22.236343383789062, 22.168273448944092, 22.50109553337097, 22.409616231918335, 22.338452339172363, 22.32557725906372, 22.450886964797974, 22.19447946548462, 23.52564311027527, 22.33097529411316]"
35,65,6,10.353031252605428,10.468681896477618,10.202394911443438,26.50574095249176,0.3418412856057128,0.1431372452774175,0.14870983653331954,"[np.float64(10.40034857890737), np.float64(10.592757923767618), np.float64(10.474198564301398), np.float64(10.541828829896959), np.float64(10.423692127975267), np.float64(10.506876395227328), np.float64(10.398764419741381), np.float64(10.551493892323386), np.float64(9.530422448139726), np.float64(10.541946112247626), np.float64(10.413529691693936), np.float64(9.668600605525137), np.float64(10.24191642471947), np.float64(10.566000752687913), np.float64(10.589010249634022), np.float64(10.393696329877192), np.float64(10.508054911169877), np.float64(10.592923259858084), np.float64(10.557209550980568), np.float64(9.567353983434314)]","[np.float64(10.36025560880903), np.float64(10.611575439416196), np.float64(10.322106290912789), np.float64(10.70443130503044), np.float64(10.485322190973736), np.float64(10.500011727847156), np.float64(10.238542730419898), np.float64(10.674190318656052), np.float64(10.305556343739674), np.float64(10.651994551554685), np.float64(10.377593863432336), np.float64(10.535484589877417), np.float64(10.176011622576087), np.float64(10.468753369116754), np.float64(10.435724942464466), np.float64(10.392523091070634), np.float64(10.557445219527434), np.float64(10.52863014692094), np.float64(10.540060832031562), np.float64(10.507423745175052)]","[np.float64(10.005420268562624), np.float64(10.47845621299377), np.float64(10.136192864502235), np.float64(10.066967872572537), np.float64(10.02132635799077), np.float64(9.982172233924814), np.float64(10.196788288856402), np.float64(10.234292087845688), np.float64(10.17542318020879), np.float64(10.205403739077616), np.float64(10.129640776217547), np.float64(10.463250204457683), np.float64(10.041063345608478), np.float64(10.245540183505664), np.float64(10.4014153945818), np.float64(10.14793815904805), np.float64(10.272052787107857), np.float64(10.204341533464383), np.float64(10.42735770277897), np.float64(10.212855035563084)]","[24.160251140594482, 23.86111307144165, 24.015957355499268, 24.25872278213501, 24.03147029876709, 24.080960035324097, 25.00839114189148, 24.358280897140503, 24.15330195426941, 23.712470769882202, 24.465275049209595, 24.14357042312622, 24.502269506454468, 23.912358045578003, 23.914366006851196, 24.462722778320312, 24.113528728485107, 24.047802209854126, 24.132518529891968, 70.77948832511902]"
35,70,4,8.7556992506908,9.324326660178277,8.986947190321066,20.42924325466156,0.7682165411837827,0.25032971254336017,0.1343723324545019,"[np.float64(8.518288436354375), np.float64(8.602297445993107), np.float64(9.717839112903652), np.float64(7.526902693544009), np.float64(7.841624514815893), np.float64(9.546039654821593), np.float64(9.62258535917704), np.float64(9.402691298604699), np.float64(8.584253807838266), np.float64(8.859416338048279), np.float64(7.645900757690211), np.float64(9.42656232911015), np.float64(7.483981906751981), np.float64(8.80347509747939), np.float64(9.582801209490993), np.float64(7.71488713323995), np.float64(9.436543114716478), np.float64(9.449481455126593), np.float64(8.684344046500616), np.float64(8.664069301608722)]","[np.float64(9.17800647294857), np.float64(9.02917389340561), np.float64(9.68644271054599), np.float64(9.061425199925935), np.float64(9.34075975202863), np.float64(9.508219625895059), np.float64(9.399753211777115), np.float64(9.264305855505032), np.float64(9.224062797282045), np.float64(10.06334470465776), np.float64(9.107929377341211), np.float64(9.220398828308817), np.float64(9.012987995359003), np.float64(9.438967461472268), np.float64(9.179436235773716), np.float64(9.168321693804527), np.float64(9.494767836413581), np.float64(9.506461506922852), np.float64(9.355332505911123), np.float64(9.24643553828671)]","[np.float64(8.875220302626913), np.float64(8.851850328544995), np.float64(9.274821915709882), np.float64(8.733439047067442), np.float64(9.053731101925294), np.float64(9.011177798775044), np.float64(9.183655217177508), np.float64(8.89492639111885), np.float64(9.028485466933965), np.float64(8.994138616443491), np.float64(8.946568403157016), np.float64(8.99890951232015), np.float64(8.792394360659713), np.float64(8.971488466454915), np.float64(8.915020928140311), np.float64(9.03120653317293), np.float64(9.002960886797592), np.float64(8.90707605892026), np.float64(9.217106175954111), np.float64(9.054766294520938)]","[20.675376176834106, 20.320340156555176, 20.54954195022583, 20.314473867416382, 20.230058908462524, 20.543715476989746, 20.44359517097473, 20.379605054855347, 20.25498366355896, 20.10228180885315, 20.179565906524658, 20.388128519058228, 20.104474306106567, 20.682218313217163, 20.27969527244568, 20.51044464111328, 20.76485276222229, 20.603251695632935, 20.558186292648315, 20.700075149536133]"
35,70,5,9.887309057302975,10.016257212963884,9.752609930614115,22.099630784988403,0.4013111138048864,0.15954606309646363,0.10796582700993768,"[np.float64(9.969432628925416), np.float64(10.170585106813315), np.float64(10.006837922910973), np.float64(10.19283310361185), np.float64(10.109351216863585), np.float64(9.010088455797213), np.float64(9.726485487742202), np.float64(9.934351445053187), np.float64(10.015016070592049), np.float64(10.131293448093786), np.float64(10.12234525132181), np.float64(10.173070230142331), np.float64(9.245022787545318), np.float64(10.08689163576146), np.float64(10.207731852637584), np.float64(9.222180783285205), np.float64(10.023986691517845), np.float64(10.08193744764594), np.float64(9.08964909714742), np.float64(10.22709048265101)]","[np.float64(9.982121918200276), np.float64(10.081965318358007), np.float64(9.816475251100064), np.float64(10.164999658126161), np.float64(10.052776029847413), np.float64(9.84211996023551), np.float64(9.893340863354743), np.float64(9.856378626886402), np.float64(10.082015510056216), np.float64(10.296377010640231), np.float64(10.199637371399628), np.float64(10.027317797492692), np.float64(9.831163531417447), np.float64(10.225069116263912), np.float64(10.243380467970303), np.float64(9.923300269451207), np.float64(9.89706086684563), np.float64(10.071187868511462), np.float64(9.756267042606035), np.float64(10.08218978051434)]","[np.float64(9.693250024876445), np.float64(9.857264659295211), np.float64(9.59290191000025), np.float64(9.890295163418699), np.float64(9.722230168834919), np.float64(9.78936986155211), np.float64(9.530240182618764), np.float64(9.64919729054417), np.float64(9.720483854162637), np.float64(9.811565585935217), np.float64(9.771931720246787), np.float64(9.94288157643274), np.float64(9.793479689018852), np.float64(9.603550420828565), np.float64(9.7717414235535), np.float64(9.782067554612087), np.float64(9.76829207276686), np.float64(9.791911123756048), np.float64(9.662190902203942), np.float64(9.907353427624487)]","[21.915682792663574, 22.062495231628418, 22.0580735206604, 22.250149250030518, 22.036498308181763, 22.072900533676147, 22.12153148651123, 22.118345975875854, 22.39345955848694, 22.222496509552002, 22.237128019332886, 22.35460090637207, 22.068433046340942, 21.681785821914673, 22.302793979644775, 22.062932014465332, 21.900862216949463, 22.34251070022583, 21.848166465759277, 21.94176936149597]"
35,70,6,10.390801117260143,10.53419972493834,10.249150284883957,26.249037754535674,0.38793083367434034,0.19704382593136038,0.15595065216115125,"[np.float64(10.440707653412513), np.float64(10.50458017213869), np.float64(10.460584990893501), np.float64(10.530486107815827), np.float64(10.459845357632828), np.float64(9.525918291306544), np.float64(10.371700829200881), np.float64(9.504403064014793), np.float64(10.5350804024634), np.float64(10.658802515366032), np.float64(10.427704250295495), np.float64(10.49928722058196), np.float64(9.620380350649466), np.float64(10.655815647821273), np.float64(10.503982938516582), np.float64(10.275708815484991), np.float64(10.855181696739857), np.float64(10.712987247355072), np.float64(10.786282833519575), np.float64(10.486581959993554)]","[np.float64(10.363131892535351), np.float64(10.520626270671054), np.float64(10.480569674874959), np.float64(10.38770625974932), np.float64(10.485066093901095), np.float64(10.46688147006471), np.float64(10.394392786842099), np.float64(10.420306138412395), np.float64(10.581228610772396), np.float64(10.48577294627856), np.float64(10.223991449534866), np.float64(10.415966329255442), np.float64(10.551386666444154), np.float64(10.781472414315946), np.float64(10.644766547800938), np.float64(10.467980105903434), np.float64(10.98208530499195), np.float64(10.884252283291536), np.float64(10.823660160825975), np.float64(10.322751092300603)]","[np.float64(10.136142474603894), np.float64(10.218047505603955), np.float64(10.245449942113563), np.float64(10.200674819482686), np.float64(10.328972107597005), np.float64(10.25032337451784), np.float64(10.022654516621305), np.float64(10.064663839644787), np.float64(10.355798489276312), np.float64(10.43476233701745), np.float64(10.157302020676827), np.float64(10.206549822883986), np.float64(10.355911135015159), np.float64(10.429946138260522), np.float64(10.297380299668205), np.float64(9.897213205158938), np.float64(10.566093006234881), np.float64(10.260389711548331), np.float64(10.390861453852638), np.float64(10.163869497900833)]","[24.10313057899475, 23.82842755317688, 24.083589553833008, 24.091036558151245, 23.888097047805786, 72.05190873146057, 24.014757871627808, 23.46791982650757, 24.05290174484253, 23.848283767700195, 23.431934356689453, 23.23076868057251, 23.417410850524902, 24.080390691757202, 23.550438165664673, 23.797597885131836, 23.7154860496521, 24.121628761291504, 24.095165252685547, 24.109881162643433]"
40,60,4,8.058091593648463,8.89832948045718,8.276709808890862,20.620606446266173,0.7759091314009476,0.15326062072384428,1.3848400313927984,"[np.float64(7.530362523078381), np.float64(8.222429838558273), np.float64(8.28237083574499), np.float64(8.267785958223687), np.float64(8.232740845014415), np.float64(8.424423870271138), np.float64(8.136815949970128), np.float64(7.382492604607666), np.float64(7.460335207912317), np.float64(9.221080422096778), np.float64(8.437098177891174), np.float64(6.374268294405959), np.float64(8.179084732076241), np.float64(6.548615265315831), np.float64(8.301660239102263), np.float64(7.130528348810781), np.float64(8.340724783523132), np.float64(9.206003348278417), np.float64(8.44297395922007), np.float64(9.040036668867621)]","[np.float64(8.917754987936306), np.float64(8.726096956657518), np.float64(8.81824795088911), np.float64(9.10563944967591), np.float64(8.803496346740436), np.float64(9.025169922395857), np.float64(8.765552485399958), np.float64(8.917082661714579), np.float64(8.93085194288071), np.float64(8.980873595798844), np.float64(9.173778636861359), np.float64(8.692707096880113), np.float64(8.837045268318063), np.float64(8.798148538745947), np.float64(8.98836878655302), np.float64(8.55831966442104), np.float64(8.930131168157656), np.float64(9.069295700005505), np.float64(9.06743786990937), np.float64(8.86059057920229)]","[np.float64(8.621822743355315), np.float64(8.445187745328019), np.float64(8.736008647355703), np.float64(8.746032561788851), np.float64(8.643317792402625), np.float64(8.862446396417317), np.float64(8.707542877961982), np.float64(8.845275100239359), np.float64(8.651124577862271), np.float64(8.899021996128258), np.float64(8.822632492714042), np.float64(4.253903193596056), np.float64(8.655531549116343), np.float64(4.230680424731056), np.float64(8.732244111128125), np.float64(8.479412074928387), np.float64(8.773883959899985), np.float64(8.856630999648358), np.float64(8.793577228001839), np.float64(8.777919705213339)]","[20.984843254089355, 20.550527095794678, 20.25886034965515, 20.758246898651123, 20.358816146850586, 20.550206899642944, 20.517893075942993, 21.164239168167114, 20.44468665122986, 20.304832458496094, 20.40767550468445, 20.24456000328064, 20.71755361557007, 20.391549110412598, 21.013025760650635, 20.70589542388916, 20.51960563659668, 20.675239086151123, 21.145489931106567, 20.69838285446167]"
40,60,5,9.430611175427602,9.68194237783214,9.452779495860485,24.784428930282594,0.48631481825655803,0.14634074695017132,0.16312666322809888,"[np.float64(9.821315783325037), np.float64(9.625409468419669), np.float64(9.528702791088735), np.float64(8.862460980666183), np.float64(8.848322082854265), np.float64(9.679245203100411), np.float64(8.041851593815089), np.float64(9.863234592447553), np.float64(9.78141569617167), np.float64(9.76359329489808), np.float64(9.582186262307353), np.float64(8.957081628809398), np.float64(9.630682721214495), np.float64(9.043054097813153), np.float64(9.503260471054537), np.float64(9.694860737703467), np.float64(8.954087446465378), np.float64(9.80572755775318), np.float64(9.9666937426162), np.float64(9.659037356028206)]","[np.float64(9.70966248084444), np.float64(9.594758102013687), np.float64(9.569797538738918), np.float64(9.686493151505728), np.float64(9.710870161788444), np.float64(9.54536699229), np.float64(9.640999832394188), np.float64(10.026908865580612), np.float64(9.654763199345116), np.float64(9.55550491054556), np.float64(9.601661533673244), np.float64(9.737310976345182), np.float64(9.439992866614393), np.float64(9.902966120990303), np.float64(9.53023711104635), np.float64(9.607448684988542), np.float64(9.827853678499197), np.float64(9.775212681956372), np.float64(9.904104399492073), np.float64(9.616934267990446)]","[np.float64(9.595149122097325), np.float64(9.372261832267936), np.float64(9.38719931236432), np.float64(9.367413354987558), np.float64(9.353174684153451), np.float64(9.444630533920176), np.float64(8.980650614450571), np.float64(9.470074918015293), np.float64(9.556795830991332), np.float64(9.427869679648431), np.float64(9.464082204191339), np.float64(9.44693788220222), np.float64(9.288571998970056), np.float64(9.71501908803777), np.float64(9.311360748946775), np.float64(9.519740267115482), np.float64(9.526218280501194), np.float64(9.565012301270215), np.float64(9.732263083716862), np.float64(9.531164179361369)]","[22.452486991882324, 22.19464874267578, 22.514582633972168, 22.029176235198975, 21.97601866722107, 21.96357250213623, 22.372817754745483, 22.34966468811035, 21.930692195892334, 22.308356285095215, 22.209027767181396, 22.020480394363403, 22.339393138885498, 73.27086806297302, 22.55326747894287, 21.954925537109375, 22.327195167541504, 22.6974356174469, 22.75481081008911, 21.469157934188843]"
40,60,6,10.177772049944728,10.277348467965448,10.03511642135786,23.96919298171997,0.30396546831715704,0.15047132282484915,0.168814184133676,"[np.float64(10.296543888138881), np.float64(10.245785592735006), np.float64(10.245712053948196), np.float64(10.299376836003738), np.float64(10.524256815406108), np.float64(9.462453839132221), np.float64(9.301932799958792), np.float64(10.369857998903822), np.float64(10.154023100821275), np.float64(10.281408526163728), np.float64(10.209171771544469), np.float64(10.632756594530404), np.float64(10.163680062897543), np.float64(10.2226118535253), np.float64(10.257133926528837), np.float64(10.046787394126264), np.float64(10.309730605756847), np.float64(10.160122110843378), np.float64(10.089046909040581), np.float64(10.283048318889167)]","[np.float64(10.299426299632064), np.float64(10.122194719855534), np.float64(10.17920178550597), np.float64(10.123710338428369), np.float64(10.50849946424227), np.float64(10.410562533185722), np.float64(10.308487838410574), np.float64(10.360943643779652), np.float64(10.103458614441342), np.float64(10.425029587096862), np.float64(10.193078887252126), np.float64(10.66133548478978), np.float64(10.26681906202404), np.float64(10.151316645131088), np.float64(10.295776902421586), np.float64(10.119758369039712), np.float64(10.353615054763896), np.float64(10.157554986574457), np.float64(10.14320961416492), np.float64(10.36298952856899)]","[np.float64(10.173373074572615), np.float64(10.049876659902836), np.float64(9.995368898145548), np.float64(10.06310990895912), np.float64(10.22036188415836), np.float64(10.147833605432819), np.float64(9.740167948582634), np.float64(10.14501511715704), np.float64(9.836884184606763), np.float64(9.96337254842054), np.float64(10.035061222635296), np.float64(10.484060469129531), np.float64(9.960508802931162), np.float64(10.04643618791679), np.float64(9.975173542010914), np.float64(9.794266298523343), np.float64(9.95834978876849), np.float64(10.026955425283504), np.float64(9.878303951725826), np.float64(10.207848908294046)]","[23.665578842163086, 23.86353087425232, 23.81821370124817, 23.99159860610962, 24.06917381286621, 23.99570608139038, 24.609395742416382, 24.548039436340332, 23.890679121017456, 23.688096046447754, 23.733402013778687, 24.137086153030396, 23.75289297103882, 23.798652172088623, 23.834590196609497, 23.736980199813843, 23.87889575958252, 24.522276878356934, 23.92046284675598, 23.928608179092407]"
40,65,4,8.600650216571006,9.147215466454977,8.896580143615102,20.529311990737916,0.6072464969352465,0.16031078680986366,0.15121523781056362,"[np.float64(9.210277633643319), np.float64(8.35358064051647), np.float64(7.535667943275186), np.float64(8.598604980961904), np.float64(8.43107382078941), np.float64(9.424096153131018), np.float64(9.044228983533772), np.float64(8.324414017342587), np.float64(7.688171141489797), np.float64(8.45724407414646), np.float64(9.35288510785599), np.float64(9.242391073508443), np.float64(7.4064677888496115), np.float64(8.438663974435546), np.float64(8.432199184169452), np.float64(9.242063833527807), np.float64(8.486459206787828), np.float64(9.412747342416667), np.float64(8.583386388914823), np.float64(8.34838104212405)]","[np.float64(9.202476723167662), np.float64(9.111657702972066), np.float64(8.971885246878333), np.float64(9.321318860779526), np.float64(8.996397008831181), np.float64(9.612267669427341), np.float64(8.947593888367248), np.float64(9.049589356528807), np.float64(9.14177733592366), np.float64(9.168409398520302), np.float64(9.00489771657169), np.float64(9.187902236066666), np.float64(8.93790067289943), np.float64(9.029458589595261), np.float64(9.224111673886247), np.float64(9.210498437756556), np.float64(9.17733537396447), np.float64(9.27797846941572), np.float64(9.2940754990723), np.float64(9.07677746847507)]","[np.float64(9.089776701613964), np.float64(8.791787440606033), np.float64(8.544370200576907), np.float64(8.978750249839585), np.float64(8.852335882208), np.float64(8.956875473241396), np.float64(8.847975009456896), np.float64(8.734415920080645), np.float64(8.914078271247199), np.float64(8.944051653765964), np.float64(8.924093266089226), np.float64(9.040124283844854), np.float64(8.541843351405028), np.float64(8.91275225843546), np.float64(8.943290023029032), np.float64(9.036373911977634), np.float64(8.96536987554308), np.float64(8.944212501590725), np.float64(9.100458828443536), np.float64(8.868667769306867)]","[20.692136764526367, 20.585683822631836, 20.311125993728638, 20.405076026916504, 20.444502353668213, 20.85517692565918, 20.522927045822144, 20.635658502578735, 20.35444402694702, 20.32614827156067, 20.288439750671387, 20.64097547531128, 20.50183081626892, 20.275153160095215, 20.77477240562439, 20.629213333129883, 20.73676896095276, 20.495076179504395, 20.352363348007202, 20.758766651153564]"
40,65,5,9.552118052653373,9.805839328552317,9.628827634772334,24.958389270305634,0.5196500396070154,0.11216393786005596,0.13606785329296034,"[np.float64(9.084650718470426), np.float64(9.930995808542667), np.float64(9.900573904311818), np.float64(9.923323222239343), np.float64(10.081424182177516), np.float64(8.913556828898036), np.float64(9.931332682136729), np.float64(9.95228350051774), np.float64(9.694728400669495), np.float64(9.907979809641441), np.float64(9.111874929045644), np.float64(9.115158418628551), np.float64(9.77284985312102), np.float64(8.083688169743256), np.float64(9.778238123122595), np.float64(9.71678829112966), np.float64(9.711368165062002), np.float64(9.885328786807433), np.float64(8.820076737134306), np.float64(9.726140521667789)]","[np.float64(9.981222649253986), np.float64(9.916412409960227), np.float64(9.825243467754097), np.float64(9.87363403774826), np.float64(9.91583298216095), np.float64(9.717787441486914), np.float64(9.898570435417135), np.float64(9.8502788528159), np.float64(9.704929247894917), np.float64(9.824508227318944), np.float64(9.860607810794342), np.float64(10.016421513714436), np.float64(9.653191011226678), np.float64(9.661055964777299), np.float64(9.808713914261263), np.float64(9.712572779662638), np.float64(9.761987168240294), np.float64(9.826718446102811), np.float64(9.630525525629999), np.float64(9.67657268482524)]","[np.float64(9.836463904369564), np.float64(9.740621046554285), np.float64(9.646152762191294), np.float64(9.817331216085458), np.float64(9.867895004176884), np.float64(9.541687959588812), np.float64(9.695611061569489), np.float64(9.639281165406771), np.float64(9.574758020921234), np.float64(9.584494474221206), np.float64(9.72574072884558), np.float64(9.773025866957227), np.float64(9.428348296935471), np.float64(9.512794434466283), np.float64(9.652677468586514), np.float64(9.5675576248656), np.float64(9.585410839545707), np.float64(9.528146574872995), np.float64(9.37315521021951), np.float64(9.485399035066793)]","[22.442615032196045, 22.388746738433838, 74.9993064403534, 22.08057188987732, 22.52227020263672, 22.084377765655518, 22.58434557914734, 22.336495876312256, 22.000755786895752, 21.923256397247314, 22.576704263687134, 21.88002896308899, 21.786023139953613, 22.22022271156311, 22.478938579559326, 22.460549116134644, 23.085322856903076, 22.540008783340454, 22.57275128364563, 22.2044939994812]"
40,65,6,10.243054518467439,10.372550159119085,10.159148489106359,24.188758265972137,0.3617230254628825,0.12662112832168473,0.094666278222528,"[np.float64(10.31473615462019), np.float64(9.478043050855682), np.float64(10.549645931832531), np.float64(10.322127381223124), np.float64(10.411672566365356), np.float64(9.439833801699892), np.float64(10.43991388059735), np.float64(10.379885474202952), np.float64(10.313343588567092), np.float64(10.150235449042988), np.float64(10.380979090672357), np.float64(10.379049032263119), np.float64(9.372989962799108), np.float64(10.35429923485146), np.float64(10.417903242438046), np.float64(10.444222642951509), np.float64(10.335942773280252), np.float64(10.335207146620501), np.float64(10.491236139803675), np.float64(10.5498238246616)]","[np.float64(10.216345704234332), np.float64(10.45512885764875), np.float64(10.408167994746524), np.float64(10.255148356590398), np.float64(10.304933484655768), np.float64(10.320806851269515), np.float64(10.498858920149859), np.float64(10.382894773499611), np.float64(10.312372285777558), np.float64(10.079579211592442), np.float64(10.407142800117462), np.float64(10.467487404671191), np.float64(10.177877923347735), np.float64(10.351540182523486), np.float64(10.561131049268463), np.float64(10.47154334727572), np.float64(10.343082616752309), np.float64(10.400306121501114), np.float64(10.579724061682954), np.float64(10.456931235076494)]","[np.float64(10.089267235445504), np.float64(10.322097882131388), np.float64(10.243209888406891), np.float64(10.148753527192298), np.float64(10.155045030405443), np.float64(10.08886248671213), np.float64(10.107039162764389), np.float64(10.110496882295973), np.float64(10.215510186030516), np.float64(9.965050838551907), np.float64(10.157730084732552), np.float64(10.134883883389172), np.float64(9.966306315163145), np.float64(10.175736908252617), np.float64(10.138622911480105), np.float64(10.219352971696459), np.float64(10.212382111630728), np.float64(10.147141577410562), np.float64(10.292043777712877), np.float64(10.293436120722522)]","[24.10547661781311, 24.060431718826294, 24.14036226272583, 23.87200403213501, 24.27613878250122, 23.99514627456665, 24.16040277481079, 24.296124935150146, 24.048856735229492, 24.067230224609375, 24.83637523651123, 24.380083799362183, 25.783050298690796, 24.230865001678467, 23.918950080871582, 23.818561792373657, 23.83577561378479, 24.06113314628601, 23.998003721237183, 23.89019227027893]"
40,70,4,8.759989018278436,9.195956922075032,8.989730810529425,23.21345372200012,0.5876695072526278,0.14557526984954905,0.14450301449565522,"[np.float64(7.723126608367675), np.float64(9.453352515331515), np.float64(8.369758034681263), np.float64(8.572526203807373), np.float64(9.247384805278502), np.float64(9.222559411273688), np.float64(9.379332001965103), np.float64(9.19701370001166), np.float64(8.523067139581231), np.float64(8.271322499776515), np.float64(8.383111551297164), np.float64(9.186515500349456), np.float64(8.653345424856884), np.float64(8.457522002554667), np.float64(8.486121091998946), np.float64(9.521869261056723), np.float64(9.434603055084567), np.float64(8.395372496307903), np.float64(7.4924203959502), np.float64(9.229456666037695)]","[np.float64(9.198649585898048), np.float64(9.43664161175481), np.float64(9.018844264866743), np.float64(9.114240480470363), np.float64(9.208643014653791), np.float64(9.29454042287793), np.float64(9.315705868682375), np.float64(8.977540274258487), np.float64(9.296708636536543), np.float64(9.094659104532623), np.float64(9.052049200261406), np.float64(9.091645614808556), np.float64(9.404859708009592), np.float64(9.283233064443971), np.float64(9.249515550471585), np.float64(9.367033792545564), np.float64(9.329796985672768), np.float64(9.035279726719297), np.float64(8.96021776504818), np.float64(9.189333768988023)]","[np.float64(8.841730873632775), np.float64(9.16483336190273), np.float64(8.875914326723478), np.float64(8.939312910443984), np.float64(8.97354917707486), np.float64(8.912608260924369), np.float64(9.001469171421443), np.float64(8.926487342602123), np.float64(9.102352077083957), np.float64(8.935312266772726), np.float64(8.881613702106845), np.float64(8.859041569007715), np.float64(9.178421153627463), np.float64(9.002982259563744), np.float64(9.111586688983337), np.float64(9.208291733094761), np.float64(9.222889523128952), np.float64(8.943398352297553), np.float64(8.652127176709655), np.float64(9.060694283486008)]","[20.259493112564087, 20.817450761795044, 20.368699073791504, 20.30083918571472, 20.17278218269348, 20.342426300048828, 20.524439334869385, 20.676790714263916, 20.274887084960938, 20.297870635986328, 20.4405255317688, 20.339450120925903, 20.384607315063477, 75.15816855430603, 20.70992612838745, 20.77805757522583, 20.625401735305786, 20.517409563064575, 20.688566207885742, 20.591283321380615]"
40,70,5,9.618592107117902,9.91888348009508,9.68319076146427,22.123590111732483,0.6875700225925977,0.15957624120864275,0.19007296073454893,"[np.float64(10.013470795110672), np.float64(9.847655901591217), np.float64(8.088792918470377), np.float64(8.208955046611196), np.float64(9.123508365014102), np.float64(10.17383257070754), np.float64(10.020014466455276), np.float64(9.083186451851162), np.float64(8.218846128046449), np.float64(9.907544678405717), np.float64(9.779357363697656), np.float64(10.076765062867276), np.float64(9.939653020857628), np.float64(9.910684545140846), np.float64(10.224098969132553), np.float64(9.955183614360289), np.float64(9.961409693662373), np.float64(9.917508887907259), np.float64(10.130280475032212), np.float64(9.79109318743625)]","[np.float64(9.96582367432261), np.float64(9.771657782193298), np.float64(9.680236997143988), np.float64(9.819031151482905), np.float64(9.924171309372337), np.float64(10.181385710315435), np.float64(10.049593101647275), np.float64(9.98802431593487), np.float64(9.832027418763117), np.float64(9.839425164454685), np.float64(9.864773262829518), np.float64(9.970673361673942), np.float64(9.90295981734067), np.float64(9.978874168260262), np.float64(10.102606107117136), np.float64(9.865820043510737), np.float64(9.866531543426921), np.float64(9.840608115568049), np.float64(10.305020308816992), np.float64(9.628426247726836)]","[np.float64(9.810520250470484), np.float64(9.67705793966028), np.float64(9.142125598005588), np.float64(9.711276722875532), np.float64(9.735857715645007), np.float64(9.99734467899471), np.float64(9.615745843274068), np.float64(9.564905994832216), np.float64(9.681286182973347), np.float64(9.54862673267867), np.float64(9.59103533618277), np.float64(9.781753415168868), np.float64(9.654497148901957), np.float64(9.782845027133218), np.float64(9.986218364979536), np.float64(9.843592043820703), np.float64(9.562585779630073), np.float64(9.559686164181894), np.float64(9.88296929235915), np.float64(9.533884997517315)]","[22.038914442062378, 21.690236806869507, 21.878604650497437, 22.02381467819214, 21.868425130844116, 22.14162302017212, 22.205609798431396, 22.23594331741333, 22.300479888916016, 21.97732424736023, 21.984848022460938, 22.210581302642822, 22.189345836639404, 22.013083457946777, 21.951703310012817, 22.322201251983643, 22.242955684661865, 22.804275512695312, 22.244987964630127, 22.146843910217285]"
40,70,6,10.288366611114357,10.425772158346533,10.171472362422058,23.75132737159729,0.3964157229324506,0.1756033120418455,0.16407409248279575,"[np.float64(10.520903532478117), np.float64(10.641954714442493), np.float64(10.481198697102757), np.float64(10.389815584644744), np.float64(10.554864418993668), np.float64(10.411042841356895), np.float64(10.46231594093765), np.float64(10.277187369652253), np.float64(10.36190654761125), np.float64(10.407609048474924), np.float64(9.437871026316692), np.float64(10.396701893295006), np.float64(10.328048084091385), np.float64(10.355610068744147), np.float64(9.381230865623627), np.float64(10.78082339284817), np.float64(10.417154079922794), np.float64(10.221207690832674), np.float64(10.514296163769725), np.float64(9.42559026114818)]","[np.float64(10.62505081001136), np.float64(10.659338295985158), np.float64(10.64358133607929), np.float64(10.453999310736116), np.float64(10.70183233621153), np.float64(10.420773460229658), np.float64(10.396535171351852), np.float64(10.272162823437235), np.float64(10.320615801941118), np.float64(10.2753953660175), np.float64(10.383784844625541), np.float64(10.118509186891858), np.float64(10.22523715913445), np.float64(10.327637642885449), np.float64(10.310663131370477), np.float64(10.77048493241932), np.float64(10.480783497923436), np.float64(10.290870752153621), np.float64(10.488470770228194), np.float64(10.3497165372975)]","[np.float64(10.142085740144113), np.float64(10.385181396541558), np.float64(10.142724198824617), np.float64(10.059519144246714), np.float64(10.107372120211402), np.float64(10.277538203340924), np.float64(10.241379545230805), np.float64(10.028241216361735), np.float64(10.259585852396587), np.float64(10.195681370825294), np.float64(10.10783317110683), np.float64(10.061054041714252), np.float64(10.069015940889376), np.float64(10.121280354920433), np.float64(9.991798833884559), np.float64(10.684517854729448), np.float64(10.18858082121931), np.float64(10.015504425968354), np.float64(10.338180006654433), np.float64(10.012373009230423)]","[24.009586334228516, 23.845388174057007, 23.489669799804688, 23.344457864761353, 23.572667837142944, 24.12199878692627, 23.91417646408081, 23.637934684753418, 23.893784284591675, 23.62907600402832, 23.842602491378784, 23.670655488967896, 23.725862741470337, 23.89095449447632, 23.97551417350769, 23.967711925506592, 23.81570792198181, 23.61819291114807, 23.317111015319824, 23.743494033813477]"
45,60,4,8.427799880621627,8.943820502048197,8.533915266573675,23.637658488750457,0.6938413906791538,0.0982198405783582,0.9908270336476425,"[np.float64(8.980091280461671), np.float64(9.062242861385482), np.float64(8.825233757601005), np.float64(7.384325770490232), np.float64(6.624892578534719), np.float64(8.886457261394504), np.float64(8.8946627695872), np.float64(8.910207656965412), np.float64(7.386748629893162), np.float64(8.12778242661002), np.float64(8.118360505910069), np.float64(8.2731434470528), np.float64(9.03208548016644), np.float64(8.174445553003373), np.float64(8.010401721453952), np.float64(8.251106295625505), np.float64(9.180890513781437), np.float64(8.333143301982307), np.float64(9.013191543076877), np.float64(9.086584257456392)]","[np.float64(8.825544173403921), np.float64(9.152819137483293), np.float64(8.912253826601333), np.float64(8.87946663809699), np.float64(8.837211467080369), np.float64(8.894835985562397), np.float64(8.931035662131377), np.float64(8.831984377351391), np.float64(8.965136278697466), np.float64(9.055221084660307), np.float64(8.904141496807773), np.float64(8.939051653712342), np.float64(8.873663373253866), np.float64(8.968572961070674), np.float64(8.789297396279082), np.float64(8.98932516981692), np.float64(8.978395193153098), np.float64(9.095151382828973), np.float64(8.954924397137715), np.float64(9.098378385834646)]","[np.float64(8.759169156352854), np.float64(8.951182242781307), np.float64(8.666596879097103), np.float64(8.485738524869904), np.float64(4.341892123677106), np.float64(8.794166441914339), np.float64(8.707119064541486), np.float64(8.748293644364765), np.float64(8.747749034016614), np.float64(8.730240863237661), np.float64(8.76257804429084), np.float64(8.681823809439374), np.float64(8.841871143918645), np.float64(8.84346805503833), np.float64(8.71811401202193), np.float64(8.824751144529756), np.float64(8.82023833308007), np.float64(8.735532289349127), np.float64(8.754490298496359), np.float64(8.763290226455936)]","[20.51339864730835, 20.741086721420288, 20.539480209350586, 20.5738582611084, 21.280441761016846, 20.64381241798401, 20.53902316093445, 79.40736413002014, 20.666040182113647, 20.667864084243774, 21.188523292541504, 21.088018894195557, 20.672781944274902, 20.691577196121216, 20.48833703994751, 20.4181911945343, 20.557841539382935, 20.74428391456604, 20.61897087097168, 20.712274312973022]"
45,60,5,9.394158000341221,9.642060052310896,9.43334015365323,22.37689447402954,0.38464493934389654,0.1286758929394632,0.11258644237172535,"[np.float64(9.761367731502885), np.float64(9.470591724857453), np.float64(9.585950773158448), np.float64(8.77609198147728), np.float64(9.652732092397512), np.float64(9.468765097871266), np.float64(8.775061432896907), np.float64(9.640310740022663), np.float64(9.683031709971694), np.float64(9.70351644281129), np.float64(9.552932376572898), np.float64(8.94025362968869), np.float64(9.77408936635181), np.float64(8.88656406717233), np.float64(9.718745306589518), np.float64(8.837808262810599), np.float64(9.564976646727432), np.float64(8.803087812311638), np.float64(9.693699962144583), np.float64(9.593582849487523)]","[np.float64(9.832091979070466), np.float64(9.366719614582486), np.float64(9.614150017360647), np.float64(9.713615457550803), np.float64(9.64030528838826), np.float64(9.458531326647837), np.float64(9.559881643299596), np.float64(9.661872615816815), np.float64(9.599946313048433), np.float64(9.768639245270743), np.float64(9.661060507721942), np.float64(9.775145157973125), np.float64(9.69319787105298), np.float64(9.776221465445708), np.float64(9.854956223208857), np.float64(9.673755029168506), np.float64(9.486331008777144), np.float64(9.659579558785488), np.float64(9.52613224990679), np.float64(9.51906847314129)]","[np.float64(9.661808295310372), np.float64(9.24736262480349), np.float64(9.404266721412075), np.float64(9.422204124705956), np.float64(9.460594064863015), np.float64(9.36800779750704), np.float64(9.339181686491555), np.float64(9.550582292250091), np.float64(9.348273467356561), np.float64(9.460527117319984), np.float64(9.339401272805674), np.float64(9.640780371845086), np.float64(9.564470225517809), np.float64(9.546046814441235), np.float64(9.385156800941239), np.float64(9.303492944579837), np.float64(9.381046217870145), np.float64(9.332776001737201), np.float64(9.492343124404751), np.float64(9.418481106901481)]","[22.41109347343445, 22.235206127166748, 22.235016345977783, 22.467551708221436, 22.239453554153442, 22.354657649993896, 22.386956691741943, 22.262329578399658, 22.7330482006073, 22.45701241493225, 22.43328619003296, 22.839019060134888, 22.293569326400757, 22.293163061141968, 22.174530267715454, 22.242116451263428, 22.323051929473877, 22.53693962097168, 22.247865676879883, 22.37202215194702]"
45,60,6,9.925844200956453,10.235858897169688,9.982652818385027,24.17603598833084,0.44734880150256795,0.10422700188268433,0.11782848092423431,"[np.float64(9.354836677939751), np.float64(9.120516249247276), np.float64(9.294029880585832), np.float64(10.289649136165131), np.float64(10.205638566753075), np.float64(10.160328133608527), np.float64(9.358939252309758), np.float64(10.236951521531344), np.float64(10.154149603075426), np.float64(10.032279840675814), np.float64(10.12174465542842), np.float64(10.187126911198083), np.float64(9.273386695748899), np.float64(10.338895532517522), np.float64(10.197155488011346), np.float64(10.249127277009945), np.float64(9.22202573667345), np.float64(10.169328639804082), np.float64(10.299659523467286), np.float64(10.251114697378098)]","[np.float64(10.35404680457267), np.float64(10.124616783470822), np.float64(10.405286397112741), np.float64(10.358717860370486), np.float64(10.316429361600608), np.float64(10.19005438531371), np.float64(10.248645591562175), np.float64(10.292778792498595), np.float64(10.138899037156555), np.float64(10.064890544336413), np.float64(10.140918517289018), np.float64(10.302736311023601), np.float64(10.224492816390194), np.float64(10.293033495390967), np.float64(10.19561301970508), np.float64(10.262685619064133), np.float64(10.034323104253067), np.float64(10.132900885379389), np.float64(10.34704990956778), np.float64(10.289058707335766)]","[np.float64(9.988191191239205), np.float64(9.710160550456077), np.float64(9.831521238322484), np.float64(9.916415938780597), np.float64(9.965393669099768), np.float64(10.026798374462636), np.float64(10.175746151796284), np.float64(10.028551594402504), np.float64(10.062063559344073), np.float64(9.907155764570355), np.float64(9.967081833027), np.float64(10.060013603283434), np.float64(9.863526770231712), np.float64(10.08841482176685), np.float64(10.107536990481936), np.float64(9.987713047088153), np.float64(9.795148821105235), np.float64(9.998050678061773), np.float64(10.133286996945545), np.float64(10.040284773234934)]","[24.296125650405884, 24.253201723098755, 23.82196307182312, 24.043248653411865, 24.555591583251953, 24.081444263458252, 24.07494020462036, 23.95815658569336, 24.597924947738647, 24.306620121002197, 24.193490505218506, 24.059170722961426, 23.980297565460205, 24.11781930923462, 24.42859411239624, 24.319098949432373, 24.05683660507202, 24.39946961402893, 23.70038914680481, 24.276336431503296]"
45,65,4,8.428033109565847,9.041172455355625,8.854115749193648,23.74095882177353,0.54966374158081,0.14823047276653648,0.12857532920855202,"[np.float64(8.333165701055066), np.float64(9.070194647441951), np.float64(9.143672039065367), np.float64(8.321608046545645), np.float64(8.177094426480853), np.float64(8.340324780806561), np.float64(8.44424903281684), np.float64(8.010784288934257), np.float64(9.043331700346805), np.float64(7.353827206518681), np.float64(8.130873831767788), np.float64(8.183563123868502), np.float64(9.082784077014912), np.float64(8.21914375331568), np.float64(8.374250703941579), np.float64(8.187760179830729), np.float64(9.25688085900458), np.float64(7.403217697512388), np.float64(9.190706602881551), np.float64(8.293229492167198)]","[np.float64(9.194243215512328), np.float64(9.201730010569857), np.float64(9.116486953115347), np.float64(9.128421532921585), np.float64(8.76226642811509), np.float64(9.095233983880334), np.float64(9.166339528635525), np.float64(8.920901195023614), np.float64(8.966006188943252), np.float64(8.811257495064364), np.float64(8.852944994912974), np.float64(8.936962166943827), np.float64(9.087035436423713), np.float64(9.039170023704026), np.float64(9.125541145430292), np.float64(8.95901820814676), np.float64(9.312740924902709), np.float64(8.86852476699469), np.float64(9.122860699943251), np.float64(9.15576420792895)]","[np.float64(8.998442139259945), np.float64(8.896097389348817), np.float64(8.985091505594038), np.float64(8.897728478942756), np.float64(8.648622560907068), np.float64(8.869723628918077), np.float64(9.036863916279927), np.float64(8.695978778600123), np.float64(8.879992217360769), np.float64(8.596247480386797), np.float64(8.74005051799054), np.float64(8.831515384311771), np.float64(8.972239194861853), np.float64(8.788203748712231), np.float64(8.736552262765453), np.float64(8.828137453704391), np.float64(8.976113194962949), np.float64(8.782569004707948), np.float64(9.048288985016029), np.float64(8.873857141241462)]","[20.327518939971924, 20.663297176361084, 20.494515419006348, 20.750105619430542, 84.00804471969604, 21.04921293258667, 20.347062826156616, 20.509840726852417, 20.13276243209839, 20.659483671188354, 20.53796124458313, 20.51257061958313, 20.603320837020874, 20.734354257583618, 20.412299156188965, 20.39991068840027, 20.84970450401306, 20.345486402511597, 20.7051522731781, 20.77657198905945]"
45,65,5,9.464470139603904,9.710322197137394,9.52027799437165,22.274178099632262,0.4367144590638226,0.11906944254739361,0.13622560285424296,"[np.float64(9.907939550220995), np.float64(9.8227968430394), np.float64(9.711584038478891), np.float64(9.717543569337137), np.float64(9.802821637003731), np.float64(9.70301795353481), np.float64(8.784807576429314), np.float64(9.511461726284578), np.float64(8.798905517273967), np.float64(8.973453651728287), np.float64(9.757385950323311), np.float64(9.737963455490581), np.float64(9.781275491821246), np.float64(9.75785383813056), np.float64(9.65677354249871), np.float64(8.774547346759016), np.float64(8.714218349696932), np.float64(9.755640523515728), np.float64(8.923498326647895), np.float64(9.69591390386298)]","[np.float64(9.915915721742104), np.float64(9.912448790663792), np.float64(9.740162308965166), np.float64(9.685448775717981), np.float64(9.76587815763674), np.float64(9.67183887470904), np.float64(9.578977483432764), np.float64(9.485851558187381), np.float64(9.687965273719954), np.float64(9.793915177439695), np.float64(9.773380257842494), np.float64(9.76883507188751), np.float64(9.873019758058547), np.float64(9.677853913509567), np.float64(9.69359784237878), np.float64(9.549591175010264), np.float64(9.511171688721618), np.float64(9.754875647258233), np.float64(9.703512325572056), np.float64(9.662204140294202)]","[np.float64(9.780137766202664), np.float64(9.52134221083855), np.float64(9.428211726081843), np.float64(9.574732715680152), np.float64(9.706020080051797), np.float64(9.611641880790895), np.float64(9.291324672397721), np.float64(9.332182628471656), np.float64(9.405904194140351), np.float64(9.666299050664808), np.float64(9.566902938807647), np.float64(9.46472373939216), np.float64(9.6092963195037), np.float64(9.611278184037218), np.float64(9.404892635328828), np.float64(9.436814690399457), np.float64(9.281547878908711), np.float64(9.536729673804501), np.float64(9.602742316352897), np.float64(9.572834585577445)]","[22.34458327293396, 22.190662145614624, 22.042776823043823, 22.279155731201172, 22.36271619796753, 22.534016370773315, 22.306809663772583, 21.85256576538086, 22.07016634941101, 22.309415340423584, 22.198806285858154, 22.064830780029297, 22.51037573814392, 22.330204486846924, 21.900123119354248, 22.642565488815308, 22.42078137397766, 22.214950799942017, 22.707201719284058, 22.200854539871216]"
45,65,6,9.885823466102348,10.323770513590025,10.05821639514032,24.123624646663664,0.6748929368218962,0.0932392152354079,0.22673732620273485,"[np.float64(10.26221757529914), np.float64(10.497626528626007), np.float64(10.35712025614822), np.float64(10.313274392777524), np.float64(9.268707287848663), np.float64(10.354840091630642), np.float64(8.263114233941232), np.float64(9.460961817151365), np.float64(9.34821893814135), np.float64(10.289302114724373), np.float64(10.25241111156523), np.float64(9.261203072461063), np.float64(10.306170078209655), np.float64(10.274406775054144), np.float64(10.309983574378144), np.float64(10.337825438024662), np.float64(8.507631714159562), np.float64(10.36719490594397), np.float64(10.339930393088945), np.float64(9.344329022873076)]","[np.float64(10.338455282629603), np.float64(10.482893759341835), np.float64(10.4541833533236), np.float64(10.292744975978158), np.float64(10.256402031547546), np.float64(10.293299408242136), np.float64(10.059698385126405), np.float64(10.30541452939209), np.float64(10.343476296033725), np.float64(10.276253111346527), np.float64(10.240548401921199), np.float64(10.216881392842772), np.float64(10.408315097998155), np.float64(10.421816128668445), np.float64(10.374174426172498), np.float64(10.352597982545072), np.float64(10.352747256900326), np.float64(10.348067637476785), np.float64(10.370701132661583), np.float64(10.286739681652048)]","[np.float64(9.904585319937919), np.float64(10.423037939953186), np.float64(10.23578227974253), np.float64(10.005422902986071), np.float64(9.84570997996878), np.float64(10.138986620250249), np.float64(9.310741237228024), np.float64(10.146568451850984), np.float64(10.038804526718565), np.float64(10.037571415999956), np.float64(10.167092509694573), np.float64(9.897619563007483), np.float64(10.029994875632415), np.float64(10.057509413533245), np.float64(10.240027737795728), np.float64(10.22641570811468), np.float64(9.913427731190513), np.float64(10.185169268744453), np.float64(10.16845389340439), np.float64(10.191406527052647)]","[24.060558557510376, 24.15200686454773, 23.90122389793396, 24.398476362228394, 24.070998191833496, 24.04902410507202, 23.767717599868774, 23.6804461479187, 24.425010681152344, 24.286113739013672, 24.32778310775757, 24.079113245010376, 24.0600426197052, 24.33035182952881, 23.7717764377594, 24.309532165527344, 24.37871742248535, 23.93691611289978, 24.165945053100586, 24.320738792419434]"
45,70,4,8.387502392095403,9.085034396614025,8.2377213327221,23.870473968982697,0.9915213365054129,0.08788482018324648,2.1868443772263815,"[np.float64(8.263673980926574), np.float64(6.568724289346233), np.float64(9.18704395261986), np.float64(9.122360343649316), np.float64(9.109492570176947), np.float64(9.166258944767451), np.float64(9.059336563381967), np.float64(9.155195234217933), np.float64(7.536567634892902), np.float64(5.7445512438526904), np.float64(8.247287382530015), np.float64(9.203434476624937), np.float64(8.34795812169748), np.float64(9.24781380110219), np.float64(9.047541426255437), np.float64(8.301620154261009), np.float64(9.200873889575035), np.float64(8.343535569987942), np.float64(7.422170584724825), np.float64(7.4746076773173)]","[np.float64(9.066343418704225), np.float64(8.88018395684377), np.float64(9.138459939647102), np.float64(9.044301128224191), np.float64(9.110074412299284), np.float64(9.1631787615751), np.float64(9.024599037391948), np.float64(9.135383024137855), np.float64(9.131981351962247), np.float64(8.896053581181897), np.float64(9.015902774003592), np.float64(9.211365946010154), np.float64(9.071991856871515), np.float64(9.220659449083039), np.float64(9.049218973224322), np.float64(9.116362816883566), np.float64(9.119519359230758), np.float64(9.158417546005547), np.float64(9.055029551146049), np.float64(9.091661047854343)]","[np.float64(8.774169730684598), np.float64(4.40735747047367), np.float64(8.929948363092914), np.float64(8.882081942202317), np.float64(8.926216393523319), np.float64(8.848702870133437), np.float64(8.935074529681504), np.float64(8.96377255285315), np.float64(8.864727827268913), 0, np.float64(8.893089386039904), np.float64(9.054818886449734), np.float64(8.854207745658595), np.float64(9.113042706705885), np.float64(8.929118208254996), np.float64(8.959295146958969), np.float64(9.015293196606095), np.float64(8.9965118475284), np.float64(8.563331379793095), np.float64(8.843666470532494)]","[20.750181198120117, 20.286514043807983, 20.16355013847351, 20.66685962677002, 86.86889004707336, 21.999864101409912, 20.742589950561523, 20.729632139205933, 20.141436338424683, 20.425565242767334, 20.61933970451355, 20.41097664833069, 20.224483251571655, 20.46355962753296, 20.675137996673584, 20.35724139213562, 20.447756052017212, 20.51999545097351, 20.39634609222412, 20.51956033706665]"
45,70,5,9.183405404096826,9.795486027217477,9.09772130430221,22.103498709201812,0.8724087719420641,0.1121030215658905,1.4911738065896092,"[np.float64(8.956848558622116), np.float64(7.216465909621197), np.float64(9.903973414936383), np.float64(8.895379983458728), np.float64(7.9160808712430795), np.float64(9.712477274050569), np.float64(9.763233388713983), np.float64(9.756009433661008), np.float64(9.0697161444394), np.float64(8.792942530215537), np.float64(9.810633244761277), np.float64(9.766253131530611), np.float64(9.772503302177746), np.float64(8.99310829659391), np.float64(8.751737142032976), np.float64(9.838562386471345), np.float64(9.90653807578465), np.float64(7.159403333962257), np.float64(9.866568958698581), np.float64(9.819672700961146)]","[np.float64(9.877967370112458), np.float64(9.886012928284448), np.float64(9.841045477467617), np.float64(9.675224237408312), np.float64(9.523140033015428), np.float64(9.667308534065015), np.float64(9.803745204195806), np.float64(9.858109216754542), np.float64(9.950243911294114), np.float64(9.695789558186286), np.float64(9.884374976182086), np.float64(9.76118734372305), np.float64(9.886409956571459), np.float64(9.833706897271457), np.float64(9.589714821869517), np.float64(9.850049549808961), np.float64(9.87692753775119), np.float64(9.785157898687766), np.float64(9.883061470193178), np.float64(9.780543621506848)]","[np.float64(9.57902277253918), np.float64(4.729815061954804), np.float64(9.704222218404473), np.float64(9.460587311482671), np.float64(9.387165412674047), np.float64(9.584541554625236), np.float64(9.674201464437338), np.float64(9.566663607372082), np.float64(9.722230163688213), np.float64(9.365114494216357), np.float64(9.412851601670841), np.float64(9.609397643627089), np.float64(9.536120475668042), np.float64(9.676002561675496), np.float64(9.379202556594027), np.float64(9.701865540742098), np.float64(9.68575240933443), np.float64(4.774091473290269), np.float64(9.716638123590064), np.float64(9.688939638457443)]","[22.355924129486084, 21.93843102455139, 22.263813495635986, 22.090364456176758, 22.0375075340271, 21.920966863632202, 22.077139377593994, 21.570907592773438, 21.96328043937683, 22.115800142288208, 22.331675052642822, 22.036275386810303, 22.239469289779663, 22.348705053329468, 22.187780380249023, 22.168796062469482, 22.357057094573975, 21.8828284740448, 21.92595911026001, 22.257293224334717]"
45,70,6,10.009725550656361,10.33579184737674,10.131943821665988,23.79265457391739,0.5504744406823232,0.13094385808321832,0.15382386545289772,"[np.float64(10.304806048196937), np.float64(10.125352903059117), np.float64(10.200701053346622), np.float64(9.321215321002777), np.float64(10.333991034423276), np.float64(10.434560422517883), np.float64(10.337080799936153), np.float64(9.589414389636493), np.float64(9.506120873888229), np.float64(10.374117642861902), np.float64(8.419762308345256), np.float64(10.36143949830048), np.float64(10.363089460134658), np.float64(9.385874522322943), np.float64(10.43303890797137), np.float64(10.430996829076342), np.float64(9.37965366334629), np.float64(10.357738455476273), np.float64(10.359738052814144), np.float64(10.175818826470072)]","[np.float64(10.27070588010597), np.float64(10.158713799719429), np.float64(10.081022874398563), np.float64(10.220220396405443), np.float64(10.292572342513594), np.float64(10.437893519661035), np.float64(10.340514844611445), np.float64(10.489648944243038), np.float64(10.540898927878832), np.float64(10.305192724277058), np.float64(10.109814145168741), np.float64(10.456826157045905), np.float64(10.436039141091833), np.float64(10.379178541807608), np.float64(10.482626356713618), np.float64(10.393326449967008), np.float64(10.261559679493967), np.float64(10.3927029695059), np.float64(10.437232834162986), np.float64(10.229146418762815)]","[np.float64(10.162287547769509), np.float64(9.978486089227312), np.float64(10.00439103773173), np.float64(10.060542660012398), np.float64(10.068508302241348), np.float64(10.290550744481465), np.float64(10.194158684189926), np.float64(10.189623413019827), np.float64(10.100288950474061), np.float64(10.22066148572352), np.float64(9.703173634005537), np.float64(10.26969542132912), np.float64(10.207620928273823), np.float64(10.05085118693938), np.float64(10.354000227728218), np.float64(10.295304422762953), np.float64(9.997893417404905), np.float64(10.177438081286159), np.float64(10.30852591798763), np.float64(10.004874280730952)]","[23.750309944152832, 23.94178533554077, 23.81940793991089, 23.413675785064697, 23.75791096687317, 23.737629175186157, 24.02760910987854, 23.96754240989685, 23.47460389137268, 23.63763165473938, 24.0253643989563, 23.604393482208252, 23.720327377319336, 23.771141052246094, 23.491088390350342, 23.649389028549194, 23.898094654083252, 24.038762092590332, 24.071537733078003, 24.054887056350708]"
50,60,4,8.033448746582348,8.868591084583901,8.466611064947692,24.153092920780182,0.638657943179251,0.08608046024290306,0.9649929814717796,"[np.float64(6.5253353765236275), np.float64(8.036341373023207), np.float64(7.98455006524996), np.float64(8.957297852758266), np.float64(7.98709614263522), np.float64(7.378169732081049), np.float64(8.841771882805007), np.float64(8.834004323933868), np.float64(8.137429221417147), np.float64(8.157077712077253), np.float64(8.08674309321821), np.float64(8.723604651529312), np.float64(8.918848098187159), np.float64(7.391589158857053), np.float64(7.317951514776656), np.float64(7.9984750233674085), np.float64(8.101003439074487), np.float64(8.024023154931042), np.float64(8.055323657559297), np.float64(7.212339457641726)]","[np.float64(8.876255054269087), np.float64(8.833855746810599), np.float64(8.713967580243688), np.float64(8.910708918695622), np.float64(8.866343071243419), np.float64(8.92970607825149), np.float64(8.942593816356618), np.float64(8.887190853826723), np.float64(8.899241934266486), np.float64(8.972241602988614), np.float64(8.909107886109483), np.float64(8.741384909844543), np.float64(8.854819150069591), np.float64(9.037025891831163), np.float64(8.915008527577172), np.float64(8.765167245089856), np.float64(8.942922387695367), np.float64(8.748780439405362), np.float64(8.87293305508667), np.float64(8.752567542016454)]","[np.float64(4.388588198003004), np.float64(8.70627509686484), np.float64(8.583387029513744), np.float64(8.79051921956215), np.float64(8.551825565825927), np.float64(8.785912239653834), np.float64(8.689266744697786), np.float64(8.644319402260525), np.float64(8.841249270414565), np.float64(8.786809423680413), np.float64(8.709062849490753), np.float64(8.585031675788786), np.float64(8.790255668080174), np.float64(8.731397769034587), np.float64(8.662785229764399), np.float64(8.628543931369839), np.float64(8.729862045588003), np.float64(8.607904389496063), np.float64(8.691084482857093), np.float64(8.42814106700736)]","[20.641648292541504, 20.134411811828613, 20.443923234939575, 21.01687216758728, 20.09310007095337, 20.441089153289795, 20.61248278617859, 91.0474259853363, 20.548136949539185, 20.680115222930908, 20.839819192886353, 20.869587898254395, 21.032041311264038, 20.742427587509155, 20.821873903274536, 20.65034794807434, 20.493617057800293, 20.4615957736969, 20.702948570251465, 20.78839349746704]"
50,60,5,9.037589919676218,9.545040808716132,9.330104185697685,22.259364473819733,0.6693443706451527,0.1093992790845935,0.1462122616942054,"[np.float64(7.796288832333198), np.float64(9.580846109412262), np.float64(9.459732458644735), np.float64(9.498449670378665), np.float64(9.544194476504828), np.float64(9.60832691085195), np.float64(8.670940890372153), np.float64(8.48297793231916), np.float64(7.848444172857535), np.float64(9.523744196397594), np.float64(7.769832672144233), np.float64(9.581029263951025), np.float64(8.72783308661033), np.float64(9.470272917675105), np.float64(9.621135224779865), np.float64(8.736564588508065), np.float64(9.66063173202574), np.float64(8.788209806367881), np.float64(9.689493609701252), np.float64(8.69284984168879)]","[np.float64(9.492626066507098), np.float64(9.64266311167571), np.float64(9.45784575036981), np.float64(9.447933975128937), np.float64(9.53887613765579), np.float64(9.654068599537394), np.float64(9.505236421854992), np.float64(9.309443234421867), np.float64(9.566527078830037), np.float64(9.467525904254934), np.float64(9.50798298820767), np.float64(9.562534835173878), np.float64(9.676503958327231), np.float64(9.539830571030887), np.float64(9.515213610935739), np.float64(9.557224715171563), np.float64(9.717925587057167), np.float64(9.688627601072454), np.float64(9.686346974813224), np.float64(9.36587905229627)]","[np.float64(9.21630870312296), np.float64(9.472107208731614), np.float64(9.312763966548577), np.float64(9.399393942942899), np.float64(9.327634952247642), np.float64(9.454114785390175), np.float64(9.397458392858885), np.float64(9.08734442391371), np.float64(9.223846270862513), np.float64(9.215369568341067), np.float64(9.07532727861422), np.float64(9.38081075471489), np.float64(9.162131619318338), np.float64(9.32993563091999), np.float64(9.382814634739493), np.float64(9.21044691344253), np.float64(9.465849886718726), np.float64(9.600013731942152), np.float64(9.575636651105878), np.float64(9.312774397477437)]","[21.962038278579712, 22.186123847961426, 22.270756244659424, 22.49628782272339, 22.59364128112793, 22.180094957351685, 22.335293292999268, 22.252672910690308, 22.05993628501892, 22.684736967086792, 22.15448760986328, 22.3104407787323, 22.234513521194458, 22.40450954437256, 22.391112327575684, 22.559295892715454, 22.233397722244263, 21.938576459884644, 21.97070074081421, 21.96867299079895]"
50,60,6,9.832254462737701,10.129629282431242,9.92970867599326,23.94066890478134,0.5455205651530508,0.08524067951901733,0.10176389975465062,"[np.float64(10.120550411748281), np.float64(10.055074061921228), np.float64(10.198590366511485), np.float64(9.972392653785661), np.float64(10.221723529210497), np.float64(9.232435474682378), np.float64(10.223653117804691), np.float64(10.179129877460337), np.float64(10.058413066459154), np.float64(10.143092970760165), np.float64(10.004521421917943), np.float64(9.112553471241448), np.float64(10.142482030199536), np.float64(10.00611805609698), np.float64(10.096623293508735), np.float64(10.182005781572023), np.float64(9.169180327064899), np.float64(8.224773991980932), np.float64(10.140338346141947), np.float64(9.161437004685714)]","[np.float64(10.169280246861799), np.float64(10.023767950532802), np.float64(10.23751446838697), np.float64(10.087313894548275), np.float64(10.199786669166611), np.float64(10.051007854897026), np.float64(10.280898699343664), np.float64(10.207642749296484), np.float64(10.064794614368703), np.float64(10.247202185205085), np.float64(10.07989667536173), np.float64(10.003387349391636), np.float64(10.078766550726579), np.float64(10.070495816843657), np.float64(10.19422061335543), np.float64(10.21143796649759), np.float64(10.087949712048935), np.float64(10.06549660500659), np.float64(10.193830278759355), np.float64(10.037894748025934)]","[np.float64(10.021584591063519), np.float64(9.868151897430092), np.float64(9.985787215090859), np.float64(9.883013889624785), np.float64(10.023544070179685), np.float64(9.973716080462502), np.float64(10.133054266842262), np.float64(9.906442464355425), np.float64(9.948935283232196), np.float64(9.965820564312548), np.float64(9.751734759487821), np.float64(9.862708282664132), np.float64(9.893421595274429), np.float64(9.896526157538792), np.float64(10.060725097523115), np.float64(10.09672671128255), np.float64(9.797857269460845), np.float64(9.832851273457166), np.float64(9.831538221203424), np.float64(9.86003382937905)]","[23.76377010345459, 23.873247623443604, 23.99052858352661, 24.275681734085083, 23.957593202590942, 24.347373247146606, 23.93290066719055, 23.897701740264893, 24.016271591186523, 23.85413146018982, 23.87434411048889, 23.766298294067383, 23.93938899040222, 23.87179446220398, 24.03925848007202, 23.856552362442017, 23.615325450897217, 24.285820245742798, 24.069282054901123, 23.586113691329956]"
50,65,4,7.967795301447337,8.945393717888644,8.134546166273442,24.18320667743683,0.8964927851251351,0.10802449514231646,2.1483002025560416,"[np.float64(8.135375348560453), np.float64(7.384938633792342), np.float64(8.17461065266695), np.float64(7.346089827610829), np.float64(8.12620335228154), np.float64(7.318330388506124), np.float64(9.030724910660597), np.float64(8.868313935567942), np.float64(5.694861366129401), np.float64(7.370334869421639), np.float64(8.235033301620856), np.float64(8.952265799873674), np.float64(8.944798291703306), np.float64(9.003450613864855), np.float64(8.216806533460543), np.float64(6.67500762355655), np.float64(8.223418603433137), np.float64(7.389222341076604), np.float64(7.324784864035387), np.float64(8.941334771124014)]","[np.float64(8.899667126241441), np.float64(8.908431879238977), np.float64(8.913544500579286), np.float64(8.976637437377953), np.float64(8.981386599910195), np.float64(8.876458802810962), np.float64(9.034430621921253), np.float64(8.834957264244295), np.float64(8.601674292914597), np.float64(8.980431820733786), np.float64(9.111308037147907), np.float64(8.989192530101617), np.float64(8.930332054733174), np.float64(9.01834429809729), np.float64(9.040900817137278), np.float64(8.995389197929486), np.float64(8.995522278790656), np.float64(9.044409885355911), np.float64(8.83705904090143), np.float64(8.937795871605395)]","[np.float64(8.701662335218083), np.float64(8.73515409006199), np.float64(8.713829170424383), np.float64(8.684852807291769), np.float64(8.781476975182882), np.float64(8.694326673488582), np.float64(8.954903711704942), np.float64(8.7390755201741), 0, np.float64(8.826115503959148), np.float64(8.870235677232062), np.float64(8.81030765200083), np.float64(8.766117098090358), np.float64(8.88744167158659), np.float64(8.831052968188878), np.float64(4.442914182131934), np.float64(8.94348480043039), np.float64(8.704569235944119), np.float64(8.76926843310985), np.float64(8.83413481924794)]","[20.67919111251831, 20.340134382247925, 20.51191020011902, 20.534301280975342, 20.44449257850647, 20.648699522018433, 20.771313667297363, 20.47321343421936, 20.563209533691406, 20.525532722473145, 20.589208364486694, 20.672680139541626, 20.492420196533203, 93.41705322265625, 20.501259803771973, 20.492822885513306, 20.541263341903687, 20.36463212966919, 20.35369634628296, 20.747098684310913]"
50,65,5,9.201610470194407,9.649801851087867,9.419115223489634,22.310464406013487,0.6172828439362625,0.10607068916264124,0.11270202053251574,"[np.float64(9.703282649992088), np.float64(8.880442357977754), np.float64(8.726071964464573), np.float64(9.636498981787646), np.float64(9.660412997778609), np.float64(8.80991871248984), np.float64(8.802766411143043), np.float64(9.718593952252988), np.float64(9.583325553252875), np.float64(9.581653847890081), np.float64(7.815494857424036), np.float64(9.633946081161723), np.float64(9.640378668749607), np.float64(9.59751008885773), np.float64(8.737650418788526), np.float64(9.695959626287605), np.float64(9.497260074256102), np.float64(8.774410999107742), np.float64(9.724009976497218), np.float64(7.812621183728359)]","[np.float64(9.72360563398735), np.float64(9.77094468039314), np.float64(9.597110450273973), np.float64(9.714021437672326), np.float64(9.645197693839982), np.float64(9.746792615574241), np.float64(9.626044723868143), np.float64(9.769662480275139), np.float64(9.62211720084133), np.float64(9.589988539609047), np.float64(9.437581923503979), np.float64(9.598222587368424), np.float64(9.770019915978581), np.float64(9.649674570571149), np.float64(9.558380805257293), np.float64(9.708043853279154), np.float64(9.446043368734781), np.float64(9.731064460810737), np.float64(9.779902499520254), np.float64(9.511617580398303)]","[np.float64(9.38830250487557), np.float64(9.567228078607384), np.float64(9.18848084254195), np.float64(9.553084470416048), np.float64(9.436087057837259), np.float64(9.371443216394454), np.float64(9.473654234282456), np.float64(9.505030253638873), np.float64(9.3081221067468), np.float64(9.421069865266432), np.float64(9.232294628475614), np.float64(9.469294947812138), np.float64(9.575319299133199), np.float64(9.459278790337407), np.float64(9.399345470916582), np.float64(9.53139250695241), np.float64(9.333290960658243), np.float64(9.4164141821023), np.float64(9.508202483004316), np.float64(9.244968569793222)]","[21.91321873664856, 22.10588240623474, 22.387447834014893, 22.13353943824768, 22.44343090057373, 22.07500720024109, 22.04949951171875, 21.823596954345703, 22.092432498931885, 22.243090391159058, 22.488724946975708, 22.155375003814697, 23.39920449256897, 22.645744800567627, 22.255572080612183, 22.944931268692017, 22.467793703079224, 22.366880178451538, 22.293914079666138, 21.924001693725586]"
50,65,6,9.94858202666365,10.191064404961752,9.969489223844205,23.86057209968567,0.500312252828053,0.09033686444994929,0.13966916145808914,"[np.float64(10.28000275169944), np.float64(10.135968925709635), np.float64(10.232370504507497), np.float64(10.119368566110538), np.float64(10.217261828032802), np.float64(8.344866038151073), np.float64(9.256766726981981), np.float64(9.30356919212608), np.float64(10.150216622989578), np.float64(10.231534887082232), np.float64(10.157144713388005), np.float64(10.11856979789365), np.float64(10.219490070790448), np.float64(10.053360718786013), np.float64(10.24423387666697), np.float64(10.242402650292442), np.float64(10.11477703343172), np.float64(10.172441425742782), np.float64(9.302354552816556), np.float64(10.074939650073592)]","[np.float64(10.214717630591851), np.float64(10.265430407118345), np.float64(10.275189022594203), np.float64(10.11285404719936), np.float64(10.261037086493486), np.float64(10.122466707348558), np.float64(10.21533195653192), np.float64(10.093118176203648), np.float64(10.139516708638704), np.float64(10.17721938151401), np.float64(10.180197504856887), np.float64(10.129933988416813), np.float64(10.273208732685367), np.float64(9.98965473692709), np.float64(10.380201537608793), np.float64(10.32027420188282), np.float64(10.226146094582496), np.float64(10.18227441227736), np.float64(10.154054572276051), np.float64(10.10846119348727)]","[np.float64(10.084719839781739), np.float64(9.969736564135307), np.float64(10.02129941087878), np.float64(10.026041015270353), np.float64(9.843822333812055), np.float64(9.675217939538928), np.float64(9.886130873877843), np.float64(10.008227357181234), np.float64(9.982573474440812), np.float64(10.085996953223221), np.float64(9.717240350091327), np.float64(9.966744287681067), np.float64(10.103449303511107), np.float64(9.895226499437658), np.float64(10.124810176334247), np.float64(10.247958732947733), np.float64(9.813306323039265), np.float64(9.983707646131823), np.float64(10.058733571440218), np.float64(9.89484182412938)]","[23.972960948944092, 23.63703179359436, 24.058556079864502, 23.74381422996521, 23.999584913253784, 23.38682746887207, 23.742053270339966, 24.227835178375244, 23.95422887802124, 23.736703157424927, 23.689826726913452, 23.822745323181152, 23.937771558761597, 23.60165023803711, 24.115922212600708, 24.017866611480713, 23.94765043258667, 24.03888511657715, 23.825159549713135, 23.7543683052063]"
50,70,4,8.091417946596614,9.059888835220196,8.011005184605096,20.36287318468094,0.9403727526184581,0.10743467626454471,1.83586470154085,"[np.float64(8.211851267058092), np.float64(8.360287927827104), np.float64(7.338067357734568), np.float64(7.418924845628317), np.float64(7.524751839738636), np.float64(9.07082920041322), np.float64(8.87197757655088), np.float64(9.118077516636086), np.float64(9.029152558573424), np.float64(9.18020205378824), np.float64(6.720751992395407), np.float64(8.294604920543344), np.float64(6.59338903734903), np.float64(6.5943981808280645), np.float64(9.039481506113914), np.float64(8.246208603693729), np.float64(8.273276568159885), np.float64(6.589672906379231), np.float64(9.11577997636504), np.float64(8.23667309615606)]","[np.float64(8.981522234029113), np.float64(9.142657956940575), np.float64(8.850462622917442), np.float64(8.85828189143327), np.float64(9.099159526653985), np.float64(9.10767181469279), np.float64(9.022892317063711), np.float64(9.19248945317117), np.float64(9.018397000173094), np.float64(9.266034801854559), np.float64(9.235558826164304), np.float64(9.067075385440507), np.float64(8.993472158226172), np.float64(8.967387403303253), np.float64(9.07405564038008), np.float64(9.052520988427538), np.float64(9.082872158073505), np.float64(8.992975548667294), np.float64(9.135141948373345), np.float64(9.057147028418232)]","[np.float64(8.831435874702812), np.float64(9.03839082881202), np.float64(8.800366948781377), np.float64(8.7639316185461), np.float64(9.001852929423139), np.float64(8.88607640022711), np.float64(8.827351381760149), np.float64(9.019796602539948), np.float64(8.91557364813785), np.float64(9.075102745680546), np.float64(4.480093578252169), np.float64(8.938961411943886), np.float64(4.416920321252817), np.float64(4.452941530599165), np.float64(8.88755174103792), np.float64(8.779064203919567), np.float64(8.86309412132972), np.float64(4.39492092374636), np.float64(8.978261584841247), np.float64(8.868415296568038)]","[20.466097116470337, 20.63995862007141, 20.228087186813354, 20.302605390548706, 20.15257453918457, 20.573060274124146, 20.231443643569946, 20.551639795303345, 20.254234075546265, 20.51758646965027, 20.53828763961792, 20.487571001052856, 20.220623016357422, 20.182250022888184, 20.389913082122803, 20.410107374191284, 20.499510765075684, 20.014047861099243, 20.50791597366333, 20.0899498462677]"
50,70,5,9.241710352549417,9.721993622110329,9.525052233981828,25.675643825531004,0.7325387749080177,0.15935048540308916,0.15159825699973092,"[np.float64(7.953871114394271), np.float64(9.444730200433494), np.float64(9.795836594119992), np.float64(8.848439867879453), np.float64(9.649616214905022), np.float64(9.782612753270179), np.float64(9.812607761395467), np.float64(9.698932731608064), np.float64(9.920044353429596), np.float64(9.710542938964842), np.float64(8.744816013169892), np.float64(9.798408793671495), np.float64(9.638229847386434), np.float64(8.091619690741963), np.float64(9.704090400063647), np.float64(8.08645026391445), np.float64(9.688748351014958), np.float64(7.78721354247549), np.float64(9.808225310317821), np.float64(8.869170307831816)]","[np.float64(9.703114346662389), np.float64(9.359440355788868), np.float64(9.858515870659767), np.float64(9.762652385844534), np.float64(9.695460191198915), np.float64(9.88403257322884), np.float64(9.806508081795226), np.float64(9.660810290107023), np.float64(10.0083921593772), np.float64(9.667070982045429), np.float64(9.633045657611937), np.float64(9.79929325724377), np.float64(9.619101738382934), np.float64(9.783275536538588), np.float64(9.677166133833117), np.float64(9.971393238017747), np.float64(9.7000039591237), np.float64(9.4004299987508), np.float64(9.799695836534655), np.float64(9.650469849461132)]","[np.float64(9.409055591291942), np.float64(9.226236707268464), np.float64(9.754791635528054), np.float64(9.49742450432667), np.float64(9.469486843372039), np.float64(9.500322059661997), np.float64(9.763849755141312), np.float64(9.488690301785681), np.float64(9.793813004571096), np.float64(9.550541106075496), np.float64(9.422493065215336), np.float64(9.689477968295883), np.float64(9.455106320298285), np.float64(9.619388914366334), np.float64(9.574603980767492), np.float64(9.492773652900507), np.float64(9.492129480788755), np.float64(9.255877311180916), np.float64(9.61481162658337), np.float64(9.43017085021695)]","[22.028421878814697, 97.45686292648315, 21.763245582580566, 22.10938048362732, 21.880663871765137, 21.632514715194702, 22.181020259857178, 21.604743003845215, 21.739790678024292, 21.767438650131226, 21.816161394119263, 21.846531629562378, 22.16340184211731, 21.684760332107544, 21.86093831062317, 21.835399627685547, 22.22870135307312, 22.21943497657776, 21.786396741867065, 21.907068252563477]"
50,70,6,9.943389998606728,10.222823051289925,10.034210384416935,23.76063551902771,0.5202534097314578,0.06513963038565362,0.1255730263627596,"[np.float64(9.279526830037765), np.float64(10.26184877199769), np.float64(10.215155054152055), np.float64(9.278310716059918), np.float64(10.24896407031531), np.float64(9.26419706769523), np.float64(9.343477347786562), np.float64(10.319876403295728), np.float64(10.229310585899386), np.float64(10.180199657378552), np.float64(8.43489037590699), np.float64(10.22716907384045), np.float64(10.217590135980862), np.float64(10.099853622196806), np.float64(10.185302096075423), np.float64(10.171320094809536), np.float64(10.243778278884065), np.float64(10.225999381694216), np.float64(10.21034996996618), np.float64(10.23068043816182)]","[np.float64(10.201055633170494), np.float64(10.210075150419092), np.float64(10.370894014116372), np.float64(10.161896397237298), np.float64(10.24325141734901), np.float64(10.16054301555988), np.float64(10.282024009630854), np.float64(10.277581694795817), np.float64(10.224315720585976), np.float64(10.132844212518854), np.float64(10.269607775595569), np.float64(10.307141873300143), np.float64(10.274297438633472), np.float64(10.108500557558097), np.float64(10.165336766452889), np.float64(10.208561190569556), np.float64(10.228389552567231), np.float64(10.246698736415063), np.float64(10.144883869082182), np.float64(10.238562000240675)]","[np.float64(9.96629021761365), np.float64(10.123405431939872), np.float64(10.175635618954935), np.float64(9.95975612509457), np.float64(10.181356287646606), np.float64(9.985041840427053), np.float64(10.08723815478011), np.float64(10.199198800051644), np.float64(10.090352291053772), np.float64(10.008261885088583), np.float64(9.641651734200586), np.float64(10.020303063906), np.float64(10.001212355908219), np.float64(9.977886323412049), np.float64(10.079136629067175), np.float64(9.868250242698558), np.float64(10.101926500570166), np.float64(10.070476456800703), np.float64(10.016540264113287), np.float64(10.130287465011161)]","[23.231471300125122, 23.715811014175415, 23.66942000389099, 23.733973026275635, 23.707961797714233, 24.238251447677612, 23.67754340171814, 23.849808931350708, 24.196866750717163, 23.5817391872406, 23.842094659805298, 24.083912134170532, 23.56546902656555, 23.74308729171753, 23.312195539474487, 23.940519332885742, 23.89264178276062, 23.535982131958008, 23.839214086532593, 23.854747533798218]"
55,60,4,4.571133258540744,4.644105286321064,0.0,20.22144410610199,1.369185434859425,4.772449188187889,0.0,"[np.float64(5.571783121740633), np.float64(5.4570555702586026), np.float64(4.646857159538744), np.float64(6.189915393412256), np.float64(5.155450467137249), np.float64(0.9575315900061476), np.float64(3.632536910140765), np.float64(4.554516126907147), np.float64(5.501399307542022), np.float64(6.139481395772076), np.float64(5.303411694447763), np.float64(5.2304399437987374), np.float64(3.539673538182886), np.float64(2.7742607456077266), np.float64(5.4416491338208814), np.float64(3.5571787798256937), np.float64(2.6424084920212176), np.float64(4.351989702638814), np.float64(6.2389934901587765), np.float64(4.536132607856746)]","[np.float64(9.886498085240813), np.float64(9.72187488697444), 0, np.float64(9.396113722847055), np.float64(8.846543781069704), 0, 0, 0, np.float64(9.691069383776576), np.float64(8.970689607148897), np.float64(9.231932554933866), np.float64(9.116833946572148), 0, 0, np.float64(8.700434729699191), 0, 0, 0, np.float64(9.320115028158588), 0]","[0, 0, 0, 0, 0, 0, 0, 0, 0, 0, 0, 0, 0, 0, 0, 0, 0, 0, 0, 0]","[20.479284524917603, 20.060471773147583, 20.171351194381714, 19.95165181159973, 20.433691263198853, 19.960631370544434, 20.34903907775879, 20.56394076347351, 20.19763422012329, 19.914841651916504, 20.37718915939331, 19.82823348045349, 19.79676389694214, 20.136050701141357, 20.340691804885864, 20.33366084098816, 20.065730810165405, 20.844897270202637, 20.14467740058899, 20.47844910621643]"
55,60,5,4.786401384486868,3.782522854161477,0.4587993212445536,25.70454157590866,1.5338460775618845,4.7591407957375,2.0518129406671703,"[np.float64(1.7822246555049224), np.float64(6.598573715673542), np.float64(4.684824481708189), np.float64(6.561145773135076), np.float64(4.600653693109286), np.float64(5.561684552017369), np.float64(8.106915032233816), np.float64(3.708094407761367), np.float64(5.675090569046495), np.float64(2.8214890018810608), np.float64(1.846485004676058), np.float64(4.728838172526872), np.float64(4.5975720392841275), np.float64(4.679246165338077), np.float64(5.524545220026796), np.float64(5.483229547015319), np.float64(4.638293168007031), np.float64(4.7502967323962055), np.float64(5.687185001049967), np.float64(3.691640757345775)]","[0, np.float64(10.181425084309087), 0, np.float64(9.571349602394939), 0, np.float64(9.34246388772055), np.float64(9.739133009472697), 0, np.float64(9.552845686663234), 0, 0, 0, 0, 0, np.float64(8.944084436583667), np.float64(9.0275610077715), 0, 0, np.float64(9.291594368313865), 0]","[0, 0, 0, 0, 0, 0, np.float64(9.175986424891072), 0, 0, 0, 0, 0, 0, 0, 0, 0, 0, 0, 0, 0]","[21.603975772857666, 21.55733871459961, 21.85494089126587, 21.54056668281555, 21.96769905090332, 21.984649181365967, 21.92535138130188, 21.634327173233032, 21.9407958984375, 21.682597637176514, 22.084110260009766, 21.73427939414978, 21.501354694366455, 100.26609253883362, 21.87700128555298, 21.51020121574402, 21.87079167366028, 21.988660097122192, 21.738332271575928, 21.827765703201294]"
55,60,6,5.4258050749946936,6.467103484647115,0.9534686357509596,23.50661196708679,1.7092189175480854,4.87937961445146,1.9568853898340137,"[np.float64(1.8653773494955517), np.float64(7.511518677203986), np.float64(5.751935222848671), np.float64(2.809819172025043), np.float64(7.519703198102695), np.float64(7.666592798520491), np.float64(5.53168333718477), np.float64(5.824210127403543), np.float64(5.876304952626874), np.float64(5.879885794640173), np.float64(2.936899217303761), np.float64(7.581371862982244), np.float64(2.991742367951181), np.float64(4.833089004091719), np.float64(6.6995110878654325), np.float64(5.487602422235413), np.float64(6.528388826914344), np.float64(5.972581757563677), np.float64(4.656250912865696), np.float64(4.591633410068615)]","[0, np.float64(10.060887302414335), np.float64(9.694306190670309), 0, np.float64(10.086371738564605), np.float64(10.37987960361408), np.float64(9.583479411064861), np.float64(9.857080640199849), np.float64(10.462157270215199), np.float64(9.875926510714123), 0, np.float64(9.982001132779384), 0, 0, np.float64(9.836724733909735), np.float64(9.098565460469102), np.float64(9.77408258008525), np.float64(10.650607118241478), 0, 0]","[0, np.float64(4.617468327054189), 0, 0, np.float64(4.808788719456604), np.float64(4.808247324333317), 0, 0, 0, 0, 0, np.float64(4.8348683441750815), 0, 0, 0, 0, 0, 0, 0, 0]","[23.4488422870636, 23.54104208946228, 23.719977378845215, 23.52730369567871, 23.707436323165894, 24.02066445350647, 23.619988203048706, 23.579574584960938, 23.814876079559326, 23.508445024490356, 23.265384912490845, 23.371742486953735, 23.04723310470581, 23.690166234970093, 23.349881410598755, 23.357592821121216, 23.65945339202881, 23.445104122161865, 23.345609426498413, 23.111921310424805]"
55,65,4,4.960162941558774,4.801158815638617,0.4631261869609255,20.219088625907897,1.467023791156099,4.933477832703538,1.4257392838021439,"[np.float64(5.51181887405399), np.float64(6.454773292910931), np.float64(2.765645687863971), np.float64(7.340779770747023), np.float64(2.709217676251998), np.float64(6.2949922755637715), np.float64(3.7409293175146887), np.float64(6.142615170089775), np.float64(6.5167954826097905), np.float64(2.7122288528686638), np.float64(3.6174427200447283), np.float64(4.5888891148312885), np.float64(5.525691177889004), np.float64(5.50637042011131), np.float64(4.569252844611592), np.float64(5.474141463847335), np.float64(3.643348141003187), np.float64(7.260300903284723), np.float64(4.59141494554543), np.float64(4.2366106995322745)]","[np.float64(9.688593672204949), np.float64(9.974880101159345), 0, np.float64(9.964954575751326), 0, np.float64(9.445973670459592), 0, np.float64(9.19441748013266), np.float64(10.18427084129633), 0, 0, 0, np.float64(9.12742241676649), np.float64(9.383440746323561), 0, np.float64(9.122736008833584), 0, np.float64(9.936486799844506), 0, 0]","[0, 0, 0, np.float64(4.546226896385165), 0, 0, 0, 0, 0, 0, 0, 0, 0, 0, 0, 0, 0, np.float64(4.716296842833345), 0, 0]","[20.39555263519287, 20.171013593673706, 20.096052646636963, 20.33975625038147, 20.425692796707153, 20.430540800094604, 20.186052560806274, 20.214184284210205, 20.311824083328247, 20.382707834243774, 19.586790800094604, 20.108558416366577, 20.085055351257324, 20.124000310897827, 20.33856725692749, 20.262911319732666, 20.22566843032837, 20.49271583557129, 20.28853702545166, 19.915590286254883]"
55,65,5,5.033961768564955,3.966161568403723,0.4941331713866898,21.713222289085387,1.4889147773431424,4.994735844638514,2.2098307223163847,"[np.float64(2.966698767070217), np.float64(4.613214294203559), np.float64(8.574888028547202), np.float64(3.6411305537965872), np.float64(4.711066463105717), np.float64(4.748661917166763), np.float64(5.63853956399679), np.float64(2.780117825946373), np.float64(3.8369643562835005), np.float64(6.578112594163974), np.float64(4.725859044205563), np.float64(6.6390494200521175), np.float64(5.683260404290004), np.float64(6.793149660098454), np.float64(4.610421687330497), np.float64(5.650917504558742), np.float64(4.6954875871606365), np.float64(6.324450610139038), np.float64(4.6912943421386535), np.float64(2.775950747044713)]","[0, 0, np.float64(10.426570865591017), 0, 0, 0, np.float64(9.10009690785791), 0, 0, np.float64(9.896546096561869), 0, np.float64(10.500624215886301), np.float64(9.890933048594361), np.float64(10.490862433806466), 0, np.float64(9.788036436928248), 0, np.float64(9.22956136284828), 0, 0]","[0, 0, np.float64(9.882663427733796), 0, 0, 0, 0, 0, 0, 0, 0, 0, 0, 0, 0, 0, 0, 0, 0, 0]","[21.954585790634155, 21.890692949295044, 21.678778886795044, 21.56635570526123, 21.251808404922485, 21.692432165145874, 21.770037412643433, 21.500646829605103, 21.661165475845337, 21.690107345581055, 21.353548526763916, 21.57594394683838, 21.670753717422485, 21.706549882888794, 21.68809175491333, 21.729591131210327, 22.19475817680359, 21.505091428756714, 22.304957628250122, 21.878548622131348]"
55,65,6,5.076940215538466,4.502809548184761,0.2331133397124027,27.71564152240753,1.4086771003054073,5.114154957885443,1.0425145481178675,"[np.float64(5.808897490122388), np.float64(6.750045921741205), np.float64(5.730705007234575), np.float64(3.702733918234696), np.float64(3.029390133629762), np.float64(6.79534533704998), np.float64(4.656854498031458), np.float64(6.746376822763974), np.float64(6.571876527906856), np.float64(2.815651353261431), np.float64(6.0327688753269095), np.float64(5.510042565492147), np.float64(4.946930519223994), np.float64(7.482839678456862), np.float64(3.802710164381853), np.float64(4.928147240475663), np.float64(4.6456356848884175), np.float64(3.8977726887174686), np.float64(3.0005034396203345), np.float64(4.683576444209333)]","[np.float64(9.916258828179975), np.float64(10.251293904731556), np.float64(9.64270249052655), 0, 0, np.float64(10.370298823888287), 0, np.float64(10.060858927954472), np.float64(9.811703913279867), 0, np.float64(10.793278243455687), np.float64(9.563123807892863), 0, np.float64(9.646672023785955), 0, 0, 0, 0, 0, 0]","[0, 0, 0, 0, 0, 0, 0, 0, 0, 0, 0, 0, 0, np.float64(4.662266794248054), 0, 0, 0, 0, 0, 0]","[23.58164381980896, 23.507062673568726, 24.05886721611023, 23.42219853401184, 23.299422025680542, 23.33360195159912, 23.152135610580444, 23.591436862945557, 106.69158458709717, 23.214765787124634, 23.37076210975647, 23.756633043289185, 23.833889722824097, 23.916655778884888, 23.351276397705078, 23.40600562095642, 23.281493663787842, 23.29418182373047, 23.45838165283203, 24.790831565856934]"
55,70,4,4.575309954504078,3.8619827711448265,0.23806562007996476,20.121364331245424,1.3198286767891383,4.86121461398565,1.0646618192088804,"[np.float64(4.557090173118988), np.float64(3.651502553539194), np.float64(5.384423111069451), np.float64(1.896714873207651), np.float64(5.39376208654905), np.float64(2.775898701321374), np.float64(4.706677836118663), np.float64(3.622532349989429), np.float64(3.5836688130681846), np.float64(4.443930762765874), np.float64(7.290334756261311), np.float64(6.52563681450365), np.float64(5.64864532923772), np.float64(4.601167985463643), np.float64(2.8716010456857455), np.float64(5.5315217875747305), np.float64(5.248542107532719), np.float64(3.5770095632652543), np.float64(5.5666665621810765), np.float64(4.628871877627858)]","[0, 0, np.float64(9.277526642196733), 0, np.float64(9.032666936790443), 0, 0, 0, 0, 0, np.float64(10.066400237992957), np.float64(10.226542823660488), np.float64(10.139153939410724), 0, 0, np.float64(9.599356759138969), np.float64(9.131711268358885), 0, np.float64(9.766296815347332), 0]","[0, 0, 0, 0, 0, 0, 0, 0, 0, 0, np.float64(4.761312401599295), 0, 0, 0, 0, 0, 0, 0, 0, 0]","[20.427741527557373, 19.99172282218933, 20.22191548347473, 20.0096173286438, 20.075066089630127, 19.942164182662964, 20.16948699951172, 20.332833290100098, 19.9861478805542, 20.005903959274292, 20.344776391983032, 19.991085290908813, 20.14332365989685, 19.986818075180054, 19.741527557373047, 20.114781856536865, 20.25080418586731, 20.150020837783813, 20.248907804489136, 20.292641401290894]"
55,70,5,5.369992765144042,5.294222013737792,0.7259902970126116,21.75508542060852,1.6938894422100113,4.9232872858875325,2.3812272552050477,"[np.float64(4.604819794160506), np.float64(10.162599738618432), np.float64(3.760189567739812), np.float64(3.473698744168154), np.float64(5.536882006760677), np.float64(7.553341366215673), np.float64(5.681452406053056), np.float64(5.759757585396771), np.float64(4.8638451085723355), np.float64(3.6511590382021484), np.float64(6.67427250352702), np.float64(6.444922391583021), np.float64(6.633034589774794), np.float64(3.571574388951549), np.float64(3.948331521118923), np.float64(5.491396397094355), np.float64(3.873008754158508), np.float64(3.5947095746321405), np.float64(5.585258118841834), np.float64(6.535601707311133)]","[0, np.float64(10.320431806396186), 0, 0, np.float64(8.969545532740074), np.float64(10.142289582711063), np.float64(9.536972486543545), np.float64(9.524431351785312), 0, 0, np.float64(9.843662778111991), np.float64(9.368821039644624), np.float64(9.991556422813929), 0, 0, np.float64(9.074327272477744), 0, 0, np.float64(9.306880413150047), np.float64(9.805521588381323)]","[0, np.float64(9.79599026491046), 0, 0, 0, np.float64(4.723815675341774), 0, 0, 0, 0, 0, 0, 0, 0, 0, 0, 0, 0, 0, 0]","[21.643175840377808, 22.06234383583069, 21.755149126052856, 21.647727251052856, 21.563180446624756, 21.865641117095947, 21.791699647903442, 21.685842752456665, 21.82842183113098, 21.535353422164917, 21.991286277770996, 21.850185871124268, 21.488545656204224, 22.641860961914062, 21.408392190933228, 21.551023244857788, 21.724915504455566, 21.03921151161194, 22.059952974319458, 21.967798948287964]"
55,70,6,5.294532357310909,3.518225427844099,0.4929985297598035,23.317740082740784,1.2666087750275823,4.922243799222577,1.517736058141469,"[np.float64(6.809243232931625), np.float64(4.79454638650887), np.float64(4.676094532303259), np.float64(4.906431870017524), np.float64(2.861467408929488), np.float64(7.809019949965662), np.float64(4.653690561065042), np.float64(6.678763245484732), np.float64(5.760059491419195), np.float64(4.883019831140055), np.float64(4.8046098386933345), np.float64(3.936348236143994), np.float64(5.713133454549493), np.float64(3.919627983378963), np.float64(4.904887928194517), np.float64(4.773082719710723), np.float64(4.85909132587515), np.float64(4.815743898992404), np.float64(7.641348161810317), np.float64(6.690437089103829)]","[np.float64(9.882602527680302), 0, 0, 0, 0, np.float64(10.442654227223176), 0, np.float64(9.908241935137768), np.float64(9.616952203958911), 0, 0, 0, np.float64(9.85131486914667), 0, 0, 0, 0, 0, np.float64(10.295059661245645), np.float64(10.367683132489503)]","[0, 0, 0, 0, 0, np.float64(5.025831631159255), 0, 0, 0, 0, 0, 0, 0, 0, 0, 0, 0, 0, np.float64(4.834138964036816), 0]","[23.221893072128296, 23.04356098175049, 23.149146556854248, 23.419673204421997, 23.701528310775757, 23.280503749847412, 23.485989809036255, 23.537662029266357, 23.079561948776245, 23.060147762298584, 23.066940546035767, 23.29969048500061, 23.420806884765625, 23.34258532524109, 23.166070699691772, 23.646272659301758, 23.188499689102173, 23.438059091567993, 23.6100652217865, 23.196143627166748]"
60,60,4,4.680080076539978,4.239915206122631,0.9165583692915906,24.69592410326004,1.929963695986041,4.815239448238067,2.4022425362493767,"[np.float64(6.346851891915253), np.float64(4.462765877731342), np.float64(4.421945365607602), np.float64(6.053987864368094), np.float64(5.366399918806257), np.float64(4.551008929120397), np.float64(0.9461643195829166), np.float64(5.266651009640607), np.float64(5.395472897711652), np.float64(8.094622210536397), np.float64(7.148386322402576), np.float64(4.3420496900788335), np.float64(2.6547679590288267), np.float64(4.305244548807766), np.float64(4.615074485147347), np.float64(6.265661231065738), np.float64(1.8348821769478194), np.float64(2.6582213160114168), np.float64(1.8112136368447826), np.float64(7.06022987944394)]","[np.float64(9.84126930955808), 0, 0, np.float64(9.147310746937285), np.float64(9.060890039900645), 0, 0, np.float64(8.856706561374834), np.float64(9.374819058489443), np.float64(10.045241190866138), np.float64(9.531996377519024), 0, 0, 0, 0, np.float64(9.451972913082988), 0, 0, 0, np.float64(9.488097924724174)]","[0, 0, 0, 0, 0, 0, 0, 0, 0, np.float64(9.212254347914392), np.float64(4.599966243114261), 0, 0, 0, 0, 0, 0, 0, 0, np.float64(4.51894679480316)]","[20.254146337509155, 20.81404161453247, 20.55332040786743, 20.090248107910156, 20.0810227394104, 20.075157642364502, 20.010019063949585, 108.10531949996948, 20.45044183731079, 21.09135627746582, 21.577988147735596, 20.347612380981445, 20.36102604866028, 19.989246368408203, 19.982176542282104, 20.331481218338013, 19.8820858001709, 20.00525665283203, 19.82264757156372, 20.09388780593872]"
60,60,5,4.4639137490467435,3.852714088599561,0.0,21.682930636405946,1.467524642580219,4.849436200755504,0.0,"[np.float64(6.662113218403818), np.float64(3.5666787174943693), np.float64(1.7531852873546379), np.float64(6.364397294942603), np.float64(6.46558232903825), np.float64(5.656789478303043), np.float64(5.490225534867467), np.float64(5.559626765469258), np.float64(4.441320145230164), np.float64(5.7660321548652576), np.float64(1.8697728854135647), np.float64(2.7484871049692425), np.float64(3.733721978081856), np.float64(4.614328084192253), np.float64(3.525422267889654), np.float64(5.324340405285348), np.float64(3.6915704416324955), np.float64(4.577180868715548), np.float64(2.8918451602482618), np.float64(4.5756548585377725)]","[np.float64(10.345794369936133), 0, 0, np.float64(9.561449893842264), np.float64(9.42019598838923), np.float64(9.404015390457367), np.float64(9.451635531816592), np.float64(9.611320095373296), 0, np.float64(10.292180517294266), 0, 0, 0, 0, 0, np.float64(8.96768998488208), 0, 0, 0, 0]","[0, 0, 0, 0, 0, 0, 0, 0, 0, 0, 0, 0, 0, 0, 0, 0, 0, 0, 0, 0]","[21.96832847595215, 21.822263717651367, 21.464438676834106, 21.746515035629272, 21.822296380996704, 21.497138500213623, 21.793917894363403, 22.01896095275879, 21.853607177734375, 21.781962394714355, 21.894233465194702, 21.42590045928955, 21.624335050582886, 21.78333353996277, 21.670316457748413, 21.530695915222168, 21.55507755279541, 21.514479875564575, 21.38862943649292, 21.50218176841736]"
60,60,6,4.766555878270968,3.835646591810695,0.24006684058931219,23.437788367271423,1.3214256493931775,4.8251006996983,1.0736115494026155,"[np.float64(5.483663318605711), np.float64(2.9259620062695215), np.float64(3.8637947944338475), np.float64(4.626937930575995), np.float64(5.555690840717502), np.float64(5.59623294233819), np.float64(4.7649986816003524), np.float64(5.647544639661562), np.float64(7.56280784913911), np.float64(6.756655187371445), np.float64(3.7106810527256298), np.float64(2.9950324865710622), np.float64(2.7773074720889324), np.float64(3.7249937871866616), np.float64(3.810243781271855), np.float64(3.880991116061372), np.float64(4.7855118897658855), np.float64(4.733969979039515), np.float64(5.7387761465599505), np.float64(6.389321663435267)]","[np.float64(9.086051269551914), 0, 0, 0, np.float64(9.427809893177406), np.float64(9.176781812314713), 0, np.float64(9.611178953493585), np.float64(10.013169163875563), np.float64(10.140612937475058), 0, 0, 0, 0, 0, 0, 0, 0, np.float64(9.473587964044384), np.float64(9.783739842281275)]","[0, 0, 0, 0, 0, 0, 0, 0, np.float64(4.801336811786244), 0, 0, 0, 0, 0, 0, 0, 0, 0, 0, 0]","[23.355891227722168, 22.977824926376343, 23.083791494369507, 23.544731378555298, 23.639389276504517, 23.558571100234985, 23.88890290260315, 23.546382665634155, 23.568267822265625, 23.76303267478943, 23.36726403236389, 23.455965042114258, 23.237834692001343, 23.263333320617676, 23.262158155441284, 23.432637453079224, 23.495476007461548, 23.100112915039062, 23.922465085983276, 23.29173517227173]"
60,65,4,3.713199463117197,1.9079047490799181,0.23057130952757027,20.210733425617217,1.6557814932620383,3.9174078648092556,1.0311462435295842,"[np.float64(2.7641978660993773), np.float64(3.594455460287312), np.float64(3.6896188664796727), np.float64(4.56582865760301), np.float64(3.6851205790962456), np.float64(3.5257790216429465), np.float64(3.5324784545569914), np.float64(6.148974551226953), np.float64(4.4840179426456155), np.float64(2.7898603369774038), np.float64(3.5232071794674424), np.float64(4.600824804778108), np.float64(5.495985731504873), np.float64(2.7944020728569336), np.float64(2.7175684846013626), np.float64(1.8948201785459828), np.float64(7.253000990940138), 0, np.float64(5.540096031448267), np.float64(1.6637520515853033)]","[0, 0, 0, 0, 0, 0, 0, np.float64(9.149576861228738), 0, 0, 0, 0, np.float64(9.523053066913949), 0, 0, 0, np.float64(10.000262338439226), 0, np.float64(9.485202715016449), 0]","[0, 0, 0, 0, 0, 0, 0, 0, 0, 0, 0, 0, 0, 0, 0, 0, np.float64(4.611426190551406), 0, 0, 0]","[19.884904146194458, 19.753010749816895, 21.223769903182983, 20.246406078338623, 20.441256523132324, 20.167437076568604, 20.497908353805542, 20.04603123664856, 20.225465536117554, 20.186422109603882, 20.3153395652771, 20.23502516746521, 20.040168285369873, 20.126219511032104, 20.261608600616455, 19.862009525299072, 20.451042652130127, 20.14260983467102, 20.23353862762451, 19.874495029449463]"
60,65,5,4.4665033109553,3.8886203023870847,0.4772128175003333,26.30131778717041,1.6936717241826453,4.896941404084559,1.4693501099177313,"[np.float64(1.8493192043032591), np.float64(1.889325068105105), np.float64(3.750711292977269), np.float64(5.506736893334), np.float64(2.786176303941676), np.float64(4.627875243916699), np.float64(3.635546290620059), np.float64(5.483301822166323), np.float64(5.572302317603749), np.float64(6.4912014310633275), np.float64(3.7377629308909364), np.float64(5.47890044535875), np.float64(5.547182804227363), np.float64(2.6707672887862404), np.float64(4.780330891465103), np.float64(7.550865406793249), np.float64(2.8611428750317605), np.float64(7.6705501143193064), np.float64(3.75206523711836), np.float64(3.688002357083461)]","[0, 0, 0, np.float64(9.290832180328827), 0, 0, 0, np.float64(9.583754227688836), np.float64(9.274103272487636), np.float64(9.722476437813315), 0, np.float64(9.251952436339778), np.float64(9.573700759359346), 0, 0, np.float64(10.53399753588243), 0, np.float64(10.541589197841528), 0, 0]","[0, 0, 0, 0, 0, 0, 0, 0, 0, 0, 0, 0, 0, 0, 0, np.float64(4.651645829407432), 0, np.float64(4.892610520599233), 0, 0]","[21.589967012405396, 21.43058466911316, 21.999312162399292, 21.68827724456787, 21.81510019302368, 21.725872039794922, 21.94022488594055, 21.367543935775757, 21.48029088973999, 21.452766180038452, 21.31289505958557, 113.47390699386597, 21.709269762039185, 21.812562704086304, 21.621735095977783, 22.484856605529785, 21.490936279296875, 22.26100516319275, 21.672330379486084, 21.696918487548828]"
60,65,6,5.05402163740083,4.443097668099527,0.252594666805338,23.440906953811645,1.3413104374523332,5.046005442040285,1.129637691461291,"[np.float64(2.8492885943419917), np.float64(5.906784732770185), np.float64(4.826900621415507), np.float64(5.659628517114979), np.float64(3.617520571735676), np.float64(4.721232494640787), np.float64(3.806411725849459), np.float64(5.742342827711931), np.float64(5.71099109772507), np.float64(3.87818225986353), np.float64(5.739930155305493), np.float64(4.746161420326216), np.float64(7.685430460137675), np.float64(6.810471619299853), np.float64(4.843934503962349), np.float64(2.8503138787081097), np.float64(6.66067085614415), np.float64(4.915378744250278), np.float64(6.4831118721291086), np.float64(3.625745794584255)]","[0, np.float64(10.479243909809712), 0, np.float64(9.749730284562268), 0, 0, 0, np.float64(9.342504590687541), np.float64(9.651543500759306), 0, np.float64(9.523327668087115), 0, np.float64(10.132832797034743), np.float64(10.404286856005582), 0, 0, np.float64(9.892535942060373), 0, np.float64(9.68594781298389), 0]","[0, 0, 0, 0, 0, 0, 0, 0, 0, 0, 0, 0, np.float64(5.05189333610676), 0, 0, 0, 0, 0, 0, 0]","[23.468048572540283, 23.337562322616577, 23.823175191879272, 23.47556447982788, 23.123828411102295, 23.601573944091797, 23.189444303512573, 23.40025806427002, 23.368471384048462, 23.161617517471313, 23.042089223861694, 23.12670874595642, 23.681265830993652, 23.80540132522583, 23.656596422195435, 23.15756916999817, 23.53080654144287, 23.710301399230957, 23.68967366218567, 23.46818256378174]"
60,70,4,4.678209983188473,3.813379024416167,0.4820415629402978,19.92929079532623,1.5488919348134833,4.795922616747752,2.1557554054294985,"[np.float64(1.750196521052476), np.float64(5.41174454016878), np.float64(5.357089604825797), np.float64(3.616683530091338), np.float64(2.7842147514616666), np.float64(5.556623398466065), np.float64(5.4072972635896885), np.float64(6.483886519161368), np.float64(9.050942712554454), np.float64(4.512296552059088), np.float64(4.719027245451736), np.float64(2.7169820101290822), np.float64(4.505808695197567), np.float64(5.427075571142972), np.float64(4.527625545198509), np.float64(4.490350619934394), np.float64(3.629188419914139), np.float64(4.60389470029003), np.float64(5.487097189270819), np.float64(3.5261742738094894)]","[0, np.float64(9.156519885991608), np.float64(9.39759433131848), 0, 0, np.float64(9.726440792085382), np.float64(9.259960265114158), np.float64(9.696404578601635), np.float64(10.170039915928662), 0, 0, 0, 0, np.float64(9.562903749557032), 0, 0, 0, 0, np.float64(9.29771696972639), 0]","[0, 0, 0, 0, 0, 0, 0, 0, np.float64(9.640831258805957), 0, 0, 0, 0, 0, 0, 0, 0, 0, 0, 0]","[19.681659936904907, 19.867558002471924, 20.25528573989868, 19.73476815223694, 19.81884765625, 20.046212911605835, 19.545337200164795, 19.723586797714233, 19.69963502883911, 19.499808073043823, 19.89214253425598, 19.91050672531128, 19.651782512664795, 19.934584140777588, 19.829188108444214, 20.39699125289917, 20.479400634765625, 20.60444927215576, 19.9437358379364, 20.070335388183594]"
60,70,5,4.362328294724923,2.43612162376693,0.2450369978450301,21.53907605409622,1.4043894476180738,4.332713019784849,1.0958387683679136,"[np.float64(3.717084950314558), np.float64(3.8143257342743713), np.float64(3.8779319951877267), np.float64(4.72773676880184), np.float64(1.841498963263649), np.float64(4.706877432276143), np.float64(6.453863975244991), np.float64(5.655118583648186), np.float64(3.7263765319705913), np.float64(3.7125604816129734), np.float64(5.43955718871348), np.float64(4.6840980868456), np.float64(7.654713297624213), np.float64(3.769026735780727), np.float64(4.641532527150649), np.float64(2.9601111693977766), np.float64(1.7868549714827822), np.float64(5.626456806319939), np.float64(3.854733333875687), np.float64(4.59610636071258)]","[0, 0, 0, 0, 0, 0, np.float64(9.778155589453561), np.float64(9.727023295654515), 0, 0, np.float64(9.35909282730557), 0, np.float64(10.362790838547667), 0, 0, 0, 0, np.float64(9.495369924377288), 0, 0]","[0, 0, 0, 0, 0, 0, 0, 0, 0, 0, 0, 0, np.float64(4.900739956900602), 0, 0, 0, 0, 0, 0, 0]","[21.77595019340515, 21.26912808418274, 21.900699377059937, 21.30119013786316, 21.493212699890137, 21.42102885246277, 21.68373441696167, 21.740485906600952, 21.455384731292725, 21.577972173690796, 21.501147270202637, 21.596651554107666, 21.830365419387817, 21.585227251052856, 21.40439796447754, 21.342429161071777, 21.213905334472656, 21.16220474243164, 21.84800148010254, 21.678404331207275]"
60,70,6,5.510693163963308,5.995874866028246,1.2239039292432035,27.92944542169571,1.9394288085716933,5.049795476545624,2.7041570041694936,"[np.float64(7.8285861039722855), np.float64(6.688992235974417), np.float64(3.7723527487894057), np.float64(7.3923807109424615), np.float64(4.960623521789066), np.float64(6.972550504479219), np.float64(6.928696673519237), np.float64(4.791539091179791), np.float64(0.9665004179084978), np.float64(8.562466208673408), np.float64(6.450605109292497), np.float64(5.447159459775503), np.float64(4.739393117277718), np.float64(7.623514326155916), np.float64(5.9023831272928415), np.float64(5.745433879166058), np.float64(3.885994820938964), np.float64(2.8466278446320867), np.float64(2.830114502725108), np.float64(5.877948874781679)]","[np.float64(10.747384513610324), np.float64(10.081094888905707), 0, np.float64(9.665833097261995), 0, np.float64(10.768917308459251), np.float64(10.48446022735106), 0, 0, np.float64(10.221558498705178), np.float64(9.765387987654263), np.float64(8.127008253547384), 0, np.float64(10.060324465614897), np.float64(10.065598055756896), np.float64(9.817952478499965), 0, 0, 0, np.float64(10.111977545198)]","[np.float64(4.898866989794266), 0, 0, np.float64(4.710104670631557), 0, 0, 0, 0, 0, np.float64(9.900977935411934), 0, 0, 0, np.float64(4.9681289890263125), 0, 0, 0, 0, 0, 0]","[23.017264366149902, 23.00700569152832, 22.796552181243896, 23.201653480529785, 22.840445518493652, 23.232990503311157, 23.300207376480103, 23.431493282318115, 23.19796586036682, 23.18379855155945, 23.003289222717285, 23.076359033584595, 23.094473361968994, 23.299464225769043, 23.022305965423584, 23.426446676254272, 23.0296790599823, 119.32092022895813, 22.838006734848022, 23.268587112426758]"
65,60,4,3.8707708160474796,2.356421509936344,0.0,19.91623773574829,1.4491567307364894,4.189845434326439,0.0,"[np.float64(4.5116951776495435), np.float64(0.9194603459692331), np.float64(3.602966995751238), np.float64(3.3136935125920535), np.float64(1.7427218527602006), np.float64(4.426421554345892), np.float64(5.448035582324308), np.float64(4.400761746166286), np.float64(5.458592660212646), np.float64(2.5625172493356847), np.float64(2.6296148764705736), np.float64(6.254858023475617), np.float64(2.5974810833296145), np.float64(4.438977734128891), np.float64(1.8399100815898963), np.float64(4.5578942876876845), np.float64(3.560761889639481), np.float64(5.298577930286913), np.float64(5.392003329704706), np.float64(4.458470407529133)]","[0, 0, 0, 0, 0, 0, np.float64(9.681754615088192), 0, np.float64(9.690024994967981), 0, 0, np.float64(9.287812809008189), 0, 0, 0, 0, 0, np.float64(8.960257362276332), np.float64(9.508580417386188), 0]","[0, 0, 0, 0, 0, 0, 0, 0, 0, 0, 0, 0, 0, 0, 0, 0, 0, 0, 0, 0]","[19.959340572357178, 19.893822193145752, 19.899307250976562, 20.146430492401123, 20.0806405544281, 19.963254928588867, 20.098907947540283, 19.915939807891846, 20.010841369628906, 19.75499987602234, 19.776941537857056, 19.835336208343506, 20.12028169631958, 19.934714317321777, 19.892305612564087, 19.795385360717773, 19.70025062561035, 19.9546639919281, 19.964736461639404, 19.626653909683228]"
65,60,5,4.697935055964957,3.293872565862745,0.23557773609480961,21.686849582195283,1.181518809357748,4.61500529100081,1.0535356637870004,"[np.float64(4.449938969857002), np.float64(5.317766252219971), np.float64(4.4851378119524705), np.float64(4.68881963394389), np.float64(5.689990441162842), np.float64(3.556368779652423), np.float64(4.630080895837673), np.float64(3.6477760026739348), np.float64(4.498782822204155), np.float64(5.54856570941061), np.float64(6.324869215346669), np.float64(6.5494811152483265), np.float64(5.327718038471304), np.float64(3.583734154199996), np.float64(3.6660687951159705), np.float64(4.6186802324327), np.float64(3.790101921754307), np.float64(2.7015741961158004), np.float64(7.335649252501741), np.float64(3.547596879197359)]","[0, np.float64(9.0689505513533), 0, 0, np.float64(10.210921301048291), 0, 0, 0, 0, np.float64(8.974674639245046), np.float64(9.49064476621463), np.float64(9.860853050580141), np.float64(8.702891950532), 0, 0, 0, 0, 0, np.float64(9.568515058281493), 0]","[0, 0, 0, 0, 0, 0, 0, 0, 0, 0, 0, 0, 0, 0, 0, 0, 0, 0, np.float64(4.711554721896192), 0]","[21.644286155700684, 21.33118224143982, 21.355671882629395, 21.495367288589478, 21.46801495552063, 21.256322383880615, 21.451642513275146, 21.27468729019165, 21.205519199371338, 21.393824815750122, 21.394252061843872, 21.440510511398315, 21.91514229774475, 21.510071992874146, 21.333903551101685, 21.676968336105347, 21.333799123764038, 21.974265336990356, 21.966655731201172, 25.31490397453308]"
65,60,6,4.88367156885022,4.360617778017352,0.4879972416023092,23.387310957908632,1.8132600506905014,4.949289683197907,2.1823900101103035,"[np.float64(3.9567996474592264), np.float64(6.524688596438219), np.float64(8.53862648363207), np.float64(1.9521403993844841), np.float64(0.9174429581687071), np.float64(4.902322380723229), np.float64(5.7061554843898), np.float64(6.470006243905963), np.float64(1.8642269464360801), np.float64(4.716926186788401), np.float64(5.6715139621843385), np.float64(3.733433316226301), np.float64(4.5910186036631595), np.float64(4.548012851014204), np.float64(5.582816396405562), np.float64(5.507530300934942), np.float64(6.605295988821701), np.float64(6.560482591815712), np.float64(4.625944697815592), np.float64(4.698047340796706)]","[0, np.float64(9.613653374197042), np.float64(10.286698096099727), 0, 0, 0, np.float64(9.835495917365636), np.float64(9.82915738404085), 0, 0, np.float64(9.465591637373386), 0, 0, 0, np.float64(9.552444857927968), np.float64(9.402649403142384), np.float64(9.749491115804062), np.float64(9.477173774395986), 0, 0]","[0, 0, np.float64(9.759944832046184), 0, 0, 0, 0, 0, 0, 0, 0, 0, 0, 0, 0, 0, 0, 0, 0, 0]","[23.160717010498047, 24.10238742828369, 24.689923524856567, 24.02066469192505, 23.46980094909668, 23.39093565940857, 23.099223136901855, 23.14055824279785, 23.249112606048584, 23.303937435150146, 23.35446286201477, 23.436897039413452, 23.203771591186523, 23.2685604095459, 23.010072708129883, 22.599820613861084, 23.28425645828247, 24.059897422790527, 23.005814790725708, 22.89540457725525]"
65,65,4,3.2977207331715905,1.3768846333622302,0.455386897870356,19.859210276603697,1.7464278321089097,3.363332728396786,2.036552119401741,"[0, np.float64(4.45419736082746), np.float64(2.5467941280198363), np.float64(3.6167592486744864), np.float64(5.2850392062078155), np.float64(2.6500295348460994), np.float64(2.6664942597167394), np.float64(2.7692722187480925), np.float64(5.339131263712819), np.float64(2.6878490891552294), np.float64(4.379396273582992), np.float64(3.734743780947966), np.float64(4.306551064431553), np.float64(3.500737365757968), np.float64(2.8129017411564057), np.float64(2.784221502451117), np.float64(0.9289503209624201), np.float64(0.9159227575114334), np.float64(2.7028217293492602), np.float64(7.872601817372114)]","[0, 0, 0, 0, np.float64(9.058159553486623), 0, 0, 0, np.float64(9.085602487920895), 0, 0, 0, 0, 0, 0, 0, 0, 0, 0, np.float64(9.393930625837088)]","[0, 0, 0, 0, 0, 0, 0, 0, 0, 0, 0, 0, 0, 0, 0, 0, 0, 0, 0, np.float64(9.10773795740712)]","[19.69650149345398, 19.986873626708984, 20.606536626815796, 19.684081554412842, 19.68120002746582, 19.848806381225586, 19.857179164886475, 19.555115222930908, 19.88762068748474, 20.015430688858032, 20.241854429244995, 19.592624187469482, 19.778876781463623, 20.122950315475464, 19.809961318969727, 19.71530270576477, 19.76007890701294, 19.82981824874878, 19.828871488571167, 19.684521675109863]"
65,65,5,3.406881063744381,1.8772047608068294,0.21718476147821147,26.30730947256088,1.7382908589290713,3.8527141781292933,0.9712797806847171,"[np.float64(3.8253503618452758), np.float64(2.8839809039643325), np.float64(2.60099682039628), np.float64(1.8998369080270725), np.float64(5.630274033837254), np.float64(0.8859242696266361), np.float64(2.6799160162980327), np.float64(2.839718597502951), np.float64(1.732807307157403), np.float64(5.5855644593272595), np.float64(5.486016220917104), np.float64(4.572978160085119), np.float64(7.237178094101989), np.float64(1.9242341305293602), np.float64(4.638696355743654), np.float64(3.5887666858439844), np.float64(2.688637034433671), np.float64(1.900116709853676), np.float64(4.590405819391183), np.float64(0.9462223860053858)]","[0, 0, 0, 0, np.float64(9.22981700180441), 0, 0, 0, 0, np.float64(9.223097931234678), np.float64(9.471297235026666), 0, np.float64(9.619883048070836), 0, 0, 0, 0, 0, 0, 0]","[0, 0, 0, 0, 0, 0, 0, 0, 0, 0, 0, 0, np.float64(4.343695229564229), 0, 0, 0, 0, 0, 0, 0]","[21.300368070602417, 21.677489757537842, 21.6134090423584, 21.225221157073975, 21.46103310585022, 21.11231279373169, 21.328316926956177, 21.123575687408447, 21.20824646949768, 119.4828679561615, 21.945855140686035, 21.57602334022522, 21.394726991653442, 21.20314383506775, 22.016808032989502, 21.37456440925598, 21.15821862220764, 20.928956747055054, 21.70261240005493, 21.31243896484375]"
65,65,6,4.803830568714639,3.445983636851459,0.4817040852307839,23.09484703540802,1.5322739327691615,4.824338277922975,1.4827214178893282,"[np.float64(3.887861076718581), np.float64(4.704255633003625), np.float64(6.6457900868574225), np.float64(3.9366342866186823), np.float64(5.649405222127816), np.float64(4.560861466739481), np.float64(4.5845221621916314), np.float64(6.537638445679539), np.float64(7.687308630711826), np.float64(5.808376710770992), np.float64(4.666712386436381), np.float64(4.445285962397379), np.float64(2.8049982054341487), np.float64(2.855477194640614), np.float64(3.7532825014563347), np.float64(2.753586916704385), np.float64(2.676980588637966), np.float64(5.6632859306584), np.float64(7.624311264208728), np.float64(4.83003670229885)]","[0, 0, np.float64(10.017833603846768), 0, np.float64(9.381902931775729), 0, 0, np.float64(9.837205157163737), np.float64(10.549315203433563), np.float64(9.253367666304296), 0, 0, 0, 0, 0, 0, 0, np.float64(9.802363441987728), np.float64(10.077684732517362), 0]","[0, 0, 0, 0, 0, 0, 0, 0, np.float64(4.773425331891789), 0, 0, 0, 0, 0, 0, 0, 0, 0, np.float64(4.860656372723889), 0]","[23.196139812469482, 23.10032558441162, 22.803137063980103, 22.806596279144287, 23.381029844284058, 23.435290813446045, 23.55533218383789, 22.846368551254272, 23.593244552612305, 23.313573122024536, 22.942538261413574, 22.961957693099976, 23.1252601146698, 23.272170543670654, 23.10143208503723, 22.61088514328003, 22.60832166671753, 22.786043405532837, 23.292449235916138, 23.164844751358032]"
65,70,4,3.3489211992726897,1.86989104150937,0.22681607543403687,19.961226999759674,1.5835944639595354,3.85354560019939,1.0143523261204532,"[np.float64(1.7862974320913907), np.float64(2.709130967899645), np.float64(2.8488749927836903), np.float64(5.540231517591933), np.float64(1.7967488019911555), np.float64(5.539863068923584), np.float64(4.344290925379284), np.float64(3.6309631599556895), np.float64(3.4543438387757064), np.float64(1.810791736909995), np.float64(5.097737281932705), np.float64(2.6784467752399936), np.float64(3.4939243565532796), np.float64(4.488232980472535), np.float64(1.8758902479204496), np.float64(1.7659659545273605), np.float64(1.782115381480923), np.float64(3.4016374144915815), np.float64(1.7618509397130035), np.float64(7.171086210819885)]","[0, 0, 0, np.float64(9.95655822381556), 0, np.float64(9.969386916799644), 0, 0, 0, 0, np.float64(8.057202591234192), 0, 0, 0, 0, 0, 0, 0, 0, np.float64(9.414673098338003)]","[0, 0, 0, 0, 0, 0, 0, 0, 0, 0, 0, 0, 0, 0, 0, 0, 0, 0, 0, np.float64(4.536321508680738)]","[19.63678789138794, 19.528249263763428, 20.1103458404541, 19.861080408096313, 19.67958903312683, 20.03678798675537, 19.797708749771118, 20.084392070770264, 19.859638214111328, 20.003962993621826, 19.85074472427368, 20.29454493522644, 20.297377824783325, 20.18725562095642, 20.178977489471436, 19.931889295578003, 19.763341188430786, 20.17661714553833, 20.00942349433899, 19.93582582473755]"
65,70,5,3.915866649521493,0.9384826126551661,0.0,21.349940872192384,1.2081687115606266,2.889271085947005,0.0,"[np.float64(2.7973946496846476), np.float64(4.5096504589364885), np.float64(4.491861186514559), np.float64(4.683819687879885), np.float64(3.8532530175291457), np.float64(2.8366585273973812), np.float64(4.566303536907384), np.float64(4.744102981377548), np.float64(2.8379766566259836), np.float64(4.6807698632988055), np.float64(4.508243215510447), np.float64(3.6368698681367135), np.float64(2.6903201704497106), np.float64(5.411115573022205), np.float64(3.7653496229363954), np.float64(3.6589696675622974), np.float64(2.8177451209202897), np.float64(4.492054840433244), np.float64(6.430376768793213), np.float64(0.9044975765135151)]","[0, 0, 0, 0, 0, 0, 0, 0, 0, 0, 0, 0, 0, np.float64(9.191267107637103), 0, 0, 0, 0, np.float64(9.57838514546622), 0]","[0, 0, 0, 0, 0, 0, 0, 0, 0, 0, 0, 0, 0, 0, 0, 0, 0, 0, 0, 0]","[21.08881640434265, 21.243077754974365, 21.219452381134033, 21.134552240371704, 21.29223322868347, 20.98491096496582, 21.079503059387207, 21.368189573287964, 21.009405851364136, 21.17319107055664, 21.04603099822998, 21.418041467666626, 21.3547625541687, 21.49692440032959, 21.37691354751587, 21.33715033531189, 21.044912338256836, 21.418833255767822, 22.074195384979248, 22.8377206325531]"
65,70,6,4.9283571996556415,3.9807044329914523,1.4083392947677853,23.220166063308717,2.006390940594495,5.004386335092333,3.082278265129015,"[np.float64(0.9708039728817931), np.float64(7.692411660386697), np.float64(3.7122510851900206), np.float64(3.854407770604625), np.float64(8.26219771739046), np.float64(4.841213169221926), np.float64(6.5438403854700455), np.float64(7.509666525749265), np.float64(5.763871918043415), np.float64(4.763160403687132), np.float64(3.85600175955458), np.float64(8.355445060087852), np.float64(2.9616982091731954), np.float64(3.792031227512977), np.float64(2.8354987478869678), np.float64(3.732061037914504), np.float64(4.803059425707901), np.float64(2.8625167368903366), np.float64(5.7816664937248365), np.float64(5.6733406860343045)]","[0, np.float64(10.283561486437339), 0, 0, np.float64(10.006237720597692), 0, np.float64(10.047425303023754), np.float64(9.873999485758077), np.float64(10.184141838816782), 0, 0, np.float64(9.990749710153963), 0, 0, 0, 0, 0, 0, np.float64(9.469809874984742), np.float64(9.758163240056696)]","[0, np.float64(4.802601575099815), 0, 0, np.float64(9.157136770040069), 0, 0, np.float64(4.6197260385389125), 0, 0, 0, np.float64(9.587321511676908), 0, 0, 0, 0, 0, 0, 0, 0]","[23.720542430877686, 23.82356882095337, 22.993093729019165, 23.189314603805542, 23.341219425201416, 22.872732877731323, 22.970530033111572, 23.122653484344482, 22.900739669799805, 22.965227127075195, 23.06375217437744, 23.3096923828125, 23.13059949874878, 22.91322112083435, 23.698695421218872, 22.861551523208618, 23.06814193725586, 23.224164724349976, 23.67102289199829, 23.562857389450073]"
70,60,4,3.459274666339644,1.3710998391790659,0.22489006280348467,25.19281768798828,1.705358979385548,3.3490472252942096,1.0057389357855773,"[np.float64(5.26098964957047), np.float64(2.649188241124613), np.float64(1.8404784909534222), np.float64(3.4996131244572095), np.float64(4.489284774692401), np.float64(4.426488797146219), np.float64(4.380239630703979), np.float64(4.41124542862135), np.float64(5.348533181501366), 0, np.float64(3.3823313337867904), np.float64(1.7521624914657046), np.float64(4.326376009157044), np.float64(0.8592369464781903), np.float64(4.249917070812358), np.float64(6.88530554544758), np.float64(3.5151019330060027), np.float64(3.509930481379979), np.float64(0.882174775690444), np.float64(3.5168954207977547)]","[np.float64(8.97068076451707), 0, 0, 0, 0, 0, 0, 0, np.float64(9.279877983426484), 0, 0, 0, 0, 0, 0, np.float64(9.171438035637763), 0, 0, 0, 0]","[0, 0, 0, 0, 0, 0, 0, 0, 0, 0, 0, 0, 0, 0, 0, np.float64(4.497801256069693), 0, 0, 0, 0]","[20.204941987991333, 20.763781785964966, 121.66287875175476, 19.931732892990112, 20.108046293258667, 19.904060125350952, 20.600722789764404, 20.171400785446167, 20.14858651161194, 20.037220239639282, 20.114988088607788, 20.091365814208984, 20.011670351028442, 19.79878830909729, 20.441107273101807, 20.530566692352295, 20.105308055877686, 19.843138456344604, 19.63706874847412, 19.748979806900024]"
70,60,5,3.675221581049019,0.9569709483920024,0.0,21.99939581155777,0.9773527094284281,2.946851091618132,0.0,"[np.float64(3.58405675775594), np.float64(3.5815142381041314), np.float64(5.4847180082518445), np.float64(2.61644551275504), np.float64(4.423352144657921), np.float64(5.60882588658506), np.float64(3.6033490852115233), np.float64(3.672650372230561), np.float64(4.490364847058231), np.float64(1.8291420011060986), np.float64(4.631505261872029), np.float64(3.6484493844894703), np.float64(2.703992486512874), np.float64(4.639423289350784), np.float64(2.7736421076583806), np.float64(3.6237861933628994), np.float64(3.5392272137473624), np.float64(2.741481639172228), np.float64(3.5566000357288874), np.float64(2.7519051553691214)]","[0, 0, np.float64(9.294133291809173), 0, 0, np.float64(9.845285676030874), 0, 0, 0, 0, 0, 0, 0, 0, 0, 0, 0, 0, 0, 0]","[0, 0, 0, 0, 0, 0, 0, 0, 0, 0, 0, 0, 0, 0, 0, 0, 0, 0, 0, 0]","[21.48749804496765, 21.812628507614136, 21.56574773788452, 24.511555910110474, 22.016337156295776, 22.227277994155884, 22.940749168395996, 22.501667261123657, 22.067344665527344, 21.631474256515503, 21.826606273651123, 21.507328271865845, 21.442105531692505, 21.78663206100464, 21.84582543373108, 21.452895879745483, 21.717645406723022, 21.77472972869873, 21.82890486717224, 22.042962074279785]"
70,60,6,4.333877248708859,2.810622793587138,0.0,23.52374951839447,1.1790586509291188,4.420093813619677,0.0,"[np.float64(4.794909988409356), np.float64(1.8408638939808635), np.float64(3.8262027980472832), np.float64(5.471038780425183), np.float64(3.746760625464178), np.float64(5.455985518698782), np.float64(4.686707272856546), np.float64(2.776925645119911), np.float64(5.5460012422536344), np.float64(5.404577310106688), np.float64(3.798177371885511), np.float64(3.662873716004466), np.float64(4.525974582774822), np.float64(6.5893668498967495), np.float64(5.515061628072835), np.float64(2.587961952567251), np.float64(3.648856099521586), np.float64(4.525474822012822), np.float64(4.760804011966175), np.float64(3.5130208641125305)]","[0, 0, 0, np.float64(9.65851034783163), 0, np.float64(7.989404451425043), 0, 0, np.float64(9.696733034505797), np.float64(9.267705951731465), 0, 0, 0, np.float64(10.00371152759247), np.float64(9.59639055865636), 0, 0, 0, 0, 0]","[0, 0, 0, 0, 0, 0, 0, 0, 0, 0, 0, 0, 0, 0, 0, 0, 0, 0, 0, 0]","[23.214361906051636, 22.72831702232361, 23.212141275405884, 23.758836269378662, 24.72630548477173, 23.74063539505005, 23.66922354698181, 23.44668745994568, 23.309834957122803, 23.484570503234863, 24.176098346710205, 22.988030195236206, 23.413599729537964, 23.418598413467407, 23.46849274635315, 23.80774474143982, 23.797003746032715, 23.495198726654053, 23.4147789478302, 23.204530954360962]"
70,65,4,3.3677227662605125,1.3759109683768815,0.0,19.97650890350342,1.3123640878019298,3.3607368033589142,0.0,"[np.float64(1.8242092020062282), np.float64(2.654771235903581), np.float64(5.274533337873252), np.float64(3.5447306297891656), np.float64(4.527240584194294), np.float64(3.4839798482941946), np.float64(3.5422983403056616), np.float64(0.829089785108848), np.float64(3.528776754353193), np.float64(2.559913765870665), np.float64(2.6595337636092733), np.float64(4.442687262936176), np.float64(2.643909632720349), np.float64(1.8491102115324054), np.float64(4.4596225332444055), np.float64(1.7233626799323438), np.float64(5.374257189398901), np.float64(4.506110961071347), np.float64(5.235860997291663), np.float64(2.6904566097743015)]","[0, 0, np.float64(9.051107424252233), 0, 0, 0, 0, 0, 0, 0, 0, 0, 0, 0, 0, 0, np.float64(9.332165954139379), 0, np.float64(9.134945989146017), 0]","[0, 0, 0, 0, 0, 0, 0, 0, 0, 0, 0, 0, 0, 0, 0, 0, 0, 0, 0, 0]","[19.609024047851562, 20.238922834396362, 20.022125720977783, 20.356448650360107, 19.71033024787903, 19.788899898529053, 20.12568736076355, 19.562649250030518, 20.092886447906494, 19.92479133605957, 19.904765844345093, 19.92503333091736, 20.24461007118225, 20.01385235786438, 20.450251817703247, 19.58065366744995, 20.096973180770874, 20.04657220840454, 19.924899578094482, 19.910800218582153]"
70,65,5,3.752327775101641,1.4579543771506034,0.2383789163495989,21.726703560352327,1.3936710760387458,3.5624661634292423,1.0660629227208782,"[np.float64(5.538362471989476), np.float64(3.7382136704825055), np.float64(7.421900247073287), np.float64(0.9291538254069323), np.float64(3.7495622022967954), np.float64(4.471479720652696), np.float64(4.6518361663968575), np.float64(5.554188899443006), np.float64(2.7353396363728573), np.float64(2.710563863365719), np.float64(3.7492106668142573), np.float64(2.658198117212034), np.float64(4.626535507528801), np.float64(3.7368517356856397), np.float64(3.6914069957923585), np.float64(2.656981364855206), np.float64(2.673879423480204), np.float64(3.5546408840944603), np.float64(3.5261760914321063), np.float64(2.6720740116576165)]","[np.float64(9.538065555647933), 0, np.float64(10.108681251159387), 0, 0, 0, 0, np.float64(9.512340736204747), 0, 0, 0, 0, 0, 0, 0, 0, 0, 0, 0, 0]","[0, 0, np.float64(4.767578326991978), 0, 0, 0, 0, 0, 0, 0, 0, 0, 0, 0, 0, 0, 0, 0, 0, 0]","[21.575178146362305, 21.56319808959961, 21.250335931777954, 21.528207540512085, 21.309643983840942, 21.412243604660034, 21.39343285560608, 21.727582931518555, 21.744312286376953, 23.30245566368103, 22.07265019416809, 21.556304931640625, 21.821274518966675, 21.54644799232483, 22.299152612686157, 21.84119701385498, 21.95755648612976, 21.70608425140381, 21.421531915664673, 21.505280256271362]"
70,65,6,4.575773624119771,2.8807875791250024,0.0,28.423729753494264,1.2614498361699928,4.517782194493219,0.0,"[np.float64(4.6895491886534), np.float64(3.663146700469712), np.float64(4.557878305303505), np.float64(2.9573093326197064), np.float64(3.769462222931797), np.float64(6.616051892200437), np.float64(6.38152485201023), np.float64(3.8728576077910053), np.float64(4.772512585813089), np.float64(6.519670157521995), np.float64(5.5147551965846215), np.float64(2.663524958161406), np.float64(6.415028788745971), np.float64(5.6534861508637), np.float64(3.7973453506350108), np.float64(4.722831430569609), np.float64(3.675513465159541), np.float64(4.726434065676821), np.float64(3.7459404963004683), np.float64(2.800649734383398)]","[0, 0, 0, 0, 0, np.float64(10.0547179893914), np.float64(9.494009150968813), 0, 0, np.float64(9.670645803715535), np.float64(9.270975956830755), 0, np.float64(9.861901756119915), np.float64(9.263500925473627), 0, 0, 0, 0, 0, 0]","[0, 0, 0, 0, 0, 0, 0, 0, 0, 0, 0, 0, 0, 0, 0, 0, 0, 0, 0, 0]","[23.178537368774414, 128.4987154006958, 23.735064029693604, 23.038894176483154, 23.081104516983032, 22.948161125183105, 23.213613033294678, 23.635156393051147, 23.256673097610474, 23.158270835876465, 23.165696620941162, 22.894344329833984, 23.539030075073242, 23.032020807266235, 22.91452145576477, 22.55365753173828, 22.997994422912598, 23.144773244857788, 23.19624161720276, 23.29212498664856]"
70,70,4,3.9069971736962827,1.8539090676226238,0.2217383815462067,19.690437459945677,1.3504719426113152,3.80547632072332,0.9916441887162063,"[np.float64(3.4815446556409184), np.float64(4.232061648043023), np.float64(3.6582996771506178), np.float64(0.9352382554937285), np.float64(3.40046855435622), np.float64(5.432853145164729), np.float64(4.549450728026174), np.float64(2.627698705587219), np.float64(6.89635395235378), np.float64(5.466078057599234), np.float64(1.7914564316293542), np.float64(3.6842093683725565), np.float64(4.392057173748529), np.float64(3.5317099372909593), np.float64(3.5296345456976836), np.float64(4.495862927431118), np.float64(4.384776594448816), np.float64(3.4981457927703925), np.float64(5.422811042922067), np.float64(2.7292322801985365)]","[0, 0, 0, 0, 0, np.float64(9.52058248544754), 0, 0, np.float64(9.113401833411679), np.float64(9.446977593138556), 0, 0, 0, 0, 0, 0, 0, 0, np.float64(8.997219440454701), 0]","[0, 0, 0, 0, 0, 0, 0, 0, np.float64(4.434767630924134), 0, 0, 0, 0, 0, 0, 0, 0, 0, 0, 0]","[19.45804452896118, 19.425798177719116, 19.529128074645996, 19.36668300628662, 19.18232774734497, 19.746012449264526, 19.731897592544556, 19.737560272216797, 19.98323655128479, 19.922463417053223, 19.682045221328735, 19.736171007156372, 19.482973098754883, 19.48050546646118, 19.544407844543457, 19.90158224105835, 19.613957405090332, 20.444320917129517, 20.371386766433716, 19.468247413635254]"
70,70,5,4.0694221727350905,2.3708679032370825,0.23947979679396827,21.547141480445863,1.525516297444618,4.213953520027541,1.0709862097382985,"[np.float64(1.7874227817677921), np.float64(5.459072724130923), np.float64(3.622673343164183), np.float64(5.556200688455653), np.float64(2.852013929439806), np.float64(1.8131507991897804), np.float64(4.5946238942333615), np.float64(3.762326094691332), np.float64(1.7845782049984529), np.float64(3.696141593301216), np.float64(4.635942365714201), np.float64(4.62190398614791), np.float64(7.270607405215634), np.float64(6.128581298415882), np.float64(3.69547050029964), np.float64(3.696256859095065), np.float64(2.7516564550278066), np.float64(3.6389504574125113), np.float64(3.729927964732759), np.float64(6.290942109267902)]","[0, np.float64(9.455444132512715), 0, np.float64(9.709849133377089), 0, 0, 0, 0, 0, 0, 0, 0, np.float64(9.616103334351338), np.float64(9.369972443050436), 0, 0, 0, 0, 0, np.float64(9.265989021450068)]","[0, 0, 0, 0, 0, 0, 0, 0, 0, 0, 0, 0, np.float64(4.789595935879365), 0, 0, 0, 0, 0, 0, 0]","[21.03208827972412, 21.502104997634888, 21.435569047927856, 21.38372492790222, 21.258015155792236, 21.394105195999146, 21.393984079360962, 21.4729745388031, 21.358552932739258, 21.413568258285522, 21.50218439102173, 21.242493152618408, 22.35079050064087, 21.299107789993286, 21.41548800468445, 21.604251384735107, 21.312015295028687, 21.51004910469055, 21.47301483154297, 23.58874773979187]"
70,70,6,4.416500649521086,2.4295751182272944,0.4685443796732254,23.0395641207695,1.5943095334383712,4.32510404362834,1.4421508317988176,"[np.float64(1.9384738432136799), np.float64(1.8354948506283058), np.float64(7.386027593103), np.float64(4.645296606209357), np.float64(4.625130019452055), np.float64(6.649471786168997), np.float64(3.683170269461902), np.float64(3.7011768213846854), np.float64(4.786812575139127), np.float64(5.4949601352133834), np.float64(3.8676326927531877), np.float64(5.41126789512023), np.float64(4.766608734512163), np.float64(2.8821930810962115), np.float64(3.776575838601973), np.float64(2.9239234202415854), np.float64(7.568290675759999), np.float64(4.8475425678512645), np.float64(2.799852702495576), np.float64(4.740110882015042)]","[0, 0, np.float64(9.645420260058929), 0, 0, np.float64(10.064640032720517), 0, 0, 0, np.float64(9.474117451479126), 0, np.float64(8.972723546034343), 0, 0, 0, 0, np.float64(10.434601074252974), 0, 0, 0]","[0, 0, np.float64(4.67869912119325), 0, 0, 0, 0, 0, 0, 0, 0, 0, 0, 0, 0, 0, np.float64(4.6921884722712575), 0, 0, 0]","[23.006813287734985, 23.784592866897583, 23.025334358215332, 22.89107918739319, 22.87099599838257, 22.96085000038147, 22.821797847747803, 23.20089864730835, 22.680188179016113, 23.765347719192505, 22.7318754196167, 22.96186351776123, 23.156003952026367, 22.65302038192749, 23.073984622955322, 23.14063549041748, 23.084344148635864, 22.818717002868652, 22.725913047790527, 23.437026739120483]"
75,60,4,2.4547936060355116,0.0,0.0,20.036556339263917,1.090310332933034,0.0,0.0,"[np.float64(2.6258728271062974), 0, np.float64(3.408949985971765), np.float64(3.3451151237936583), np.float64(4.370804354563762), np.float64(1.7429433765462212), np.float64(2.5311792442560037), np.float64(2.498319381108701), np.float64(1.7402122216056952), np.float64(3.5036415889897183), np.float64(2.6429904279609207), np.float64(1.7325462504901787), np.float64(3.5499743923950007), np.float64(0.8253547104760396), np.float64(2.6526605609061815), np.float64(0.9213157388510052), np.float64(1.7169499045849397), np.float64(3.3440386771729993), np.float64(3.3961908483796504), np.float64(2.546812505551489)]","[0, 0, 0, 0, 0, 0, 0, 0, 0, 0, 0, 0, 0, 0, 0, 0, 0, 0, 0, 0]","[0, 0, 0, 0, 0, 0, 0, 0, 0, 0, 0, 0, 0, 0, 0, 0, 0, 0, 0, 0]","[19.892554759979248, 19.73310136795044, 19.939491271972656, 19.964856386184692, 19.920909881591797, 19.71915578842163, 19.71729326248169, 19.729730367660522, 19.915307998657227, 19.888602256774902, 19.795633554458618, 20.05815315246582, 20.405598878860474, 21.500474214553833, 20.46936058998108, 20.108128309249878, 19.912092685699463, 19.708259105682373, 20.252039432525635, 20.100383520126343]"
75,60,5,3.4529122371978445,0.45822475888649994,0.0,27.274013328552247,0.8662390841030684,2.0492434196873295,0.0,"[np.float64(1.6553208622925588), np.float64(2.6410681003082384), np.float64(2.5904029669316126), np.float64(3.4955669502574414), np.float64(2.6387555322996232), np.float64(4.448223272111064), np.float64(4.444831970792686), np.float64(3.563477463139479), np.float64(2.6635702983527607), np.float64(3.554311454822235), np.float64(4.5952729615801795), np.float64(2.578195975230049), np.float64(4.326980403060663), np.float64(3.4836912165536917), np.float64(3.442209589706044), np.float64(5.193495686417157), np.float64(3.6072074233997187), np.float64(2.8416816702165963), np.float64(3.660248168842774), np.float64(3.6337327776423156)]","[0, 0, 0, 0, 0, 0, 0, 0, 0, 0, 0, 0, 0, 0, 0, np.float64(9.164495177729998), 0, 0, 0, 0]","[0, 0, 0, 0, 0, 0, 0, 0, 0, 0, 0, 0, 0, 0, 0, 0, 0, 0, 0, 0]","[21.823270320892334, 21.747074127197266, 21.278878688812256, 132.0029911994934, 21.92073106765747, 21.250911951065063, 21.472862005233765, 21.794126987457275, 22.872474431991577, 21.70765233039856, 21.821500062942505, 22.069048404693604, 21.466457843780518, 21.64136242866516, 21.840778827667236, 21.695180416107178, 22.19242000579834, 21.704823970794678, 21.572718858718872, 21.605002641677856]"
75,60,6,3.3157999294667926,1.3915245549051223,0.0,23.30950348377228,1.3011048256623692,3.3989112305872418,0.0,"[np.float64(5.448432148636863), np.float64(1.7819375033766), np.float64(2.8440298047662735), np.float64(1.9094461300386811), np.float64(3.608221163409817), np.float64(3.5704800154753618), np.float64(4.496149246620683), np.float64(3.600914324282668), np.float64(4.6131165739044295), np.float64(5.449463957768522), np.float64(5.257490060635022), np.float64(3.6368006960062953), np.float64(2.643225354552553), np.float64(1.9496821398830506), np.float64(2.6904596241289456), np.float64(0.9544319587158694), np.float64(3.5929037360162512), np.float64(3.7638311072408537), np.float64(1.7499001053175567), np.float64(2.7550829385595526)]","[np.float64(9.307954034529383), 0, 0, 0, 0, 0, 0, 0, 0, np.float64(9.412872140379328), np.float64(9.109664923193735), 0, 0, 0, 0, 0, 0, 0, 0, 0]","[0, 0, 0, 0, 0, 0, 0, 0, 0, 0, 0, 0, 0, 0, 0, 0, 0, 0, 0, 0]","[23.001661777496338, 23.168667793273926, 23.064821004867554, 23.483470916748047, 23.393840789794922, 23.60653305053711, 23.83291530609131, 23.234801769256592, 22.866348266601562, 22.88106083869934, 23.056185007095337, 22.828376293182373, 23.09126353263855, 23.200177431106567, 23.197263479232788, 23.132962942123413, 24.514261484146118, 23.92568612098694, 23.327692985534668, 23.382078886032104]"
75,65,4,2.593639357028222,0.9110701739283944,0.22163627977075695,19.945264828205108,1.5239851723678675,2.805252475219841,0.991187575695148,"[np.float64(3.4798304194894936), np.float64(1.779227510344224), np.float64(0.840790047223826), np.float64(7.0279128993822075), np.float64(1.7582365135003108), np.float64(1.7059973678315996), np.float64(2.774607843598528), np.float64(1.7093765385762756), np.float64(1.7107364480857477), np.float64(4.345399216783083), np.float64(2.6461522300310953), np.float64(1.6927415778869288), np.float64(1.721528467107848), np.float64(2.672775614450512), np.float64(3.55289625790698), np.float64(1.7173655573211823), np.float64(0.9382851032403742), np.float64(1.7699110547116064), np.float64(2.7755856992463106), np.float64(5.25343077384631)]","[0, 0, 0, np.float64(9.345853197783791), 0, 0, 0, 0, 0, 0, 0, 0, 0, 0, 0, 0, 0, 0, 0, np.float64(8.875550280784097)]","[0, 0, 0, np.float64(4.432725595415139), 0, 0, 0, 0, 0, 0, 0, 0, 0, 0, 0, 0, 0, 0, 0, 0]","[19.8413987159729, 19.732337951660156, 19.846057891845703, 20.031858205795288, 19.764795541763306, 19.500502109527588, 20.18842101097107, 19.888004541397095, 21.10969114303589, 20.410526752471924, 19.95003342628479, 19.48427128791809, 19.96002721786499, 19.94154953956604, 19.909090518951416, 19.607115507125854, 19.98588228225708, 20.044665098190308, 19.86955738067627, 19.839510440826416]"
75,65,5,3.0687576050981877,1.4116425156013823,0.0,21.443727457523345,1.7994910841052054,3.449137681409126,0.0,"[np.float64(2.764465110053201), np.float64(0.9533361981817005), np.float64(5.37664090116938), np.float64(0.8930372534876244), np.float64(6.367821813801225), 0, np.float64(2.551359802877596), np.float64(4.603715846042859), np.float64(4.473857927084287), np.float64(1.7381319381282416), np.float64(2.5162053834812137), np.float64(4.582680214454618), np.float64(0.9449462847109942), np.float64(2.7357272412076927), np.float64(4.652381879038544), np.float64(5.378915551597928), np.float64(1.773882830179225), np.float64(4.448122283197343), np.float64(2.775471045331235), np.float64(1.8444525979388429)]","[0, 0, np.float64(9.5434554360973), 0, np.float64(9.63181581344574), 0, 0, 0, 0, 0, 0, 0, 0, 0, 0, np.float64(9.057579062484606), 0, 0, 0, 0]","[0, 0, 0, 0, 0, 0, 0, 0, 0, 0, 0, 0, 0, 0, 0, 0, 0, 0, 0, 0]","[21.354145526885986, 21.80894637107849, 21.195016384124756, 21.50757336616516, 21.481200695037842, 21.432360649108887, 21.145307064056396, 21.32971739768982, 21.40148901939392, 21.491089582443237, 21.54411482810974, 21.40681552886963, 21.50986957550049, 21.72371554374695, 21.40446186065674, 21.46039628982544, 21.452630043029785, 21.698784589767456, 21.26415252685547, 21.262762308120728]"
75,65,6,3.514584934126805,1.3951360718273855,0.0,23.178276658058167,1.401960087289713,3.4082276708316366,0.0,"[np.float64(3.746204090816386), np.float64(3.5317943343025457), np.float64(4.6813927333003695), np.float64(3.7817578621095795), np.float64(5.322423283211799), np.float64(5.464853469355405), np.float64(3.750301127649749), np.float64(3.611149331619319), np.float64(1.7522103178317083), np.float64(6.310927715660401), np.float64(0.938403239511831), np.float64(2.769557514273311), np.float64(4.570458413102304), np.float64(4.728410603870331), np.float64(2.5723378375007155), np.float64(1.7404923901588896), np.float64(1.897510097864663), np.float64(2.608447395775814), np.float64(2.8032551522791924), np.float64(3.709811772341784)]","[0, 0, 0, 0, np.float64(9.050670428652962), np.float64(9.331564834143913), 0, 0, 0, np.float64(9.520486173750836), 0, 0, 0, 0, 0, 0, 0, 0, 0, 0]","[0, 0, 0, 0, 0, 0, 0, 0, 0, 0, 0, 0, 0, 0, 0, 0, 0, 0, 0, 0]","[23.228381872177124, 23.086860179901123, 23.10601019859314, 23.08179259300232, 23.39976668357849, 22.857056617736816, 22.9752676486969, 23.281251907348633, 23.16121816635132, 22.878365755081177, 23.358741521835327, 22.77626323699951, 23.578071355819702, 23.095115423202515, 23.51108479499817, 23.51223111152649, 23.414806365966797, 23.467793941497803, 22.863762617111206, 22.93169116973877]"
75,70,4,3.1857197849344674,1.8553556752287461,0.22318977311873364,25.559369695186614,1.6164848372338616,3.807396141349746,0.9981350091524873,"[np.float64(3.434832085086026), np.float64(2.537691118091727), np.float64(2.5472856303331493), np.float64(1.661925502320659), np.float64(4.296317548718468), np.float64(2.4954282447170453), np.float64(2.5614655980922296), np.float64(5.193769156724733), np.float64(1.6982124373689844), np.float64(2.6637870263339964), np.float64(3.5893343755578813), np.float64(1.7537720240432513), np.float64(5.385164440665102), np.float64(0.93305191871567), np.float64(2.712218245836723), np.float64(6.883443368117153), np.float64(0.9347389686591878), np.float64(2.623707634595424), np.float64(4.400388946985711), np.float64(5.407861427726228)]","[0, 0, 0, 0, 0, 0, 0, np.float64(9.171771839371434), 0, 0, 0, 0, np.float64(9.300296425318376), 0, 0, np.float64(9.202266427820248), 0, 0, 0, np.float64(9.432778812064864)]","[0, 0, 0, 0, 0, 0, 0, 0, 0, 0, 0, 0, 0, 0, 0, np.float64(4.463795462374673), 0, 0, 0, 0]","[19.875129222869873, 19.989421844482422, 19.863438844680786, 19.616435766220093, 19.841490507125854, 19.662134647369385, 19.81124448776245, 19.45645236968994, 19.60544490814209, 19.80747365951538, 20.00847339630127, 134.5390064716339, 19.577880382537842, 19.731516361236572, 20.701146841049194, 19.85247254371643, 19.732659578323364, 20.124682664871216, 19.510274171829224, 19.880615234375]"
75,70,5,3.5675496657508416,1.8851582796340838,0.22998916690196936,21.18342901468277,1.6821355300323713,3.872212594493076,1.0285428225626965,"[np.float64(4.507268202843064), np.float64(5.342722419391804), np.float64(3.7828942465727495), np.float64(2.6955221022930598), np.float64(3.527774166681172), np.float64(1.7698326503165307), np.float64(1.8422229996909083), np.float64(2.636926256381892), np.float64(3.6831549937883725), np.float64(2.730812852070638), np.float64(2.6913094611497304), np.float64(5.3689906102140785), np.float64(2.6800914292065205), np.float64(6.553856174921112), np.float64(2.5630739214807416), np.float64(3.7233377110523036), np.float64(3.517131786399102), np.float64(4.62724338195623), 0, np.float64(7.106827948606826)]","[0, np.float64(9.00298241268688), 0, 0, 0, 0, 0, 0, 0, 0, 0, np.float64(9.27950082293345), 0, np.float64(10.041046859321906), 0, 0, 0, 0, 0, np.float64(9.37963549773944)]","[0, 0, 0, 0, 0, 0, 0, 0, 0, 0, 0, 0, 0, 0, 0, 0, 0, 0, 0, np.float64(4.599783338039387)]","[21.05666470527649, 21.09747838973999, 20.938058614730835, 20.85732913017273, 20.95587420463562, 21.20018243789673, 21.251762866973877, 21.063755750656128, 21.096999645233154, 21.184754610061646, 21.12600016593933, 21.297194480895996, 21.34054684638977, 21.343621730804443, 21.174803972244263, 21.14437770843506, 20.886044025421143, 21.265063285827637, 21.442842483520508, 21.94522523880005]"
75,70,6,3.098039315818031,1.466492510965545,0.23253480212486538,22.95017213821411,1.8571534582701756,3.5822352873903696,1.0399272493713232,"[np.float64(3.74302899513402), np.float64(1.7385841208661), np.float64(3.7492025272012044), np.float64(4.63809436205899), np.float64(6.441887324146387), np.float64(6.533858528270028), np.float64(2.8332816237440497), np.float64(2.71461443572105), np.float64(1.910312780173689), np.float64(1.8214032614217075), np.float64(0.9151206146338768), np.float64(2.851255606346291), np.float64(1.8976622013397708), np.float64(1.8103939264731748), np.float64(1.8389658097544244), np.float64(2.75501697722241), np.float64(7.343468342084359), np.float64(0.8960471537779772), np.float64(3.6316337985890352), np.float64(1.8969539274020741)]","[0, 0, 0, 0, np.float64(9.631694751151153), np.float64(10.006527601311603), 0, 0, 0, 0, 0, 0, 0, 0, 0, 0, np.float64(9.69162786684814), 0, 0, 0]","[0, 0, 0, 0, 0, 0, 0, 0, 0, 0, 0, 0, 0, 0, 0, 0, np.float64(4.650696042497308), 0, 0, 0]","[22.87841248512268, 22.853250741958618, 23.26431894302368, 23.72985315322876, 22.77380919456482, 22.43658947944641, 22.99539566040039, 22.863385915756226, 22.788390398025513, 23.203916311264038, 23.122206211090088, 23.134178400039673, 23.108543395996094, 22.869301319122314, 23.087544202804565, 22.877599954605103, 22.866567373275757, 22.807908058166504, 22.758936882019043, 22.58333468437195]"
80,60,4,2.715646338027768,0.0,0.0,19.78216528892517,1.1104647722939849,0.0,0.0,"[np.float64(0.8503653135487933), np.float64(2.4738338554672112), np.float64(2.4982063765426545), np.float64(2.604248505332019), np.float64(4.211242992020107), np.float64(2.620759827069389), np.float64(2.55265420379505), np.float64(4.1777905749881565), np.float64(4.301308453007052), np.float64(2.5312632845493983), np.float64(0.8347829145789089), np.float64(2.5237329508382373), np.float64(2.591558796861104), np.float64(2.4817421645226276), np.float64(4.186801713012974), np.float64(1.8239203114772244), np.float64(0.834833713310049), np.float64(2.5948570504094874), np.float64(3.406823767588878), np.float64(4.212199991636041)]","[0, 0, 0, 0, 0, 0, 0, 0, 0, 0, 0, 0, 0, 0, 0, 0, 0, 0, 0, 0]","[0, 0, 0, 0, 0, 0, 0, 0, 0, 0, 0, 0, 0, 0, 0, 0, 0, 0, 0, 0]","[19.50286841392517, 19.74188256263733, 19.898658752441406, 19.723318576812744, 19.743524312973022, 19.621811866760254, 19.996814489364624, 19.750989198684692, 20.087977409362793, 19.94574236869812, 19.647499799728394, 19.53137755393982, 20.011160612106323, 19.88240075111389, 19.995806455612183, 19.600062608718872, 19.844069480895996, 19.671941995620728, 19.801958560943604, 19.643440008163452]"
80,60,5,2.5422252527485667,0.9311942080671192,0.23383892379440702,21.37269195318222,1.539747785160556,2.866769309632396,1.0457594587793742,"[np.float64(7.001315120686005), np.float64(0.9144823507259724), np.float64(1.8471286613441706), np.float64(3.6163022261367144), np.float64(1.6384992723918492), np.float64(1.7952200314494953), np.float64(1.707905520551097), np.float64(1.795939352774557), np.float64(1.77836788781311), np.float64(1.6666282518600655), np.float64(0.9369688835558521), np.float64(6.021508665823081), np.float64(2.574533477185023), np.float64(1.787412487018858), np.float64(2.5590758367888653), np.float64(2.6161212268146485), np.float64(2.619681340651285), np.float64(3.5524944457015604), np.float64(1.7668222376029923), np.float64(2.6480977780961297)]","[np.float64(9.49481041248262), 0, 0, 0, 0, 0, 0, 0, 0, 0, 0, np.float64(9.129073748859764), 0, 0, 0, 0, 0, 0, 0, 0]","[np.float64(4.67677847588814), 0, 0, 0, 0, 0, 0, 0, 0, 0, 0, 0, 0, 0, 0, 0, 0, 0, 0, 0]","[21.14412021636963, 21.417107820510864, 21.261289358139038, 21.29568576812744, 21.46063995361328, 21.242084741592407, 21.46322202682495, 21.18370771408081, 21.930107355117798, 21.475990295410156, 21.359596014022827, 21.500678777694702, 21.27233052253723, 21.194676399230957, 21.26697850227356, 21.543542623519897, 21.282761573791504, 21.538010120391846, 21.534348964691162, 21.086960315704346]"
80,60,6,3.0019837689489206,0.45863299146215064,0.0,23.1184112906456,1.2909279425887397,2.051069091266899,0.0,"[np.float64(5.269188097716508), np.float64(0.8827201891073421), np.float64(3.527678533654101), np.float64(4.5169051052596245), np.float64(2.6405118841352966), np.float64(2.6965016733233576), np.float64(3.643035352121798), np.float64(1.7485727908707718), np.float64(3.547201359943578), np.float64(1.6648619634823654), np.float64(4.587132841410978), np.float64(1.8273304752875135), np.float64(1.8944199854166628), np.float64(3.6467749357304995), np.float64(0.8172129381913776), np.float64(2.7558202993372998), np.float64(4.4846963254896774), np.float64(2.743370459142437), np.float64(2.602425963978251), np.float64(4.543314205378976)]","[np.float64(9.172659829243013), 0, 0, 0, 0, 0, 0, 0, 0, 0, 0, 0, 0, 0, 0, 0, 0, 0, 0, 0]","[0, 0, 0, 0, 0, 0, 0, 0, 0, 0, 0, 0, 0, 0, 0, 0, 0, 0, 0, 0]","[23.01503276824951, 22.92434573173523, 22.94261336326599, 22.750255823135376, 23.270638465881348, 23.755992889404297, 23.57746720314026, 22.980732679367065, 22.819556713104248, 24.042958974838257, 22.648908853530884, 22.89063787460327, 22.87114715576172, 23.019447565078735, 23.12051296234131, 23.15765929222107, 22.568132877349854, 23.446983814239502, 23.385786771774292, 23.17941403388977]"
80,65,4,2.1789736851930006,0.0,0.0,25.949054634571077,1.177181226333869,0.0,0.0,"[0, np.float64(0.9026673785266937), np.float64(3.441329547324253), np.float64(0.8194871010246794), np.float64(1.6911662294420273), np.float64(1.6298714886717585), np.float64(0.9087979625291704), np.float64(3.397558935080967), np.float64(0.805071508405944), np.float64(1.6774114223995704), np.float64(2.603370967161669), np.float64(1.6308307542511025), np.float64(1.6481029969548886), np.float64(4.299524936801282), np.float64(3.568187969324927), np.float64(2.6591068755323097), np.float64(2.5369643358990697), np.float64(2.526735832538297), np.float64(3.4436623043224643), np.float64(3.3896251576689367)]","[0, 0, 0, 0, 0, 0, 0, 0, 0, 0, 0, 0, 0, 0, 0, 0, 0, 0, 0, 0]","[0, 0, 0, 0, 0, 0, 0, 0, 0, 0, 0, 0, 0, 0, 0, 0, 0, 0, 0, 0]","[19.855069160461426, 19.579910039901733, 19.563302040100098, 19.880990743637085, 141.7827112674713, 19.863412380218506, 20.05971908569336, 19.871795892715454, 19.886248111724854, 19.741718769073486, 19.98062562942505, 19.91742968559265, 19.842443704605103, 19.991265296936035, 19.677282094955444, 19.554507732391357, 20.0509135723114, 19.80730128288269, 20.07879877090454, 19.995647430419922]"
80,65,5,1.9354020102041303,0.0,0.0,21.420022475719453,1.0827876769559341,0.0,0.0,"[np.float64(3.5495755650111604), np.float64(0.8523466127718791), np.float64(0.8724648425609067), np.float64(0.8714329870332018), np.float64(2.625501076903979), np.float64(1.7388937964919913), np.float64(0.842854154324579), np.float64(0.8360665242128195), np.float64(1.700701774542523), np.float64(1.8419545083465936), np.float64(2.652139739190837), np.float64(2.61280633518009), np.float64(3.5889637006158925), np.float64(1.7263490408560351), np.float64(2.627687567566355), np.float64(0.8644557874519635), np.float64(4.521957764554369), np.float64(1.7722107399699232), np.float64(0.8770602758539069), np.float64(1.7326174106436005)]","[0, 0, 0, 0, 0, 0, 0, 0, 0, 0, 0, 0, 0, 0, 0, 0, 0, 0, 0, 0]","[0, 0, 0, 0, 0, 0, 0, 0, 0, 0, 0, 0, 0, 0, 0, 0, 0, 0, 0, 0]","[21.62271809577942, 21.271052837371826, 21.226572275161743, 21.36183452606201, 21.527434587478638, 21.51228976249695, 21.21444296836853, 21.2865731716156, 21.305341243743896, 21.293124198913574, 21.273987293243408, 21.323563814163208, 21.63175320625305, 21.47889471054077, 21.40895700454712, 21.67905831336975, 22.01300287246704, 21.42090630531311, 21.435299396514893, 21.113642930984497]"
80,65,6,2.870719661852524,0.46434266509183164,0.0,22.998555648326874,1.2743692501602508,2.0766035279975084,0.0,"[np.float64(1.848194215104892), np.float64(1.8568195270075127), np.float64(2.7293999874376156), np.float64(2.760455427216575), np.float64(1.7589653356842874), np.float64(0.9397612366801286), np.float64(1.7968836420999674), np.float64(5.294285527744632), np.float64(3.5336813700333836), np.float64(4.372685133668241), np.float64(1.808942665323887), np.float64(1.8570002536003292), np.float64(0.9914718571815588), np.float64(2.6647707746499196), np.float64(4.415057789059609), np.float64(4.48733575241156), np.float64(2.7721962234270987), np.float64(3.6244134634866367), np.float64(4.411735333386844), np.float64(3.490337721845808)]","[0, 0, 0, 0, 0, 0, 0, np.float64(9.286853301836633), 0, 0, 0, 0, 0, 0, 0, 0, 0, 0, 0, 0]","[0, 0, 0, 0, 0, 0, 0, 0, 0, 0, 0, 0, 0, 0, 0, 0, 0, 0, 0, 0]","[22.84249973297119, 22.855729579925537, 22.725908756256104, 22.837251901626587, 22.742011547088623, 23.200751781463623, 22.98955202102661, 23.150681018829346, 22.89197278022766, 23.186384677886963, 23.05658268928528, 23.601539850234985, 22.74788761138916, 23.46812105178833, 22.8901789188385, 22.896093606948853, 23.257772207260132, 22.808682441711426, 22.92367959022522, 22.897831201553345]"
80,70,4,2.819934290343115,0.9138864214218402,0.0,19.818564701080323,1.3061258555737802,2.813976064033904,0.0,"[np.float64(4.455988452016057), np.float64(2.667665830180827), np.float64(2.634614993108507), np.float64(6.053017301185122), np.float64(1.768447057523697), np.float64(1.7196272224149773), np.float64(2.5232611277923027), np.float64(2.5620994967360446), np.float64(1.7545759407862043), np.float64(5.126987387377216), np.float64(4.324308717199714), np.float64(2.5921330725390392), np.float64(1.773154093886803), np.float64(1.7471382826267037), np.float64(2.6944363226456605), np.float64(2.559434466839043), np.float64(1.6607938838880045), np.float64(1.8747573724822475), np.float64(4.253179193947357), np.float64(1.6530655916867714)]","[0, 0, 0, np.float64(9.380581056308506), 0, 0, 0, 0, 0, np.float64(8.897147372128298), 0, 0, 0, 0, 0, 0, 0, 0, 0, 0]","[0, 0, 0, 0, 0, 0, 0, 0, 0, 0, 0, 0, 0, 0, 0, 0, 0, 0, 0, 0]","[19.57625961303711, 19.75336980819702, 19.639704704284668, 19.69702649116516, 19.404901027679443, 19.58053469657898, 19.337178707122803, 19.626023292541504, 20.082767009735107, 19.66466498374939, 19.898348093032837, 19.58946442604065, 20.013861656188965, 19.85974884033203, 20.386112451553345, 20.774531602859497, 19.897948741912842, 19.826143264770508, 19.557772159576416, 20.20493245124817]"
80,70,5,2.601039711243311,0.48047813931491995,0.0,21.373431181907655,1.458099350675866,2.1487635624215504,0.0,"[np.float64(2.5803081995887354), np.float64(4.456880248894132), np.float64(3.4513246345886457), np.float64(0.895953981502353), np.float64(1.7224502031816884), np.float64(3.5255839665290365), np.float64(0.8917152152574552), np.float64(6.3001743714420195), np.float64(2.6066658346605234), np.float64(2.657647425186813), np.float64(2.66793463101624), np.float64(3.620791989617777), np.float64(2.722904808679603), np.float64(2.6631014755090847), np.float64(0.869462761456365), np.float64(3.535226829286742), np.float64(2.5421339557930045), np.float64(0.9337148229646097), 0, np.float64(3.3768188697113932)]","[0, 0, 0, 0, 0, 0, 0, np.float64(9.6095627862984), 0, 0, 0, 0, 0, 0, 0, 0, 0, 0, 0, 0]","[0, 0, 0, 0, 0, 0, 0, 0, 0, 0, 0, 0, 0, 0, 0, 0, 0, 0, 0, 0]","[21.44484806060791, 21.211686849594116, 21.16900372505188, 21.32367730140686, 21.935418844223022, 20.90290379524231, 21.22918200492859, 20.9861102104187, 21.255098342895508, 21.13520312309265, 21.27391791343689, 21.353326559066772, 21.316799640655518, 21.523663759231567, 21.22286558151245, 21.36971879005432, 21.5534725189209, 21.472745180130005, 21.453424215316772, 22.335557222366333]"
80,70,6,2.6726281634705065,0.4820995326333305,0.0,22.820459842681885,1.3722560408876137,2.1560146537780103,0.0,"[np.float64(4.447162700637049), np.float64(2.7841342608847213), 0, np.float64(1.8505291538302147), np.float64(2.6889878933316385), np.float64(5.502258305255678), np.float64(2.774167745173143), np.float64(1.7617598208181042), np.float64(0.9150509264490515), np.float64(2.739598407013026), np.float64(2.7948172090437877), np.float64(4.7144326301058195), np.float64(1.8691592889313666), np.float64(2.556940039562429), np.float64(4.534055513595228), np.float64(2.726494545568531), np.float64(1.8563665040794577), np.float64(2.610386799198423), np.float64(3.458861415102285), np.float64(0.8674001108301795)]","[0, 0, 0, 0, 0, np.float64(9.64199065266661), 0, 0, 0, 0, 0, 0, 0, 0, 0, 0, 0, 0, 0, 0]","[0, 0, 0, 0, 0, 0, 0, 0, 0, 0, 0, 0, 0, 0, 0, 0, 0, 0, 0, 0]","[22.88426971435547, 23.05014681816101, 23.040791511535645, 22.612195014953613, 22.61241841316223, 23.039915084838867, 22.682147979736328, 22.528067350387573, 22.6878445148468, 23.120816230773926, 22.665144443511963, 22.78978729248047, 22.70290470123291, 23.285848379135132, 23.08908224105835, 22.770467519760132, 22.49561858177185, 22.69823122024536, 22.94936490058899, 22.704134941101074]"
85,60,4,1.591498811564311,0.0,0.0,26.338229942321778,1.0225176544163666,0.0,0.0,"[np.float64(3.0300719289926974), np.float64(1.7405567250272895), np.float64(1.5976526887435332), np.float64(3.1181425916952112), np.float64(3.3599223400582545), np.float64(2.498143551136612), np.float64(0.8340804153414318), 0, np.float64(1.6569069809546841), np.float64(0.8865504311199746), np.float64(2.4516397163611017), np.float64(2.462404154635092), 0, np.float64(1.6167299201609735), np.float64(1.6496737834577582), np.float64(1.7197924277358858), 0, np.float64(1.6366799411656208), np.float64(0.7835420658557162), np.float64(0.7874865688443825)]","[0, 0, 0, 0, 0, 0, 0, 0, 0, 0, 0, 0, 0, 0, 0, 0, 0, 0, 0, 0]","[0, 0, 0, 0, 0, 0, 0, 0, 0, 0, 0, 0, 0, 0, 0, 0, 0, 0, 0, 0]","[20.120805501937866, 19.676057815551758, 19.639763355255127, 148.66266798973083, 19.76933264732361, 20.084332704544067, 20.79974675178528, 19.575974702835083, 19.75396180152893, 20.02099871635437, 20.13516902923584, 19.808751821517944, 20.06216788291931, 19.590822219848633, 19.9046528339386, 19.623895168304443, 20.14320945739746, 19.557092428207397, 19.627461910247803, 20.20773410797119]"
85,60,5,2.190517677002965,0.4220421042192036,0.0,21.564691400527956,1.1519617524170402,1.88742966880238,0.0,"[np.float64(1.7047315391029507), np.float64(2.560694358123324), np.float64(2.6314221362901873), np.float64(2.5876895770073993), np.float64(0.9285320313902143), np.float64(1.6240175335255351), np.float64(2.5649528102340056), np.float64(4.164786691449987), np.float64(1.6868306724573399), np.float64(1.6307356248455613), np.float64(4.9565465779373055), np.float64(4.217223959164043), np.float64(2.475191658137478), np.float64(1.609601446285235), np.float64(1.666363289724599), np.float64(0.8713498935055618), np.float64(2.5122183614281273), np.float64(1.627134401272752), np.float64(0.9169449464489038), np.float64(0.873386031728791)]","[0, 0, 0, 0, 0, 0, 0, 0, 0, 0, np.float64(8.440842084384071), 0, 0, 0, 0, 0, 0, 0, 0, 0]","[0, 0, 0, 0, 0, 0, 0, 0, 0, 0, 0, 0, 0, 0, 0, 0, 0, 0, 0, 0]","[21.514999866485596, 21.453994512557983, 21.22058343887329, 21.767396688461304, 21.556654930114746, 21.556523084640503, 21.215429544448853, 21.41185688972473, 21.254821062088013, 22.02509379386902, 21.397172451019287, 21.764845371246338, 21.454875230789185, 21.635855436325073, 21.787206888198853, 21.663304567337036, 21.657082080841064, 21.50404191017151, 21.85360026359558, 21.598489999771118]"
85,60,6,2.2952154979695334,0.45343787432920574,0.0,23.142157161235808,1.5440462966388575,2.0278358211462217,0.0,"[np.float64(1.8823095739524554), np.float64(4.21397675393455), np.float64(3.3245770517586943), np.float64(1.7363528242708073), np.float64(1.7030675453896313), 0, np.float64(1.686000164611557), np.float64(2.5573986701084066), np.float64(5.171440779460016), np.float64(4.545744880248254), 0, np.float64(4.333142036889743), np.float64(2.6463534058074596), np.float64(0.9357580660657476), np.float64(0.930345705362546), np.float64(1.6481140977622848), np.float64(4.340937680006238), np.float64(0.8397257662587737), np.float64(1.7355741977200794), np.float64(1.6734907597834265)]","[0, 0, 0, 0, 0, 0, 0, 0, np.float64(9.068757486584115), 0, 0, 0, 0, 0, 0, 0, 0, 0, 0, 0]","[0, 0, 0, 0, 0, 0, 0, 0, 0, 0, 0, 0, 0, 0, 0, 0, 0, 0, 0, 0]","[22.888230323791504, 22.75554656982422, 23.581605672836304, 23.20411515235901, 23.333142280578613, 23.177221536636353, 23.93511414527893, 22.76218581199646, 23.29619288444519, 23.239990234375, 23.235782146453857, 23.286739826202393, 22.876632928848267, 23.268401861190796, 22.812835693359375, 23.048989295959473, 22.756036281585693, 22.97434115409851, 23.272361755371094, 23.137677669525146]"
85,65,4,1.900151358595974,0.0,0.0,19.75415918827057,1.2855280240266271,0.0,0.0,"[np.float64(4.308909384241996), np.float64(1.6369602293958472), np.float64(0.7802652190622534), 0, np.float64(1.6072839476581917), np.float64(0.8200472805472003), np.float64(1.6613136760562368), np.float64(2.4343689875661947), np.float64(3.2789107527390047), np.float64(4.2218206245434455), np.float64(3.1976341830676094), np.float64(2.4425569343262747), np.float64(1.543834274028197), np.float64(1.737062723421198), np.float64(0.9245022582356274), np.float64(3.4068599000141244), 0, np.float64(0.7637738553097705), np.float64(0.7929038990059314), np.float64(2.4440190427003734)]","[0, 0, 0, 0, 0, 0, 0, 0, 0, 0, 0, 0, 0, 0, 0, 0, 0, 0, 0, 0]","[0, 0, 0, 0, 0, 0, 0, 0, 0, 0, 0, 0, 0, 0, 0, 0, 0, 0, 0, 0]","[19.75822353363037, 19.725929975509644, 19.685829877853394, 19.698365449905396, 19.632912635803223, 19.935271978378296, 20.091893434524536, 20.047460317611694, 19.728399753570557, 19.562312364578247, 19.567981958389282, 19.698490858078003, 19.505951642990112, 19.956814289093018, 19.521782875061035, 19.79921817779541, 19.707661628723145, 19.805964469909668, 19.872167348861694, 19.780551195144653]"
85,65,5,2.005772957271203,0.8778772481865158,0.0,21.73845957517624,1.713938014650862,2.7025956264002176,0.0,"[0, np.float64(1.7254436218137648), np.float64(2.5612902767844217), np.float64(1.7227342203100298), np.float64(0.8481939184568538), 0, np.float64(0.806766750666394), np.float64(5.982924748424608), np.float64(0.8097240360547272), np.float64(3.4364677214571473), np.float64(3.4403045772841483), np.float64(4.100029097130503), 0, np.float64(1.7121024234304572), np.float64(4.938525480309518), np.float64(0.8103160343394713), np.float64(0.9280019504213914), np.float64(1.847865106822541), np.float64(3.5193235305109782), np.float64(0.9254456512071095)]","[0, 0, 0, 0, 0, 0, 0, np.float64(8.946277642798805), 0, 0, 0, 0, 0, 0, np.float64(8.61126732093151), 0, 0, 0, 0, 0]","[0, 0, 0, 0, 0, 0, 0, 0, 0, 0, 0, 0, 0, 0, 0, 0, 0, 0, 0, 0]","[21.26459836959839, 21.561933755874634, 22.098227977752686, 22.03937792778015, 21.870810508728027, 21.23754072189331, 21.3032648563385, 21.154563426971436, 21.423885107040405, 22.8016357421875, 21.578943252563477, 22.079761028289795, 21.504663228988647, 21.983790636062622, 22.445091724395752, 21.837158679962158, 21.53450059890747, 22.164439916610718, 21.441202640533447, 21.443801403045654]"
85,65,6,2.49007403541654,0.0,0.0,23.086430394649504,1.154943490200835,0.0,0.0,"[np.float64(0.8900968262007543), np.float64(3.450437130169593), np.float64(1.724457116684519), np.float64(3.4415189075091064), np.float64(1.6854914669452945), np.float64(4.247969969097292), np.float64(1.6805655026441693), np.float64(3.575441186624353), np.float64(2.6674173764782347), np.float64(0.8522108953178996), np.float64(0.7928944066990179), np.float64(3.411691277322673), np.float64(2.6649785198113904), np.float64(4.192831893282667), np.float64(1.7006934637487576), np.float64(2.698469058928495), np.float64(1.6108998301910835), np.float64(4.316054910381795), np.float64(2.5143582786497882), np.float64(1.6830026916439151)]","[0, 0, 0, 0, 0, 0, 0, 0, 0, 0, 0, 0, 0, 0, 0, 0, 0, 0, 0, 0]","[0, 0, 0, 0, 0, 0, 0, 0, 0, 0, 0, 0, 0, 0, 0, 0, 0, 0, 0, 0]","[23.216120958328247, 22.484994411468506, 22.672256469726562, 22.66666054725647, 23.211241483688354, 23.02440857887268, 23.77010488510132, 23.20951008796692, 22.933127641677856, 23.291797161102295, 22.847259998321533, 24.4561505317688, 22.950717449188232, 23.263082027435303, 22.782146215438843, 22.813807010650635, 23.164509296417236, 22.871089696884155, 23.17104935646057, 22.928574085235596]"
85,70,4,1.5389392389784835,0.0,0.0,26.565084409713744,0.9245785879230761,0.0,0.0,"[np.float64(0.7698744373587236), np.float64(0.822483461594897), np.float64(2.540818438547879), np.float64(0.7741290510270791), np.float64(0.7769309398251284), np.float64(3.318052191474585), np.float64(0.8189408023126492), np.float64(2.558356905190099), np.float64(0.805052791472668), np.float64(2.4743635092358223), np.float64(2.592292144844121), np.float64(0.7974437810812294), np.float64(2.455323834011766), 0, np.float64(1.7367165000110492), np.float64(1.67322089927981), np.float64(0.8232739619369842), np.float64(1.747080086517135), np.float64(0.8323765204708135), np.float64(2.4620545233772306)]","[0, 0, 0, 0, 0, 0, 0, 0, 0, 0, 0, 0, 0, 0, 0, 0, 0, 0, 0, 0]","[0, 0, 0, 0, 0, 0, 0, 0, 0, 0, 0, 0, 0, 0, 0, 0, 0, 0, 0, 0]","[19.934129238128662, 19.63999843597412, 20.002240896224976, 19.786035537719727, 19.60267400741577, 19.736582279205322, 19.756694316864014, 19.944782257080078, 154.90783143043518, 19.911000728607178, 19.730696439743042, 20.1046621799469, 19.569629192352295, 19.784342527389526, 19.739691972732544, 19.65336585044861, 20.131298542022705, 19.726752996444702, 19.985698699951172, 19.65358066558838]"
85,70,5,2.301679326396258,0.0,0.0,21.26376830339432,1.0633539333880329,0.0,0.0,"[np.float64(1.776332446012342), np.float64(0.8511973949226369), np.float64(3.4505405154272064), np.float64(3.4151555169638823), np.float64(3.3384061886107377), np.float64(3.3803173634652497), np.float64(1.6644832057221814), np.float64(1.7225792898047096), np.float64(0.8544410566085248), np.float64(1.7353716361721154), np.float64(3.316913511025196), np.float64(1.6620301831295257), 0, np.float64(3.3671012873636785), np.float64(3.490461819920766), np.float64(1.7431538467317162), np.float64(2.5109838752613727), np.float64(2.6051280340918352), np.float64(3.3703171279821036), np.float64(1.7786722287093824)]","[0, 0, 0, 0, 0, 0, 0, 0, 0, 0, 0, 0, 0, 0, 0, 0, 0, 0, 0, 0]","[0, 0, 0, 0, 0, 0, 0, 0, 0, 0, 0, 0, 0, 0, 0, 0, 0, 0, 0, 0]","[21.079527854919434, 21.202048540115356, 21.264073848724365, 21.23993968963623, 21.21583366394043, 21.619707584381104, 21.375765562057495, 21.76452350616455, 21.236824989318848, 21.325480937957764, 21.14427399635315, 21.174358367919922, 20.980849981307983, 21.203104496002197, 21.419477939605713, 21.04531168937683, 21.328073978424072, 21.10279655456543, 21.407906532287598, 21.14548635482788]"
85,70,6,2.3168813027988544,0.0,0.0,22.80896700620651,1.3332576217435914,0.0,0.0,"[np.float64(0.8626021141982871), np.float64(1.679444710272655), np.float64(1.6588402050840323), np.float64(1.8423174444485135), np.float64(4.396161782383658), np.float64(3.3809496332351276), np.float64(2.598252908583707), np.float64(3.671749113503146), np.float64(2.682223827092102), np.float64(1.864286677342552), 0, np.float64(1.7921818950103323), 0, np.float64(4.280986014637334), np.float64(2.5718258254002437), np.float64(3.5225670938658733), np.float64(4.246950953021156), np.float64(0.8539682122659783), np.float64(1.6627540384664903), np.float64(2.7695636071658964)]","[0, 0, 0, 0, 0, 0, 0, 0, 0, 0, 0, 0, 0, 0, 0, 0, 0, 0, 0, 0]","[0, 0, 0, 0, 0, 0, 0, 0, 0, 0, 0, 0, 0, 0, 0, 0, 0, 0, 0, 0]","[22.96222233772278, 22.90420150756836, 22.76201868057251, 22.626139402389526, 22.846816062927246, 22.515810012817383, 22.646345853805542, 22.948057889938354, 22.846916675567627, 22.31087040901184, 22.40958261489868, 22.649792671203613, 22.578279972076416, 22.99335789680481, 22.959357023239136, 22.486401557922363, 23.316166162490845, 23.389432907104492, 22.92993998527527, 23.097630500793457]"
90,60,4,1.2171206204948384,0.0,0.0,19.909207975864412,0.8336675814517563,0.0,0.0,"[np.float64(3.1863735042553185), np.float64(2.3610461891337775), np.float64(2.3565395579882664), np.float64(0.8060012603347179), np.float64(1.5389486487472077), np.float64(0.7911516475016666), np.float64(0.7486308298387964), np.float64(0.7868629352439157), 0, np.float64(1.5843790499069876), np.float64(0.806321587373742), np.float64(0.7850344932519234), np.float64(0.7428024073557928), np.float64(0.7973684986241967), np.float64(1.5543115564946959), 0, np.float64(0.7789714219784972), np.float64(0.782407443955855), np.float64(2.4070280344857817), np.float64(1.5282333434256266)]","[0, 0, 0, 0, 0, 0, 0, 0, 0, 0, 0, 0, 0, 0, 0, 0, 0, 0, 0, 0]","[0, 0, 0, 0, 0, 0, 0, 0, 0, 0, 0, 0, 0, 0, 0, 0, 0, 0, 0, 0]","[19.976620197296143, 20.10119366645813, 19.9101722240448, 19.800601959228516, 19.929073810577393, 20.04396152496338, 20.00445532798767, 20.011435747146606, 19.912742376327515, 20.095104694366455, 19.928865432739258, 19.684064626693726, 19.979154348373413, 19.353323221206665, 19.791645526885986, 19.876691102981567, 20.438143730163574, 19.662235260009766, 19.636812210083008, 20.04786252975464]"
90,60,5,1.3730071916176536,0.0,0.0,21.484263837337494,0.9726651855921621,0.0,0.0,"[np.float64(1.6365587465061344), np.float64(2.4223984091942445), np.float64(1.624217684505701), np.float64(0.8257363779492922), np.float64(0.8230993316372236), np.float64(0.8072816520163278), np.float64(0.8409839639520807), np.float64(0.8157347423051157), np.float64(1.6169690996869612), np.float64(1.5856314744969089), np.float64(1.6199293637715508), np.float64(0.8061496842269006), 0, np.float64(3.20985904948124), np.float64(0.8235640372807864), 0, np.float64(3.171757331626058), np.float64(2.4055739874958695), np.float64(2.424698896220677), 0]","[0, 0, 0, 0, 0, 0, 0, 0, 0, 0, 0, 0, 0, 0, 0, 0, 0, 0, 0, 0]","[0, 0, 0, 0, 0, 0, 0, 0, 0, 0, 0, 0, 0, 0, 0, 0, 0, 0, 0, 0]","[21.101664781570435, 21.118990182876587, 21.574992179870605, 21.55147361755371, 21.174774169921875, 21.20427680015564, 21.07819366455078, 21.670950651168823, 21.660831689834595, 21.44109082221985, 21.589781045913696, 22.15742325782776, 21.47204566001892, 21.877420902252197, 21.414084672927856, 21.478416442871094, 21.352823734283447, 21.646715879440308, 21.582858324050903, 21.536468267440796]"
90,60,6,1.6391335030646084,0.0,0.0,22.994633066654206,1.1560307199163826,0.0,0.0,"[np.float64(4.121102114745515), np.float64(1.530695692665028), np.float64(0.7969902949568776), 0, 0, np.float64(0.8126282786660621), np.float64(1.6622611538661778), np.float64(3.2059918555687617), np.float64(0.838538342374525), np.float64(2.4894397054039215), np.float64(1.647093383688783), np.float64(0.8662656059675197), np.float64(2.507401671025086), np.float64(1.6120394090107688), np.float64(3.230343623223384), np.float64(0.8110795485648638), np.float64(3.302929771927158), np.float64(0.8491701556363207), np.float64(0.8200117451659659), np.float64(1.6786877088354486)]","[0, 0, 0, 0, 0, 0, 0, 0, 0, 0, 0, 0, 0, 0, 0, 0, 0, 0, 0, 0]","[0, 0, 0, 0, 0, 0, 0, 0, 0, 0, 0, 0, 0, 0, 0, 0, 0, 0, 0, 0]","[22.921520233154297, 22.845728158950806, 23.166245698928833, 22.58450937271118, 22.877914667129517, 23.05502200126648, 22.7106671333313, 23.26883888244629, 23.0718514919281, 22.77395486831665, 22.978456258773804, 23.17648959159851, 23.099355936050415, 23.005335092544556, 23.37163758277893, 23.073444604873657, 23.269551992416382, 22.921475648880005, 22.923856258392334, 22.79680585861206]"
90,65,4,1.0365882271165732,0.0,0.0,19.775583016872407,0.6424728085434569,0.0,0.0,"[np.float64(0.750491823946604), np.float64(1.6202342332407482), np.float64(1.6178186343622831), 0, np.float64(1.6160381831397623), np.float64(0.8091941570200271), np.float64(1.5878168959604095), np.float64(1.5735408408734841), 0, np.float64(2.4103620744786665), np.float64(0.7987683602243743), np.float64(0.8053972314815017), np.float64(0.7955683063814939), np.float64(0.8001223738405134), np.float64(0.7916386893164724), np.float64(1.5752916159081414), np.float64(0.8067449620989332), 0, np.float64(0.786381233230933), np.float64(1.5863549268271155)]","[0, 0, 0, 0, 0, 0, 0, 0, 0, 0, 0, 0, 0, 0, 0, 0, 0, 0, 0, 0]","[0, 0, 0, 0, 0, 0, 0, 0, 0, 0, 0, 0, 0, 0, 0, 0, 0, 0, 0, 0]","[19.87075185775757, 20.005324602127075, 20.118879079818726, 20.12251925468445, 19.83243417739868, 19.61646556854248, 19.814009189605713, 19.90711808204651, 19.616078853607178, 19.838222980499268, 19.527461051940918, 20.152344465255737, 19.610295295715332, 19.5593159198761, 19.703044414520264, 19.435609340667725, 19.940977573394775, 19.61034393310547, 19.954166889190674, 19.27629780769348]"
90,65,5,1.4199000228083458,0.0,0.0,28.458431327342986,0.9094813895779056,0.0,0.0,"[np.float64(0.7934272100666604), np.float64(1.613803255985689), 0, np.float64(0.8069843139097206), np.float64(0.8238003744150789), np.float64(1.6258613441580645), np.float64(1.6358665206775371), np.float64(0.811413793763914), np.float64(1.6533707660355619), np.float64(0.7990963142895915), np.float64(1.6300958016467648), 0, np.float64(2.3966872532606676), np.float64(1.6176923739922318), np.float64(2.4225617934475916), np.float64(1.5960967639001324), np.float64(2.491463133932403), np.float64(3.2597415010992368), np.float64(2.4200379415860707), 0]","[0, 0, 0, 0, 0, 0, 0, 0, 0, 0, 0, 0, 0, 0, 0, 0, 0, 0, 0, 0]","[0, 0, 0, 0, 0, 0, 0, 0, 0, 0, 0, 0, 0, 0, 0, 0, 0, 0, 0, 0]","[160.7466869354248, 21.426655054092407, 21.752079248428345, 21.871376991271973, 21.3953218460083, 22.754247903823853, 21.407981634140015, 21.454678058624268, 21.280436515808105, 21.360896587371826, 21.377731800079346, 21.166144847869873, 21.769495248794556, 21.25511121749878, 21.58210825920105, 20.983377933502197, 21.37274956703186, 21.458189010620117, 21.285474061965942, 21.467883825302124]"
90,65,6,1.3285118154376618,0.0,0.0,22.964267432689667,1.129858812252707,0.0,0.0,"[np.float64(1.586895584386673), np.float64(0.8192685504817597), 0, np.float64(2.522822312889644), np.float64(0.8380040622984801), np.float64(1.6777182463440141), 0, np.float64(1.6143206548734732), np.float64(2.480818008812163), 0, 0, np.float64(1.6268504707097717), np.float64(4.213179705133329), np.float64(0.8532461017884461), np.float64(2.5029383024049667), 0, np.float64(2.468986423993476), np.float64(0.8448064395177269), np.float64(0.8440457660293595), np.float64(1.6763356790899513)]","[0, 0, 0, 0, 0, 0, 0, 0, 0, 0, 0, 0, 0, 0, 0, 0, 0, 0, 0, 0]","[0, 0, 0, 0, 0, 0, 0, 0, 0, 0, 0, 0, 0, 0, 0, 0, 0, 0, 0, 0]","[22.794564485549927, 23.01399064064026, 22.818849325180054, 23.107975959777832, 23.326362371444702, 23.169307470321655, 22.50741744041443, 22.951585054397583, 22.8882257938385, 22.963061094284058, 22.986988067626953, 22.9320068359375, 23.01743507385254, 22.85886311531067, 22.84172773361206, 22.979785919189453, 22.983028650283813, 23.59215521812439, 22.787399768829346, 22.764618635177612]"
90,70,4,1.2856892095293073,0.0,0.0,19.760610246658324,0.8440774641229546,0.0,0.0,"[np.float64(1.6129862038603557), 0, np.float64(0.8017435391215737), np.float64(0.8002899032378306), np.float64(0.815290015942148), np.float64(1.5865911820645657), np.float64(0.8173868708365583), np.float64(0.8106510493520827), np.float64(1.6161753735914801), np.float64(1.6060160176227176), np.float64(2.4040606502601687), np.float64(1.5301013155760401), np.float64(2.4404265602980604), 0, np.float64(3.243611072035489), np.float64(0.7954511532572016), np.float64(0.8047057092115684), np.float64(0.7915009039908483), np.float64(0.821322390511313), np.float64(2.4154742798161433)]","[0, 0, 0, 0, 0, 0, 0, 0, 0, 0, 0, 0, 0, 0, 0, 0, 0, 0, 0, 0]","[0, 0, 0, 0, 0, 0, 0, 0, 0, 0, 0, 0, 0, 0, 0, 0, 0, 0, 0, 0]","[19.78622341156006, 19.677159070968628, 19.693202018737793, 19.65026354789734, 19.52200722694397, 19.650847911834717, 19.51086401939392, 19.9892315864563, 20.143951654434204, 20.19503140449524, 19.71640944480896, 19.91235876083374, 19.465980529785156, 19.72553515434265, 19.495720386505127, 19.912327766418457, 19.310994863510132, 20.000560998916626, 20.016714572906494, 19.836820602416992]"
90,70,5,1.3936080574354084,0.0,0.0,21.26267204284668,1.1258604843173166,0.0,0.0,"[np.float64(1.5968858502660068), np.float64(1.6617778980957751), np.float64(0.8330969738842797), np.float64(2.3885210962376293), np.float64(1.6427665466905041), np.float64(1.6502299714782978), np.float64(0.8148004064958904), 0, 0, np.float64(1.6419642391627727), 0, 0, np.float64(3.2522499085326064), np.float64(1.6730448269664147), np.float64(0.8343017689233868), np.float64(3.2657080974688926), np.float64(3.2918815018896534), np.float64(0.8461222105312249), 0, np.float64(2.478809852084834)]","[0, 0, 0, 0, 0, 0, 0, 0, 0, 0, 0, 0, 0, 0, 0, 0, 0, 0, 0, 0]","[0, 0, 0, 0, 0, 0, 0, 0, 0, 0, 0, 0, 0, 0, 0, 0, 0, 0, 0, 0]","[21.31834578514099, 21.595091104507446, 21.27601647377014, 21.27814221382141, 20.996178150177002, 21.68036198616028, 21.233065605163574, 21.068406343460083, 21.068902492523193, 21.304855823516846, 21.445018768310547, 20.99346613883972, 21.51465940475464, 21.13899302482605, 21.026905059814453, 20.954561710357666, 20.84157943725586, 20.9879412651062, 22.04022240638733, 21.49072766304016]"
90,70,6,1.6546144793476232,0.0,0.0,22.767669069767,0.9907083162624796,0.0,0.0,"[np.float64(1.7125527853466387), np.float64(4.033643816610188), np.float64(1.6385388172117386), np.float64(1.679395775115398), np.float64(0.8453358644139751), np.float64(0.7950447434536634), np.float64(1.6806153154467416), np.float64(1.6937229555755275), np.float64(2.4953897942042746), np.float64(1.6607601051971401), np.float64(1.612941086092472), np.float64(2.5435278770461807), 0, 0, np.float64(1.633201626355852), np.float64(0.848299883614811), np.float64(3.246719609364355), np.float64(2.4874486451424405), np.float64(0.7978055153154201), np.float64(1.687345371445646)]","[0, 0, 0, 0, 0, 0, 0, 0, 0, 0, 0, 0, 0, 0, 0, 0, 0, 0, 0, 0]","[0, 0, 0, 0, 0, 0, 0, 0, 0, 0, 0, 0, 0, 0, 0, 0, 0, 0, 0, 0]","[22.604357957839966, 22.933732271194458, 22.537554264068604, 23.074420928955078, 22.624836683273315, 22.6621413230896, 22.518523454666138, 22.66896343231201, 22.798426866531372, 22.61974310874939, 23.237226963043213, 23.029938220977783, 22.929814100265503, 22.71308422088623, 22.469524145126343, 22.88659906387329, 22.91402530670166, 22.89415431022644, 22.571065664291382, 22.66524910926819]"
95,60,4,0.5769702726955981,0.0,0.0,19.531042397022247,0.4904669977978266,0.0,0.0,"[np.float64(0.7095322272298266), np.float64(0.8058223087313325), np.float64(1.5560536313707056), np.float64(0.8019407323008182), np.float64(0.7209206120178936), np.float64(0.7848698474512404), np.float64(0.7655617362384096), np.float64(0.798133570808205), np.float64(0.7883912242594256), 0, 0, np.float64(0.7761128424483403), 0, 0, np.float64(1.503104627057063), np.float64(0.777691524754387), 0, 0, np.float64(0.7512705692443149), 0]","[0, 0, 0, 0, 0, 0, 0, 0, 0, 0, 0, 0, 0, 0, 0, 0, 0, 0, 0, 0]","[0, 0, 0, 0, 0, 0, 0, 0, 0, 0, 0, 0, 0, 0, 0, 0, 0, 0, 0, 0]","[19.33289361000061, 19.6180317401886, 19.353965044021606, 19.37840700149536, 19.543540716171265, 19.860915660858154, 19.705947399139404, 19.552115201950073, 19.626965761184692, 19.18316912651062, 19.722530841827393, 19.442829608917236, 19.18018388748169, 19.507933139801025, 19.801098346710205, 19.434762239456177, 19.640390396118164, 19.44047522544861, 19.686629056930542, 19.60806393623352]"
95,60,5,0.5783921712942854,0.0,0.0,28.811485123634338,0.6610920901074625,0.0,0.0,"[np.float64(0.7162993770898914), 0, np.float64(2.337721164446545), 0, 0, 0, np.float64(0.8103471773235454), np.float64(1.526830540159063), np.float64(1.5825488893918285), np.float64(0.7226586481778626), 0, np.float64(0.7487518485989249), np.float64(0.7301984729166402), 0, np.float64(0.7879861528430167), np.float64(0.7996558368151518), 0, np.float64(0.8048453181232386), 0, 0]","[0, 0, 0, 0, 0, 0, 0, 0, 0, 0, 0, 0, 0, 0, 0, 0, 0, 0, 0, 0]","[0, 0, 0, 0, 0, 0, 0, 0, 0, 0, 0, 0, 0, 0, 0, 0, 0, 0, 0, 0]","[21.361135482788086, 21.08542275428772, 21.171212196350098, 21.04534149169922, 21.170045375823975, 21.142508506774902, 21.13942313194275, 21.754607677459717, 21.22926664352417, 21.418342351913452, 21.243683338165283, 21.65431571006775, 21.266327381134033, 20.989853858947754, 21.435752868652344, 21.16425108909607, 21.073164701461792, 21.09119486808777, 21.343717575073242, 172.45013546943665]"
95,60,6,0.7509778534788374,0.0,0.0,23.062170720100404,0.6591539586520835,0.0,0.0,"[np.float64(0.8036724106549726), 0, 0, np.float64(1.5683000414385375), np.float64(0.827890210166488), 0, np.float64(0.7242327063843015), 0, 0, np.float64(1.6337672009185922), np.float64(0.737828166429824), np.float64(1.5585111141221248), 0, np.float64(1.556756557307719), np.float64(0.7741475538918472), 0, np.float64(1.6438919379894812), np.float64(0.8116743256520923), np.float64(0.7633558166161856), np.float64(1.615529028004581)]","[0, 0, 0, 0, 0, 0, 0, 0, 0, 0, 0, 0, 0, 0, 0, 0, 0, 0, 0, 0]","[0, 0, 0, 0, 0, 0, 0, 0, 0, 0, 0, 0, 0, 0, 0, 0, 0, 0, 0, 0]","[23.529693365097046, 23.26390814781189, 23.01644492149353, 23.2368803024292, 23.239928007125854, 23.196709871292114, 23.340113401412964, 22.853790760040283, 23.06953501701355, 22.713581085205078, 23.13074231147766, 22.892311334609985, 22.819408416748047, 22.66947841644287, 23.344990730285645, 23.3502037525177, 23.0445077419281, 22.893786907196045, 23.070016145706177, 22.567383766174316]"
95,65,4,1.1254047756315273,0.0,0.0,19.819014513492583,0.8856856256992762,0.0,0.0,"[np.float64(1.525738945782978), np.float64(2.3404572375429766), 0, 0, np.float64(0.781814323105958), np.float64(0.7724294929401768), np.float64(1.5467270511570161), np.float64(2.2435039100212246), np.float64(2.3580670252232347), 0, np.float64(0.7809315797215466), 0, np.float64(0.8111488239233633), 0, np.float64(2.3186769106653915), np.float64(1.5527325865856498), np.float64(2.3196025551932284), np.float64(1.6161074304306882), np.float64(0.8012654137443165), np.float64(0.7388922265927976)]","[0, 0, 0, 0, 0, 0, 0, 0, 0, 0, 0, 0, 0, 0, 0, 0, 0, 0, 0, 0]","[0, 0, 0, 0, 0, 0, 0, 0, 0, 0, 0, 0, 0, 0, 0, 0, 0, 0, 0, 0]","[20.032763481140137, 20.102515935897827, 19.42212176322937, 19.670439958572388, 19.682395935058594, 19.913801193237305, 19.771775484085083, 19.544375896453857, 19.946195125579834, 19.811794757843018, 19.81056022644043, 19.992996215820312, 19.592650890350342, 19.888680458068848, 20.0257785320282, 19.528577089309692, 19.964871406555176, 19.83232569694519, 20.03791642189026, 19.807753801345825]"
95,65,5,0.9895782234032136,0.0,0.0,21.37024120092392,0.7671055306789439,0.0,0.0,"[np.float64(1.5913584782943457), 0, np.float64(0.811409754594491), np.float64(0.8036337326776344), np.float64(0.8158323222357051), 0, np.float64(1.5536563786649273), np.float64(0.7980673962053658), np.float64(1.49726211470866), 0, np.float64(1.5820830645014134), np.float64(2.4361112298975245), np.float64(0.7417123356815085), np.float64(0.776065365124192), 0, np.float64(1.6323676646443759), np.float64(1.5752214595291347), np.float64(2.3594738204736925), np.float64(0.8173093508313), 0]","[0, 0, 0, 0, 0, 0, 0, 0, 0, 0, 0, 0, 0, 0, 0, 0, 0, 0, 0, 0]","[0, 0, 0, 0, 0, 0, 0, 0, 0, 0, 0, 0, 0, 0, 0, 0, 0, 0, 0, 0]","[21.5916850566864, 20.75394296646118, 20.84072494506836, 21.349907159805298, 21.614027738571167, 21.30910849571228, 21.88680386543274, 21.890207529067993, 21.490023136138916, 21.13715100288391, 21.54460573196411, 21.760420083999634, 21.155306577682495, 21.17076563835144, 21.3130304813385, 21.491318225860596, 21.356130599975586, 21.521456956863403, 21.4482843875885, 20.77992343902588]"
95,65,6,0.8402045476450279,0.0,0.0,22.8989506483078,0.8801746355813308,0.0,0.0,"[np.float64(1.6745798061995485), np.float64(1.5821361285366655), 0, 0, 0, np.float64(0.8210098928697309), np.float64(0.7564329651301342), np.float64(1.4939134361306976), np.float64(1.5788275592129883), 0, 0, 0, np.float64(3.20972747240638), np.float64(1.5890918698408092), np.float64(0.7718285306201398), np.float64(0.829677057554963), 0, np.float64(0.8413688296259856), np.float64(1.6554974047725175), 0]","[0, 0, 0, 0, 0, 0, 0, 0, 0, 0, 0, 0, 0, 0, 0, 0, 0, 0, 0, 0]","[0, 0, 0, 0, 0, 0, 0, 0, 0, 0, 0, 0, 0, 0, 0, 0, 0, 0, 0, 0]","[22.788204193115234, 22.580583810806274, 22.602287530899048, 22.718883275985718, 22.638336896896362, 23.107699394226074, 22.803661823272705, 23.252608060836792, 22.66554880142212, 22.912667512893677, 22.89373779296875, 22.699334144592285, 23.679811716079712, 22.863489389419556, 22.80293917655945, 22.756977558135986, 22.957457542419434, 23.090707540512085, 23.03673768043518, 23.127339124679565]"
95,70,4,0.6593744141710985,0.0,0.0,19.679834020137786,0.7680418243725295,0.0,0.0,"[0, 0, np.float64(0.757925075220263), 0, np.float64(1.527025073800018), np.float64(1.5092480800815011), 0, np.float64(0.8360578594868752), 0, 0, np.float64(0.7498198230366305), np.float64(2.3665863091963475), np.float64(1.5728838840702268), 0, 0, 0, 0, np.float64(1.5320315402281208), np.float64(0.7755229328023104), np.float64(1.5603877054996773)]","[0, 0, 0, 0, 0, 0, 0, 0, 0, 0, 0, 0, 0, 0, 0, 0, 0, 0, 0, 0]","[0, 0, 0, 0, 0, 0, 0, 0, 0, 0, 0, 0, 0, 0, 0, 0, 0, 0, 0, 0]","[19.47079586982727, 19.726694107055664, 19.796786069869995, 20.164504766464233, 19.85853123664856, 19.721471071243286, 19.567901849746704, 19.694133281707764, 19.637099742889404, 19.623055934906006, 19.715620517730713, 19.719034910202026, 19.550146341323853, 19.56215786933899, 20.02017831802368, 19.757131576538086, 19.64681100845337, 19.629672288894653, 19.44821524620056, 19.286738395690918]"
95,70,5,0.7914708210587392,0.0,0.0,21.286839878559114,0.6717013441634433,0.0,0.0,"[0, np.float64(0.82530154621396), 0, np.float64(2.3169387512114117), np.float64(0.8274205774785625), 0, np.float64(0.7464794105283037), np.float64(1.6047631915490455), np.float64(1.5806123218045676), np.float64(1.513597782725521), 0, np.float64(0.8002835347085817), np.float64(0.8155875533499478), np.float64(0.8229637559215994), 0, np.float64(1.612367309585431), np.float64(0.8036472064507246), np.float64(0.7597399790222723), np.float64(0.7997135006248551), 0]","[0, 0, 0, 0, 0, 0, 0, 0, 0, 0, 0, 0, 0, 0, 0, 0, 0, 0, 0, 0]","[0, 0, 0, 0, 0, 0, 0, 0, 0, 0, 0, 0, 0, 0, 0, 0, 0, 0, 0, 0]","[21.341415882110596, 21.0250985622406, 21.325144052505493, 21.213306188583374, 21.37669324874878, 21.091517686843872, 20.98631715774536, 21.06272006034851, 21.38919162750244, 21.1850688457489, 21.57144808769226, 21.168102502822876, 21.290613412857056, 21.12267303466797, 22.699653148651123, 21.22780728340149, 21.05144691467285, 21.328349828720093, 21.17990732192993, 21.100322723388672]"
95,70,6,1.1658715010172904,0.0,0.0,22.856315195560455,0.9535545806523363,0.0,0.0,"[np.float64(0.8205855838182007), np.float64(0.8360412069562397), np.float64(1.7011175547252178), np.float64(0.8378493549805228), 0, np.float64(4.014433810253017), np.float64(0.8208105516639439), 0, np.float64(1.564153904994875), np.float64(0.8409242481900108), np.float64(1.4970682493927057), np.float64(1.6065714185271425), np.float64(0.8014836918892668), 0, np.float64(0.7862203182699069), 0, np.float64(1.656246744801724), np.float64(1.5347427617408564), np.float64(1.5684205778519433), np.float64(2.4307600422902342)]","[0, 0, 0, 0, 0, 0, 0, 0, 0, 0, 0, 0, 0, 0, 0, 0, 0, 0, 0, 0]","[0, 0, 0, 0, 0, 0, 0, 0, 0, 0, 0, 0, 0, 0, 0, 0, 0, 0, 0, 0]","[22.742547035217285, 23.902766704559326, 23.104694843292236, 23.375771284103394, 22.597678661346436, 22.76432514190674, 22.854530334472656, 22.92455530166626, 22.481385231018066, 22.774746417999268, 23.10664987564087, 22.594111442565918, 22.954179286956787, 22.54624032974243, 22.55630922317505, 22.977579593658447, 22.567881107330322, 22.792224645614624, 22.83365297317505, 22.674474477767944]"
100,60,4,0.0,0.0,0.0,27.808761298656464,0.0,0.0,0.0,"[0, 0, 0, 0, 0, 0, 0, 0, 0, 0, 0, 0, 0, 0, 0, 0, 0, 0, 0, 0]","[0, 0, 0, 0, 0, 0, 0, 0, 0, 0, 0, 0, 0, 0, 0, 0, 0, 0, 0, 0]","[0, 0, 0, 0, 0, 0, 0, 0, 0, 0, 0, 0, 0, 0, 0, 0, 0, 0, 0, 0]","[19.608869314193726, 19.498568534851074, 19.79808783531189, 19.775314807891846, 177.90913915634155, 19.757132053375244, 19.9618558883667, 20.11894154548645, 19.809613943099976, 19.979132890701294, 19.918437004089355, 19.917115688323975, 20.073115348815918, 19.540987730026245, 19.79663062095642, 20.067225456237793, 19.892763137817383, 19.86061954498291, 20.117428064346313, 20.774247407913208]"
100,60,5,0.0,0.0,0.0,21.318912315368653,0.0,0.0,0.0,"[0, 0, 0, 0, 0, 0, 0, 0, 0, 0, 0, 0, 0, 0, 0, 0, 0, 0, 0, 0]","[0, 0, 0, 0, 0, 0, 0, 0, 0, 0, 0, 0, 0, 0, 0, 0, 0, 0, 0, 0]","[0, 0, 0, 0, 0, 0, 0, 0, 0, 0, 0, 0, 0, 0, 0, 0, 0, 0, 0, 0]","[22.453218936920166, 21.234172821044922, 21.040088891983032, 21.160888195037842, 21.31351399421692, 21.41642713546753, 21.279360055923462, 21.142526865005493, 21.125471353530884, 21.04920792579651, 21.374944925308228, 21.20336651802063, 21.130640745162964, 21.67300248146057, 21.548394918441772, 21.172149896621704, 21.53295373916626, 21.405968189239502, 21.159915924072266, 20.962032794952393]"
100,60,6,0.0,0.0,0.0,22.932580041885377,0.0,0.0,0.0,"[0, 0, 0, 0, 0, 0, 0, 0, 0, 0, 0, 0, 0, 0, 0, 0, 0, 0, 0, 0]","[0, 0, 0, 0, 0, 0, 0, 0, 0, 0, 0, 0, 0, 0, 0, 0, 0, 0, 0, 0]","[0, 0, 0, 0, 0, 0, 0, 0, 0, 0, 0, 0, 0, 0, 0, 0, 0, 0, 0, 0]","[22.45150113105774, 22.675716400146484, 23.42970895767212, 22.929014682769775, 22.77142858505249, 23.11432433128357, 22.76335883140564, 23.26800274848938, 22.897308826446533, 22.881067276000977, 22.84811282157898, 22.872463941574097, 23.289686679840088, 22.761115789413452, 22.73281764984131, 22.873295783996582, 23.13549280166626, 22.85580015182495, 23.32631754875183, 22.775065898895264]"
100,65,4,0.0,0.0,0.0,19.78122948408127,0.0,0.0,0.0,"[0, 0, 0, 0, 0, 0, 0, 0, 0, 0, 0, 0, 0, 0, 0, 0, 0, 0, 0, 0]","[0, 0, 0, 0, 0, 0, 0, 0, 0, 0, 0, 0, 0, 0, 0, 0, 0, 0, 0, 0]","[0, 0, 0, 0, 0, 0, 0, 0, 0, 0, 0, 0, 0, 0, 0, 0, 0, 0, 0, 0]","[19.837833404541016, 19.935686588287354, 19.850303888320923, 19.732934713363647, 19.582504987716675, 19.76387357711792, 19.658276319503784, 19.57822608947754, 19.73554825782776, 19.81547451019287, 19.958663940429688, 19.624641180038452, 19.857281923294067, 19.753886222839355, 19.817777633666992, 20.49816918373108, 19.644407033920288, 19.734504222869873, 19.728637218475342, 19.515958786010742]"
100,65,5,0.0,0.0,0.0,21.272417747974394,0.0,0.0,0.0,"[0, 0, 0, 0, 0, 0, 0, 0, 0, 0, 0, 0, 0, 0, 0, 0, 0, 0, 0, 0]","[0, 0, 0, 0, 0, 0, 0, 0, 0, 0, 0, 0, 0, 0, 0, 0, 0, 0, 0, 0]","[0, 0, 0, 0, 0, 0, 0, 0, 0, 0, 0, 0, 0, 0, 0, 0, 0, 0, 0, 0]","[21.368557691574097, 21.260674238204956, 21.268299102783203, 21.400763511657715, 21.299073457717896, 21.389283657073975, 21.34984564781189, 21.074897527694702, 20.926430225372314, 21.104077100753784, 21.326017141342163, 21.603519916534424, 21.12609028816223, 21.034816026687622, 21.36208939552307, 21.169695377349854, 21.523520469665527, 21.55579400062561, 21.146211862564087, 21.158698320388794]"
100,65,6,0.0,0.0,0.0,22.819735562801363,0.0,0.0,0.0,"[0, 0, 0, 0, 0, 0, 0, 0, 0, 0, 0, 0, 0, 0, 0, 0, 0, 0, 0, 0]","[0, 0, 0, 0, 0, 0, 0, 0, 0, 0, 0, 0, 0, 0, 0, 0, 0, 0, 0, 0]","[0, 0, 0, 0, 0, 0, 0, 0, 0, 0, 0, 0, 0, 0, 0, 0, 0, 0, 0, 0]","[22.587982416152954, 23.02979278564453, 22.998030424118042, 22.650148391723633, 23.06623911857605, 22.92522692680359, 22.69594168663025, 22.85204839706421, 23.163670539855957, 22.384540557861328, 22.862433671951294, 22.93888783454895, 22.708451747894287, 22.89529824256897, 22.82458257675171, 22.788628578186035, 22.917214155197144, 22.754653930664062, 22.63739514350891, 22.713544130325317]"
100,70,4,0.0,0.0,0.0,19.590829300880433,0.0,0.0,0.0,"[0, 0, 0, 0, 0, 0, 0, 0, 0, 0, 0, 0, 0, 0, 0, 0, 0, 0, 0, 0]","[0, 0, 0, 0, 0, 0, 0, 0, 0, 0, 0, 0, 0, 0, 0, 0, 0, 0, 0, 0]","[0, 0, 0, 0, 0, 0, 0, 0, 0, 0, 0, 0, 0, 0, 0, 0, 0, 0, 0, 0]","[19.377320766448975, 19.268381595611572, 19.6649968624115, 19.5249080657959, 19.52771234512329, 19.432470321655273, 19.863913774490356, 19.667258501052856, 19.59756350517273, 19.46704912185669, 19.573256015777588, 19.611396312713623, 21.07827615737915, 19.482460021972656, 18.959332942962646, 19.614699125289917, 19.515057802200317, 19.385246515274048, 19.678658485412598, 19.526627779006958]"
100,70,5,0.0,0.0,0.0,29.666700994968416,0.0,0.0,0.0,"[0, 0, 0, 0, 0, 0, 0, 0, 0, 0, 0, 0, 0, 0, 0, 0, 0, 0, 0, 0]","[0, 0, 0, 0, 0, 0, 0, 0, 0, 0, 0, 0, 0, 0, 0, 0, 0, 0, 0, 0]","[0, 0, 0, 0, 0, 0, 0, 0, 0, 0, 0, 0, 0, 0, 0, 0, 0, 0, 0, 0]","[21.048190593719482, 21.1884663105011, 21.119654417037964, 21.113656282424927, 21.533470392227173, 21.33281636238098, 21.980772256851196, 21.067514419555664, 21.04270076751709, 21.092321634292603, 21.088688373565674, 21.407946825027466, 21.14349675178528, 20.88414216041565, 20.85763716697693, 20.97469925880432, 21.190606594085693, 20.924396753311157, 21.116591453552246, 191.2262511253357]"
100,70,6,0.0,0.0,0.0,22.907603800296783,0.0,0.0,0.0,"[0, 0, 0, 0, 0, 0, 0, 0, 0, 0, 0, 0, 0, 0, 0, 0, 0, 0, 0, 0]","[0, 0, 0, 0, 0, 0, 0, 0, 0, 0, 0, 0, 0, 0, 0, 0, 0, 0, 0, 0]","[0, 0, 0, 0, 0, 0, 0, 0, 0, 0, 0, 0, 0, 0, 0, 0, 0, 0, 0, 0]","[22.798738718032837, 22.973377466201782, 22.79138159751892, 22.34187078475952, 22.689239740371704, 22.693548679351807, 22.88250470161438, 22.940340518951416, 23.184162378311157, 23.283823490142822, 22.690807819366455, 23.188199758529663, 22.701031923294067, 23.091026782989502, 22.86931324005127, 22.56202220916748, 22.883620262145996, 23.528650760650635, 22.996353149414062, 23.06206202507019]"
